{
  "intents": [
    {
      "triggerQueries": [
        "Usar os holofotes para chamar a atenção de alguém durante uma reunião?"
      ],
      "dialogId": "new_topic_950f235e0cbc44c49543a0a90a340e34",
      "isTriggeringEnabled": true,
      "canTriggeringBeDisabled": true,
      "id": "new_topic_950f235e0cbc44c49543a0a90a340e34",
      "displayName": "Usar os holofotes para chamar a atenção de alguém durante uma reunião?",
      "description": "https://adoptbotv2kb.blob.core.windows.net/%24web/adoptbot2021-Portuguese (Portugal).docx",
      "createdTime": "2021-03-24T18:09:18.0653521Z",
      "updatedTime": "2021-03-25T09:13:00.3568299Z",
      "createdUserId": "478b1ca5-fac4-4940-bda1-873c551431ee",
      "updatedUserId": "478b1ca5-fac4-4940-bda1-873c551431ee",
      "versionNumber": 0,
      "componentId": "00000000-0000-0000-0000-000000000000"
    }
  ],
  "dialogs": [
    {
      "rootNodeId": "513be97f-2c63-41c9-8fc1-ba53048945b6",
      "messageNodes": [
        {
          "botMessageId": "e99b3a0b-d5c7-4a5e-81ec-bfd0fec743c7",
          "nodeType": "BotMessageNode",
          "id": "513be97f-2c63-41c9-8fc1-ba53048945b6",
          "defaultTargetNodeId": "43150b4e-4602-4432-b703-aa812e48c13b"
        }
      ],
      "dialogChangeNodes": [
        {
          "targetDialogId": "new_topic_ff75c3680c434d8cba423897663a537e_aeabea4d071f415c8c107e1cb7af5424_assumedsuccess",
          "nodeType": "DialogChangeNode",
          "id": "43150b4e-4602-4432-b703-aa812e48c13b"
        }
      ],
      "id": "new_topic_950f235e0cbc44c49543a0a90a340e34",
      "displayName": "Dialog for Usar os holofotes para chamar a atenção de alguém durante uma reunião?",
      "createdTime": "2021-03-24T18:09:18.0653521Z",
      "updatedTime": "2021-03-24T18:09:18.0653521Z",
      "createdUserId": "478b1ca5-fac4-4940-bda1-873c551431ee",
      "updatedUserId": "478b1ca5-fac4-4940-bda1-873c551431ee",
      "versionNumber": 0,
      "componentId": "00000000-0000-0000-0000-000000000000"
    }
  ],
  "botMessages": [
    {
      "channelContent": {
        "web": {
          "contentFormat": "Markdown",
          "content": "Chamar a atenção do vídeo de alguém é como prensá-lo para todos na  reunião.\r\n\r\nSe for um organizador ou apresentador, pode escolher que o vídeo de todos os utilizadores (incluindo o seu) deve ser o vídeo principal que os participantes  vêem.\r\n\r\nHá duas maneiras:\r\n\r\n- Clique com o botão direito no vídeo da pessoa e escolha Spotlight  no menu.\r\n- Também pode encontrar o nome da pessoaque pretende destacar no painel departicipantes. Clique com o direito ou toque no nome do participante e selecione  Spotlight . Quando estiver pronto para sair dos holofotes, clique com o botão direito novamente e selecione  Os holofotes de saída ."
        }
      },
      "id": "e99b3a0b-d5c7-4a5e-81ec-bfd0fec743c7",
      "createdTime": "2021-03-24T18:09:18.0653521Z",
      "updatedTime": "2021-03-24T18:09:18.0653521Z",
      "createdUserId": "478b1ca5-fac4-4940-bda1-873c551431ee",
      "updatedUserId": "478b1ca5-fac4-4940-bda1-873c551431ee",
      "versionNumber": 0,
      "componentId": "00000000-0000-0000-0000-000000000000"
    }
  ],
  "createdUtc": "0001-01-01T00:00:00Z"
}