{
  "intents": [
    {
      "triggerQueries": [
        "As reuniões das minhas equipas também aparecem no Outlook?"
      ],
      "dialogId": "new_topic_c96948fdb96c4d53a98561656cb56a9f",
      "isTriggeringEnabled": false,
      "id": "new_topic_c96948fdb96c4d53a98561656cb56a9f",
      "displayName": "As reuniões das minhas equipas também aparecem no Outlook?",
      "description": "https://myfirstbot5159226067.blob.core.windows.net/adoptbotpt/adoptbot2021-Portuguese (3).docx",
      "createdTime": "2021-04-07T18:37:12.8785774Z",
      "updatedTime": "2021-04-07T18:37:12.8785774Z",
      "createdUserId": "704dbbff-ed42-4ede-b8c8-2ac7c33773ac"
    }
  ],
  "dialogs": [
    {
      "rootNodeId": "5e53464b-b8b0-42b7-9c41-581fb1bba7ef",
      "messageNodes": [
        {
          "botMessageId": "4a70e15d-505b-4a25-a659-14e026e21d57",
          "nodeType": "BotMessageNode",
          "id": "5e53464b-b8b0-42b7-9c41-581fb1bba7ef",
          "defaultTargetNodeId": "fae5794d-1614-4e5e-b992-0ef775335ca8"
        }
      ],
      "dialogChangeNodes": [
        {
          "targetDialogId": "new_topic_f47de1d400dd44789efae4b80b274492_aeabea4d071f415c8c107e1cb7af5424_assumedsuccess",
          "nodeType": "DialogChangeNode",
          "id": "fae5794d-1614-4e5e-b992-0ef775335ca8"
        }
      ],
      "id": "new_topic_c96948fdb96c4d53a98561656cb56a9f",
      "displayName": "Dialog for As reuniões das minhas equipas também aparecem no Outlook?",
      "createdTime": "2021-04-07T18:37:12.8785774Z",
      "updatedTime": "2021-04-07T18:37:12.8785774Z",
      "createdUserId": "704dbbff-ed42-4ede-b8c8-2ac7c33773ac",
      "updatedUserId": "704dbbff-ed42-4ede-b8c8-2ac7c33773ac"
    }
  ],
  "botMessages": [
    {
      "channelContent": {
        "web": {
          "contentFormat": "Markdown",
          "content": "Se agendar uma reunião em Equipas, aparece em \" Calendário \" em Equipas e no seu calendário Outlook.\r\n\r\nPlease note: O calendário outlook é usado tanto para equipas como para outlook"
        }
      },
      "id": "4a70e15d-505b-4a25-a659-14e026e21d57",
      "createdTime": "2021-04-07T18:37:12.8785774Z",
      "updatedTime": "2021-04-07T18:37:12.8785774Z",
      "createdUserId": "704dbbff-ed42-4ede-b8c8-2ac7c33773ac",
      "updatedUserId": "704dbbff-ed42-4ede-b8c8-2ac7c33773ac"
    }
  ],
  "createdUtc": "0001-01-01T00:00:00Z"
}