{
  "intents": [
    {
      "triggerQueries": [
        "Um utilizador pode ter uma iD de conferência pessoal?"
      ],
      "dialogId": "new_topic_77651c82623040d59ef5b4d59c2fe3a0",
      "isTriggeringEnabled": true,
      "canTriggeringBeDisabled": true,
      "id": "new_topic_77651c82623040d59ef5b4d59c2fe3a0",
      "displayName": "Um utilizador pode ter uma iD de conferência pessoal?",
      "description": "https://adoptbotv2kb.blob.core.windows.net/%24web/adoptbot2021-Portuguese (Portugal).docx",
      "createdTime": "2021-03-24T18:09:18.0583447Z",
      "updatedTime": "2021-03-25T09:13:42.8152695Z",
      "createdUserId": "478b1ca5-fac4-4940-bda1-873c551431ee",
      "updatedUserId": "478b1ca5-fac4-4940-bda1-873c551431ee",
      "versionNumber": 0,
      "componentId": "00000000-0000-0000-0000-000000000000"
    }
  ],
  "dialogs": [
    {
      "rootNodeId": "95d3c33b-d50f-495a-9474-de46bffdc8bc",
      "messageNodes": [
        {
          "botMessageId": "7beaa747-a93c-444d-b11a-39c8f9a599ab",
          "nodeType": "BotMessageNode",
          "id": "95d3c33b-d50f-495a-9474-de46bffdc8bc",
          "defaultTargetNodeId": "720b8476-c335-4f97-9786-c8ae1d01371e"
        }
      ],
      "dialogChangeNodes": [
        {
          "targetDialogId": "new_topic_ff75c3680c434d8cba423897663a537e_aeabea4d071f415c8c107e1cb7af5424_assumedsuccess",
          "nodeType": "DialogChangeNode",
          "id": "720b8476-c335-4f97-9786-c8ae1d01371e"
        }
      ],
      "id": "new_topic_77651c82623040d59ef5b4d59c2fe3a0",
      "displayName": "Dialog for Um utilizador pode ter uma iD de conferência pessoal?",
      "createdTime": "2021-03-24T18:09:18.0583447Z",
      "updatedTime": "2021-03-24T18:09:18.0583447Z",
      "createdUserId": "478b1ca5-fac4-4940-bda1-873c551431ee",
      "updatedUserId": "478b1ca5-fac4-4940-bda1-873c551431ee",
      "versionNumber": 0,
      "componentId": "00000000-0000-0000-0000-000000000000"
    }
  ],
  "botMessages": [
    {
      "channelContent": {
        "web": {
          "contentFormat": "Markdown",
          "content": "Os utilizadores da Microsoft Teams serão atribuídos aleatoriamentea conferenciar  IDs e não podem reservar ou introduzir um ID de conferência estática que só eles podem usar."
        }
      },
      "id": "7beaa747-a93c-444d-b11a-39c8f9a599ab",
      "createdTime": "2021-03-24T18:09:18.0583447Z",
      "updatedTime": "2021-03-24T18:09:18.0583447Z",
      "createdUserId": "478b1ca5-fac4-4940-bda1-873c551431ee",
      "updatedUserId": "478b1ca5-fac4-4940-bda1-873c551431ee",
      "versionNumber": 0,
      "componentId": "00000000-0000-0000-0000-000000000000"
    }
  ],
  "createdUtc": "0001-01-01T00:00:00Z"
}