{
  "intents": [
    {
      "triggerQueries": [
        "O que são aplicativos em Equipas e por que devo usá-los?"
      ],
      "dialogId": "new_topic_d1de0b4a6ad9467da5880557f5dc66ab",
      "isTriggeringEnabled": true,
      "canTriggeringBeDisabled": true,
      "id": "new_topic_d1de0b4a6ad9467da5880557f5dc66ab",
      "displayName": "O que são aplicativos em Equipas e por que devo usá-los?",
      "description": "https://adoptbotv2kb.blob.core.windows.net/%24web/adoptbot2021-Portuguese (Portugal).docx",
      "createdTime": "2021-03-24T18:09:18.0573466Z",
      "updatedTime": "2021-03-25T09:13:57.8372716Z",
      "createdUserId": "478b1ca5-fac4-4940-bda1-873c551431ee",
      "updatedUserId": "478b1ca5-fac4-4940-bda1-873c551431ee",
      "versionNumber": 0,
      "componentId": "00000000-0000-0000-0000-000000000000"
    }
  ],
  "dialogs": [
    {
      "rootNodeId": "11bded79-a9a3-4110-b1ef-508e1fa0bfa2",
      "messageNodes": [
        {
          "botMessageId": "48eeb67f-e138-4f6a-9492-81d02c7626f2",
          "nodeType": "BotMessageNode",
          "id": "11bded79-a9a3-4110-b1ef-508e1fa0bfa2",
          "defaultTargetNodeId": "3f2fa082-8bcc-4f58-9216-eb0a4a6427b5"
        }
      ],
      "dialogChangeNodes": [
        {
          "targetDialogId": "new_topic_ff75c3680c434d8cba423897663a537e_aeabea4d071f415c8c107e1cb7af5424_assumedsuccess",
          "nodeType": "DialogChangeNode",
          "id": "3f2fa082-8bcc-4f58-9216-eb0a4a6427b5"
        }
      ],
      "id": "new_topic_d1de0b4a6ad9467da5880557f5dc66ab",
      "displayName": "Dialog for O que são aplicativos em Equipas e por que devo usá-los?",
      "createdTime": "2021-03-24T18:09:18.0573466Z",
      "updatedTime": "2021-03-24T18:09:18.0573466Z",
      "createdUserId": "478b1ca5-fac4-4940-bda1-873c551431ee",
      "updatedUserId": "478b1ca5-fac4-4940-bda1-873c551431ee",
      "versionNumber": 0,
      "componentId": "00000000-0000-0000-0000-000000000000"
    }
  ],
  "botMessages": [
    {
      "channelContent": {
        "web": {
          "contentFormat": "Markdown",
          "content": "As aplicações ajudam-no a encontrar conteúdo dos seus serviços favoritos e a partilhá-lo em Equipas. Eis como:\r\n\r\nConversar com um bot\r\n\r\nOs bots fornecem respostas, atualizações e assistência num canal. Você pode conversar com eles para obter ajuda com a gestão de tarefas, agendamento, e muito mais.\r\n\r\nPartilhar conteúdo num separador\r\n\r\nOs separadores ajudam-no a partilhar conteúdo e funcionalidade a partir de um serviço num canal. Conecte-se a serviços como Excel, SharePoint, Zendesk ou um site à sua escolha.\r\n\r\nObtenha atualizações de um conector\r\n\r\nOs conectores enviam atualizações e informações diretamente para um canal. Obtenha atualizações automáticas de serviços como Twitter, feeds RSS e GitHub.\r\n\r\nAdicione conteúdo rico às suas mensagens\r\n\r\nEstas aplicações encontram conteúdo de diferentes serviços e enviam-no diretamente para uma mensagem. Pode partilhar coisas como relatórios meteorológicos, notícias diárias, imagens e vídeos com qualquer um com quem esteja a falar.\r\n\r\nObter ou fazer uma aplicação\r\n\r\nVá à Loja para [adicionar um bot, separador, conector ou app de mensagens](https://support.microsoft.com/en-us/office/add-an-app-to-microsoft-teams-b2217706-f7ed-4e64-8e96-c413afd02f77)às Equipas. Se estiver interessado, pode até[construir a sua própria aplicação](https://aka.ms/microsoftteamsplatform) personalizada."
        }
      },
      "id": "48eeb67f-e138-4f6a-9492-81d02c7626f2",
      "createdTime": "2021-03-24T18:09:18.0573466Z",
      "updatedTime": "2021-03-24T18:09:18.0573466Z",
      "createdUserId": "478b1ca5-fac4-4940-bda1-873c551431ee",
      "updatedUserId": "478b1ca5-fac4-4940-bda1-873c551431ee",
      "versionNumber": 0,
      "componentId": "00000000-0000-0000-0000-000000000000"
    }
  ],
  "createdUtc": "0001-01-01T00:00:00Z"
}