{
  "intents": [
    {
      "triggerQueries": [
        "Onde posso encontrar as últimas notícias sobre equipas?"
      ],
      "dialogId": "new_topic_0a8aed84d51c41cf85a24aac372bfd2b",
      "isTriggeringEnabled": true,
      "canTriggeringBeDisabled": true,
      "id": "new_topic_0a8aed84d51c41cf85a24aac372bfd2b",
      "displayName": "Onde posso encontrar as últimas notícias sobre equipas?",
      "description": "https://adoptbotv2kb.blob.core.windows.net/%24web/adoptbot2021-Portuguese (Portugal).docx",
      "createdTime": "2021-03-24T18:09:18.0653521Z",
      "updatedTime": "2021-03-25T09:13:28.5192Z",
      "createdUserId": "478b1ca5-fac4-4940-bda1-873c551431ee",
      "updatedUserId": "478b1ca5-fac4-4940-bda1-873c551431ee",
      "versionNumber": 0,
      "componentId": "00000000-0000-0000-0000-000000000000"
    }
  ],
  "dialogs": [
    {
      "rootNodeId": "6192a542-03e4-429f-a6ff-6fb122af11d9",
      "messageNodes": [
        {
          "botMessageId": "6ca570e0-c662-446f-9d9f-ab9edfcb0367",
          "nodeType": "BotMessageNode",
          "id": "6192a542-03e4-429f-a6ff-6fb122af11d9",
          "defaultTargetNodeId": "c8af0ff0-64e2-4fca-8c02-f86172425294"
        }
      ],
      "dialogChangeNodes": [
        {
          "targetDialogId": "new_topic_ff75c3680c434d8cba423897663a537e_aeabea4d071f415c8c107e1cb7af5424_assumedsuccess",
          "nodeType": "DialogChangeNode",
          "id": "c8af0ff0-64e2-4fca-8c02-f86172425294"
        }
      ],
      "id": "new_topic_0a8aed84d51c41cf85a24aac372bfd2b",
      "displayName": "Dialog for Onde posso encontrar as últimas notícias sobre equipas?",
      "createdTime": "2021-03-24T18:09:18.0653521Z",
      "updatedTime": "2021-03-24T18:09:18.0653521Z",
      "createdUserId": "478b1ca5-fac4-4940-bda1-873c551431ee",
      "updatedUserId": "478b1ca5-fac4-4940-bda1-873c551431ee",
      "versionNumber": 0,
      "componentId": "00000000-0000-0000-0000-000000000000"
    }
  ],
  "botMessages": [
    {
      "channelContent": {
        "web": {
          "contentFormat": "Markdown",
          "content": "Ainda bem que estácurioso.  Basta escrever \" /Notícias \" na caixa de pesquisa da  equipa!\r\n\r\nTambém pode clicar no botão Ajuda em Equipas e selecionar \"What's  new\".\r\n\r\nPorfavor, não ote! A sua organização pode ter optado por desativar  algumas  funcionalidades.\r\n\r\n[Todas as novas funcionalidades ativadas também são publicadas continuamente aqui](https://support.microsoft.com/en-us/office/nyheter-i-microsoft-teams-d7092a6d-c896-424c-b362-a472d5f105de) na web\r\n\r\nEscolha para que dispositivo quer ver novidades."
        }
      },
      "id": "6ca570e0-c662-446f-9d9f-ab9edfcb0367",
      "createdTime": "2021-03-24T18:09:18.0653521Z",
      "updatedTime": "2021-03-24T18:09:18.0653521Z",
      "createdUserId": "478b1ca5-fac4-4940-bda1-873c551431ee",
      "updatedUserId": "478b1ca5-fac4-4940-bda1-873c551431ee",
      "versionNumber": 0,
      "componentId": "00000000-0000-0000-0000-000000000000"
    }
  ],
  "createdUtc": "0001-01-01T00:00:00Z"
}