{
  "intents": [
    {
      "triggerQueries": [
        "Quem pode assistir a uma conferência telefónica? E quem posso ouvir?"
      ],
      "dialogId": "new_topic_36fa079233bc4bd6a252444c3f3d1cfd",
      "isTriggeringEnabled": true,
      "canTriggeringBeDisabled": true,
      "id": "new_topic_36fa079233bc4bd6a252444c3f3d1cfd",
      "displayName": "Quem pode assistir a uma conferência telefónica? E quem posso ouvir?",
      "description": "https://adoptbotv2kb.blob.core.windows.net/%24web/adoptbot2021-Portuguese (Portugal).docx",
      "createdTime": "2021-03-24T18:09:18.0583447Z",
      "updatedTime": "2021-03-25T09:13:31.9484869Z",
      "createdUserId": "478b1ca5-fac4-4940-bda1-873c551431ee",
      "updatedUserId": "478b1ca5-fac4-4940-bda1-873c551431ee",
      "versionNumber": 0,
      "componentId": "00000000-0000-0000-0000-000000000000"
    }
  ],
  "dialogs": [
    {
      "rootNodeId": "9549cd46-e44f-46b8-85ef-e563dd1d01b6",
      "messageNodes": [
        {
          "botMessageId": "6cbf0ee2-86d2-432c-803a-a339d1b0795d",
          "nodeType": "BotMessageNode",
          "id": "9549cd46-e44f-46b8-85ef-e563dd1d01b6",
          "defaultTargetNodeId": "0f2ebe47-7c94-4452-9a9d-7fb6a8a1dccb"
        }
      ],
      "dialogChangeNodes": [
        {
          "targetDialogId": "new_topic_ff75c3680c434d8cba423897663a537e_aeabea4d071f415c8c107e1cb7af5424_assumedsuccess",
          "nodeType": "DialogChangeNode",
          "id": "0f2ebe47-7c94-4452-9a9d-7fb6a8a1dccb"
        }
      ],
      "id": "new_topic_36fa079233bc4bd6a252444c3f3d1cfd",
      "displayName": "Dialog for Quem pode assistir a uma conferência telefónica? E quem posso ouvir?",
      "createdTime": "2021-03-24T18:09:18.0583447Z",
      "updatedTime": "2021-03-24T18:09:18.0583447Z",
      "createdUserId": "478b1ca5-fac4-4940-bda1-873c551431ee",
      "updatedUserId": "478b1ca5-fac4-4940-bda1-873c551431ee",
      "versionNumber": 0,
      "componentId": "00000000-0000-0000-0000-000000000000"
    }
  ],
  "botMessages": [
    {
      "channelContent": {
        "web": {
          "contentFormat": "Markdown",
          "content": "Qualquer pessoa que tenha o número de marcação e iD da conferência pode juntar-se a uma reunião das Equipas da Microsoft, a menos que o organizador da reunião tenha bloqueado a reunião.\r\n\r\nQuer esteja a ligar usando um telefone ou as aplicações da Microsoft Teams, poderá ouvir todos os outros na chamada, e eles podem ouvi-lo. O organizador do encontro tem a capacidade de silenciar os participantes se não quiserem ouvi-los."
        }
      },
      "id": "6cbf0ee2-86d2-432c-803a-a339d1b0795d",
      "createdTime": "2021-03-24T18:09:18.0583447Z",
      "updatedTime": "2021-03-24T18:09:18.0583447Z",
      "createdUserId": "478b1ca5-fac4-4940-bda1-873c551431ee",
      "updatedUserId": "478b1ca5-fac4-4940-bda1-873c551431ee",
      "versionNumber": 0,
      "componentId": "00000000-0000-0000-0000-000000000000"
    }
  ],
  "createdUtc": "0001-01-01T00:00:00Z"
}