{
  "intents": [
    {
      "triggerQueries": [
        "Como retiro alguém de uma conversa de grupo?"
      ],
      "dialogId": "new_topic_23fea76ea3d749a6887d75d28f8908b8",
      "isTriggeringEnabled": true,
      "canTriggeringBeDisabled": true,
      "id": "new_topic_23fea76ea3d749a6887d75d28f8908b8",
      "displayName": "Como retiro alguém de uma conversa de grupo?",
      "description": "https://adoptbotv2kb.blob.core.windows.net/%24web/adoptbot2021-Portuguese (Portugal).docx",
      "createdTime": "2021-03-24T18:09:18.0573466Z",
      "updatedTime": "2021-03-25T09:13:52.4380493Z",
      "createdUserId": "478b1ca5-fac4-4940-bda1-873c551431ee",
      "updatedUserId": "478b1ca5-fac4-4940-bda1-873c551431ee",
      "versionNumber": 0,
      "componentId": "00000000-0000-0000-0000-000000000000"
    }
  ],
  "dialogs": [
    {
      "rootNodeId": "e6f20d81-3a1b-4813-8b0a-4859830c6530",
      "messageNodes": [
        {
          "botMessageId": "aa9a1e69-5e49-4b5d-92c1-f82451316f79",
          "nodeType": "BotMessageNode",
          "id": "e6f20d81-3a1b-4813-8b0a-4859830c6530",
          "defaultTargetNodeId": "0f9a9893-d6b9-471b-a413-6d1b07ba1a81"
        }
      ],
      "dialogChangeNodes": [
        {
          "targetDialogId": "new_topic_ff75c3680c434d8cba423897663a537e_aeabea4d071f415c8c107e1cb7af5424_assumedsuccess",
          "nodeType": "DialogChangeNode",
          "id": "0f9a9893-d6b9-471b-a413-6d1b07ba1a81"
        }
      ],
      "id": "new_topic_23fea76ea3d749a6887d75d28f8908b8",
      "displayName": "Dialog for Como retiro alguém de uma conversa de grupo?",
      "createdTime": "2021-03-24T18:09:18.0573466Z",
      "updatedTime": "2021-03-24T18:09:18.0573466Z",
      "createdUserId": "478b1ca5-fac4-4940-bda1-873c551431ee",
      "updatedUserId": "478b1ca5-fac4-4940-bda1-873c551431ee",
      "versionNumber": 0,
      "componentId": "00000000-0000-0000-0000-000000000000"
    }
  ],
  "botMessages": [
    {
      "channelContent": {
        "web": {
          "contentFormat": "Markdown",
          "content": "Você pode [deixar uma conversa de grupo ou remover outros dele.](https://support.microsoft.com/en-us/office/l%c3%a4mna-eller-ta-bort-n%c3%a5gon-fr%c3%a5n-en-gruppchatt-7db55a67-0ba4-4409-a399-5ed502a1d094?ui=en-us&rs=en-us&ad=se)\r\n\r\n1. Abra uma conversa de grupo com três ou mais pessoas.\r\n2. Clique no número de membros e, em seguida, paire sobre a pessoa que pretende remover.\r\n3. Selecione X  e confirme que deseja remover o participante do chat."
        }
      },
      "id": "aa9a1e69-5e49-4b5d-92c1-f82451316f79",
      "createdTime": "2021-03-24T18:09:18.0573466Z",
      "updatedTime": "2021-03-24T18:09:18.0573466Z",
      "createdUserId": "478b1ca5-fac4-4940-bda1-873c551431ee",
      "updatedUserId": "478b1ca5-fac4-4940-bda1-873c551431ee",
      "versionNumber": 0,
      "componentId": "00000000-0000-0000-0000-000000000000"
    }
  ],
  "createdUtc": "0001-01-01T00:00:00Z"
}