{
  "intents": [
    {
      "triggerQueries": [
        "Qual é a diferença entre uma equipa e um canal?"
      ],
      "dialogId": "new_topic_a678f10cd01741f8950b274795a8ac07",
      "isTriggeringEnabled": false,
      "id": "new_topic_a678f10cd01741f8950b274795a8ac07",
      "displayName": "Qual é a diferença entre uma equipa e um canal?",
      "description": "https://myfirstbot5159226067.blob.core.windows.net/adoptbotpt/adoptbot2021-Portuguese (3).docx",
      "createdTime": "2021-04-07T18:37:12.8785774Z",
      "updatedTime": "2021-04-07T18:37:12.8785774Z",
      "createdUserId": "704dbbff-ed42-4ede-b8c8-2ac7c33773ac"
    }
  ],
  "dialogs": [
    {
      "rootNodeId": "c656bbc8-a4e0-4ab3-bd1f-859b9070b1b1",
      "messageNodes": [
        {
          "botMessageId": "50be0ede-a4ea-4391-acc7-ac0cb69eb866",
          "nodeType": "BotMessageNode",
          "id": "c656bbc8-a4e0-4ab3-bd1f-859b9070b1b1",
          "defaultTargetNodeId": "1900ad12-4fe9-46ca-a6fd-3fc315f8b2bb"
        }
      ],
      "dialogChangeNodes": [
        {
          "targetDialogId": "new_topic_f47de1d400dd44789efae4b80b274492_aeabea4d071f415c8c107e1cb7af5424_assumedsuccess",
          "nodeType": "DialogChangeNode",
          "id": "1900ad12-4fe9-46ca-a6fd-3fc315f8b2bb"
        }
      ],
      "id": "new_topic_a678f10cd01741f8950b274795a8ac07",
      "displayName": "Dialog for Qual é a diferença entre uma equipa e um canal?",
      "createdTime": "2021-04-07T18:37:12.8785774Z",
      "updatedTime": "2021-04-07T18:37:12.8785774Z",
      "createdUserId": "704dbbff-ed42-4ede-b8c8-2ac7c33773ac",
      "updatedUserId": "704dbbff-ed42-4ede-b8c8-2ac7c33773ac"
    }
  ],
  "botMessages": [
    {
      "channelContent": {
        "web": {
          "contentFormat": "Markdown",
          "content": "Uma equipa é um grupo de pessoas reunidas para fazer algo grande na sua organização. Às vezes é toda a sua organização.\r\n\r\nUma equipa é composta por canais, onde colabora e comunica com os membros da sua  equipa.Cada canal é dedicado a um tópico específico, departamento ou projeto.\r\n\r\nPor exemplo, uma  equipa pode ter o canal geral, consultas diárias, reuniões equipa  e  mais canais. Todas as conversas, reuniões, ficheiros e aplicações no canal \"consultas diárias” estarão apenas relacionados com este tópico, e tudo nesse canal é visível para todos  na  sua  equipa.\r\n\r\nOs canais são onde o trabalho realmente é realizado, onde [conversas de texto, áudio e vídeo](https://support.microsoft.com/en-us/office/meetings-in-teams-e0b0ae21-53ee-4462-a50d-ca9b9e217b67) para toda a equipa ocorrem  abertamente, onde os ficheiros são partilhados, e onde as [aplicações são adicionadas.](https://support.microsoft.com/en-us/office/add-an-app-to-microsoft-teams-b2217706-f7ed-4e64-8e96-c413afd02f77)"
        }
      },
      "id": "50be0ede-a4ea-4391-acc7-ac0cb69eb866",
      "createdTime": "2021-04-07T18:37:12.8785774Z",
      "updatedTime": "2021-04-07T18:37:12.8785774Z",
      "createdUserId": "704dbbff-ed42-4ede-b8c8-2ac7c33773ac",
      "updatedUserId": "704dbbff-ed42-4ede-b8c8-2ac7c33773ac"
    }
  ],
  "createdUtc": "0001-01-01T00:00:00Z"
}