{
  "intents": [
    {
      "triggerQueries": [
        "Qual é a diferença entre uma equipa e um canal?"
      ],
      "dialogId": "new_topic_cde07d32d5f0423293dfa1f3d09c91b8",
      "isTriggeringEnabled": true,
      "canTriggeringBeDisabled": true,
      "id": "new_topic_cde07d32d5f0423293dfa1f3d09c91b8",
      "displayName": "Qual é a diferença entre uma equipa e um canal?",
      "description": "https://adoptbotv2kb.blob.core.windows.net/%24web/adoptbot2021-Portuguese (Portugal).docx",
      "createdTime": "2021-03-24T18:09:18.0573466Z",
      "updatedTime": "2021-03-25T09:13:38.6392794Z",
      "createdUserId": "478b1ca5-fac4-4940-bda1-873c551431ee",
      "updatedUserId": "478b1ca5-fac4-4940-bda1-873c551431ee",
      "versionNumber": 0,
      "componentId": "00000000-0000-0000-0000-000000000000"
    }
  ],
  "dialogs": [
    {
      "rootNodeId": "511a3077-7439-4b58-a300-01ed057e40fe",
      "messageNodes": [
        {
          "botMessageId": "e69c11a7-ab26-476f-a2e2-aadc1019da30",
          "nodeType": "BotMessageNode",
          "id": "511a3077-7439-4b58-a300-01ed057e40fe",
          "defaultTargetNodeId": "720bf13f-365d-45d6-8311-a42038427036"
        }
      ],
      "dialogChangeNodes": [
        {
          "targetDialogId": "new_topic_ff75c3680c434d8cba423897663a537e_aeabea4d071f415c8c107e1cb7af5424_assumedsuccess",
          "nodeType": "DialogChangeNode",
          "id": "720bf13f-365d-45d6-8311-a42038427036"
        }
      ],
      "id": "new_topic_cde07d32d5f0423293dfa1f3d09c91b8",
      "displayName": "Dialog for Qual é a diferença entre uma equipa e um canal?",
      "createdTime": "2021-03-24T18:09:18.0573466Z",
      "updatedTime": "2021-03-24T18:09:18.0573466Z",
      "createdUserId": "478b1ca5-fac4-4940-bda1-873c551431ee",
      "updatedUserId": "478b1ca5-fac4-4940-bda1-873c551431ee",
      "versionNumber": 0,
      "componentId": "00000000-0000-0000-0000-000000000000"
    }
  ],
  "botMessages": [
    {
      "channelContent": {
        "web": {
          "contentFormat": "Markdown",
          "content": "Uma equipa é um grupo de pessoas reunidas para fazer algo grande na sua organização. Às vezes é toda a sua organização.\r\n\r\nUma equipa é composta por canais, onde colabora e comunica com os membros da sua  equipa.Cada canal é dedicado a um tópico específico, departamento ou projeto.\r\n\r\nPor exemplo, uma  equipa pode ter general, marketing, inspiração  e  mais canais. Todas as conversas, reuniões, ficheiros e aplicações no seu canal de marketing têm a ver com marketing, e tudo nesse canal é visível para todos  na  sua  equipa.\r\n\r\nOs canais são onde o trabalho realmente é feito, onde [conversas de texto, áudio e vídeo](https://support.microsoft.com/en-us/office/meetings-in-teams-e0b0ae21-53ee-4462-a50d-ca9b9e217b67) para toda a equipa ocorrem  abertamente, onde os ficheiros são partilhados, e onde as [aplicações são adicionadas.](https://support.microsoft.com/en-us/office/add-an-app-to-microsoft-teams-b2217706-f7ed-4e64-8e96-c413afd02f77)\r\n\r\nEnquanto as conversas de canal são públicas, as conversas são apenas entre si e outra pessoa (ou um grupo de pessoas). Pense neles como mensagens instantâneas no Skype para negócios ou outras aplicações de mensagens."
        }
      },
      "id": "e69c11a7-ab26-476f-a2e2-aadc1019da30",
      "createdTime": "2021-03-24T18:09:18.0573466Z",
      "updatedTime": "2021-03-24T18:09:18.0573466Z",
      "createdUserId": "478b1ca5-fac4-4940-bda1-873c551431ee",
      "updatedUserId": "478b1ca5-fac4-4940-bda1-873c551431ee",
      "versionNumber": 0,
      "componentId": "00000000-0000-0000-0000-000000000000"
    }
  ],
  "createdUtc": "0001-01-01T00:00:00Z"
}