{
  "intents": [
    {
      "triggerQueries": [
        "Quem pode criar eventos ao vivo?"
      ],
      "dialogId": "new_topic_8365e834ad034213b505871aded4c3f8",
      "isTriggeringEnabled": true,
      "canTriggeringBeDisabled": true,
      "id": "new_topic_8365e834ad034213b505871aded4c3f8",
      "displayName": "Quem pode criar eventos ao vivo?",
      "description": "https://adoptbotv2kb.blob.core.windows.net/%24web/adoptbot2021-Portuguese (Portugal).docx",
      "createdTime": "2021-03-24T18:09:18.0653521Z",
      "updatedTime": "2021-03-25T09:13:01.9424071Z",
      "createdUserId": "478b1ca5-fac4-4940-bda1-873c551431ee",
      "updatedUserId": "478b1ca5-fac4-4940-bda1-873c551431ee",
      "versionNumber": 0,
      "componentId": "00000000-0000-0000-0000-000000000000"
    }
  ],
  "dialogs": [
    {
      "rootNodeId": "1861fb8b-b509-41f6-a780-3a0ef959e4d6",
      "messageNodes": [
        {
          "botMessageId": "1f589200-bad7-4b6f-b149-ea52956d96ac",
          "nodeType": "BotMessageNode",
          "id": "1861fb8b-b509-41f6-a780-3a0ef959e4d6",
          "defaultTargetNodeId": "3954c678-dee1-4a88-a9cf-e8cc8423ba5b"
        }
      ],
      "dialogChangeNodes": [
        {
          "targetDialogId": "new_topic_ff75c3680c434d8cba423897663a537e_aeabea4d071f415c8c107e1cb7af5424_assumedsuccess",
          "nodeType": "DialogChangeNode",
          "id": "3954c678-dee1-4a88-a9cf-e8cc8423ba5b"
        }
      ],
      "id": "new_topic_8365e834ad034213b505871aded4c3f8",
      "displayName": "Dialog for Quem pode criar eventos ao vivo?",
      "createdTime": "2021-03-24T18:09:18.0653521Z",
      "updatedTime": "2021-03-24T18:09:18.0653521Z",
      "createdUserId": "478b1ca5-fac4-4940-bda1-873c551431ee",
      "updatedUserId": "478b1ca5-fac4-4940-bda1-873c551431ee",
      "versionNumber": 0,
      "componentId": "00000000-0000-0000-0000-000000000000"
    }
  ],
  "botMessages": [
    {
      "channelContent": {
        "web": {
          "contentFormat": "Markdown",
          "content": "Para criar um evento ao\r\n\r\nvivo, uma pessoa precisa de ter o seguinte: Uma licença Microsoft/Office 365 Enterprise E3/A3,ou E5/A5.\r\n\r\n(O seu administrador de TI pode fornecer mais informações)\r\n\r\nEm seguida, é necessário o seguinte:\r\n\r\n- Permissão para criar eventos ao vivo nas Equipas da Microsoft  admincentrar.\r\n\r\n- Permissão para criar eventos ao vivo no Microsoft Stream (para eventos produzidos com uma aplicação ou equipamento de transmissão externa).\r\n\r\n- Membro completo da equipa na organização (não pode ser hóspede ou de outra org).\r\n\r\n- Private agendamento  dereuniões, partilha de ecrãs e partilha de vídeos IP, ligado na política de reuniões de equipas.\r\n\r\nMais detalhespodem ser encontrados aqui:[Começar com eventos ao vivo da Microsoft Teams](https://support.microsoft.com/en-us/office/get-started-with-microsoft-teams-live-events-d077fec2-a058-483e-9ab5-1494afda578a)"
        }
      },
      "id": "1f589200-bad7-4b6f-b149-ea52956d96ac",
      "createdTime": "2021-03-24T18:09:18.0653521Z",
      "updatedTime": "2021-03-24T18:09:18.0653521Z",
      "createdUserId": "478b1ca5-fac4-4940-bda1-873c551431ee",
      "updatedUserId": "478b1ca5-fac4-4940-bda1-873c551431ee",
      "versionNumber": 0,
      "componentId": "00000000-0000-0000-0000-000000000000"
    }
  ],
  "createdUtc": "0001-01-01T00:00:00Z"
}