{
  "intents": [
    {
      "triggerQueries": [
        "O que é a Microsoft 365?"
      ],
      "dialogId": "new_topic_22a535c3a85d47f5856b1e36bac06326",
      "isTriggeringEnabled": true,
      "canTriggeringBeDisabled": true,
      "id": "new_topic_22a535c3a85d47f5856b1e36bac06326",
      "displayName": "O que é a Microsoft 365?",
      "description": "https://adoptbotv2kb.blob.core.windows.net/%24web/adoptbot2021-Portuguese (Portugal).docx",
      "createdTime": "2021-03-24T18:09:18.0573466Z",
      "updatedTime": "2021-03-25T09:14:39.8417565Z",
      "createdUserId": "478b1ca5-fac4-4940-bda1-873c551431ee",
      "updatedUserId": "478b1ca5-fac4-4940-bda1-873c551431ee",
      "versionNumber": 0,
      "componentId": "00000000-0000-0000-0000-000000000000"
    }
  ],
  "dialogs": [
    {
      "rootNodeId": "943f28be-ad35-41b6-9f47-6bb87f92374d",
      "messageNodes": [
        {
          "botMessageId": "60bd8fbe-a2a6-40f3-a0c0-f98d08a39b02",
          "nodeType": "BotMessageNode",
          "id": "943f28be-ad35-41b6-9f47-6bb87f92374d",
          "defaultTargetNodeId": "58c6b0b9-cf11-4907-b1e2-db5f380b98a4"
        }
      ],
      "dialogChangeNodes": [
        {
          "targetDialogId": "new_topic_ff75c3680c434d8cba423897663a537e_aeabea4d071f415c8c107e1cb7af5424_assumedsuccess",
          "nodeType": "DialogChangeNode",
          "id": "58c6b0b9-cf11-4907-b1e2-db5f380b98a4"
        }
      ],
      "id": "new_topic_22a535c3a85d47f5856b1e36bac06326",
      "displayName": "Dialog for O que é a Microsoft 365?",
      "createdTime": "2021-03-24T18:09:18.0573466Z",
      "updatedTime": "2021-03-24T18:09:18.0573466Z",
      "createdUserId": "478b1ca5-fac4-4940-bda1-873c551431ee",
      "updatedUserId": "478b1ca5-fac4-4940-bda1-873c551431ee",
      "versionNumber": 0,
      "componentId": "00000000-0000-0000-0000-000000000000"
    }
  ],
  "botMessages": [
    {
      "channelContent": {
        "web": {
          "contentFormat": "Markdown",
          "content": "O Microsoft 365 é o conjunto de ferramentas universal para colaboração. [Leia mais aqui!](https://www.microsoft.com/en-us/microsoft-365)"
        }
      },
      "id": "60bd8fbe-a2a6-40f3-a0c0-f98d08a39b02",
      "createdTime": "2021-03-24T18:09:18.0573466Z",
      "updatedTime": "2021-03-24T18:09:18.0573466Z",
      "createdUserId": "478b1ca5-fac4-4940-bda1-873c551431ee",
      "updatedUserId": "478b1ca5-fac4-4940-bda1-873c551431ee",
      "versionNumber": 0,
      "componentId": "00000000-0000-0000-0000-000000000000"
    }
  ],
  "createdUtc": "0001-01-01T00:00:00Z"
}