{
  "intents": [
    {
      "triggerQueries": [
        "Ativar a experiência de reunião moderna?"
      ],
      "dialogId": "new_topic_9ad26336336248cca9f287733c9b18c8",
      "isTriggeringEnabled": true,
      "canTriggeringBeDisabled": true,
      "id": "new_topic_9ad26336336248cca9f287733c9b18c8",
      "displayName": "Ativar a experiência de reunião moderna?",
      "description": "https://adoptbotv2kb.blob.core.windows.net/%24web/adoptbot2021-Portuguese (Portugal).docx",
      "createdTime": "2021-03-24T18:09:18.0653521Z",
      "updatedTime": "2021-03-25T09:13:11.6576365Z",
      "createdUserId": "478b1ca5-fac4-4940-bda1-873c551431ee",
      "updatedUserId": "478b1ca5-fac4-4940-bda1-873c551431ee",
      "versionNumber": 0,
      "componentId": "00000000-0000-0000-0000-000000000000"
    }
  ],
  "dialogs": [
    {
      "rootNodeId": "67f3d581-2186-49c7-a743-9ab7ffa00815",
      "messageNodes": [
        {
          "botMessageId": "5d0eec05-03a8-418e-9f58-6fcf70e57d34",
          "nodeType": "BotMessageNode",
          "id": "67f3d581-2186-49c7-a743-9ab7ffa00815",
          "defaultTargetNodeId": "9e0751b9-84f6-4ed2-bda2-ad3a4237c95d"
        }
      ],
      "dialogChangeNodes": [
        {
          "targetDialogId": "new_topic_ff75c3680c434d8cba423897663a537e_aeabea4d071f415c8c107e1cb7af5424_assumedsuccess",
          "nodeType": "DialogChangeNode",
          "id": "9e0751b9-84f6-4ed2-bda2-ad3a4237c95d"
        }
      ],
      "id": "new_topic_9ad26336336248cca9f287733c9b18c8",
      "displayName": "Dialog for Ativar a experiência de reunião moderna?",
      "createdTime": "2021-03-24T18:09:18.0653521Z",
      "updatedTime": "2021-03-24T18:09:18.0653521Z",
      "createdUserId": "478b1ca5-fac4-4940-bda1-873c551431ee",
      "updatedUserId": "478b1ca5-fac4-4940-bda1-873c551431ee",
      "versionNumber": 0,
      "componentId": "00000000-0000-0000-0000-000000000000"
    }
  ],
  "botMessages": [
    {
      "channelContent": {
        "web": {
          "contentFormat": "Markdown",
          "content": "Abram as configurações em Equipas.\r\n\r\nClique em Definições Gerais.\r\n\r\nSelecione Ligue  new  meeting  experience .\r\n\r\nRequipas de estart    clicando no seu ícone e selecionando  Quit.\r\n\r\nEsta escolha vai/tornou-se o padrão que vai para a frente e não  precisa de  ser  feita."
        }
      },
      "id": "5d0eec05-03a8-418e-9f58-6fcf70e57d34",
      "createdTime": "2021-03-24T18:09:18.0653521Z",
      "updatedTime": "2021-03-24T18:09:18.0653521Z",
      "createdUserId": "478b1ca5-fac4-4940-bda1-873c551431ee",
      "updatedUserId": "478b1ca5-fac4-4940-bda1-873c551431ee",
      "versionNumber": 0,
      "componentId": "00000000-0000-0000-0000-000000000000"
    }
  ],
  "createdUtc": "0001-01-01T00:00:00Z"
}