{
  "intents": [
    {
      "triggerQueries": [
        "Quaich in-meeting comandos de linha de marcação são suportados?"
      ],
      "dialogId": "new_topic_f20c8062520e4e82badf70f521c60fe5",
      "isTriggeringEnabled": false,
      "id": "new_topic_f20c8062520e4e82badf70f521c60fe5",
      "displayName": "Quaich in-meeting comandos de linha de marcação são suportados?",
      "description": "https://myfirstbot5159226067.blob.core.windows.net/adoptbotpt/adoptbot2021-Portuguese (3).docx",
      "createdTime": "2021-04-07T18:37:12.8785774Z",
      "updatedTime": "2021-04-07T18:37:12.8785774Z",
      "createdUserId": "704dbbff-ed42-4ede-b8c8-2ac7c33773ac"
    }
  ],
  "dialogs": [
    {
      "rootNodeId": "879313f7-d77c-403a-b126-59631812a50a",
      "messageNodes": [
        {
          "botMessageId": "ed298071-8eac-4b14-b22d-6b81b991a83d",
          "nodeType": "BotMessageNode",
          "id": "879313f7-d77c-403a-b126-59631812a50a",
          "defaultTargetNodeId": "8f8fe909-b40b-4f27-884a-3bd43326e1f5"
        }
      ],
      "dialogChangeNodes": [
        {
          "targetDialogId": "new_topic_f47de1d400dd44789efae4b80b274492_aeabea4d071f415c8c107e1cb7af5424_assumedsuccess",
          "nodeType": "DialogChangeNode",
          "id": "8f8fe909-b40b-4f27-884a-3bd43326e1f5"
        }
      ],
      "id": "new_topic_f20c8062520e4e82badf70f521c60fe5",
      "displayName": "Dialog for Quaich in-meeting comandos de linha de marcação são suportados?",
      "createdTime": "2021-04-07T18:37:12.8785774Z",
      "updatedTime": "2021-04-07T18:37:12.8785774Z",
      "createdUserId": "704dbbff-ed42-4ede-b8c8-2ac7c33773ac",
      "updatedUserId": "704dbbff-ed42-4ede-b8c8-2ac7c33773ac"
    }
  ],
  "botMessages": [
    {
      "channelContent": {
        "web": {
          "contentFormat": "Markdown",
          "content": "\\*6 (Mute/Unmute Yourself)\r\n\r\n\\*1 (Reproduz as descrições dos comandos do teclado disponíveis)"
        }
      },
      "id": "ed298071-8eac-4b14-b22d-6b81b991a83d",
      "createdTime": "2021-04-07T18:37:12.8785774Z",
      "updatedTime": "2021-04-07T18:37:12.8785774Z",
      "createdUserId": "704dbbff-ed42-4ede-b8c8-2ac7c33773ac",
      "updatedUserId": "704dbbff-ed42-4ede-b8c8-2ac7c33773ac"
    }
  ],
  "createdUtc": "0001-01-01T00:00:00Z"
}