{
  "intents": [
    {
      "triggerQueries": [
        "Como inicio uma conversa de grupo?"
      ],
      "dialogId": "new_topic_f89119105d3f4886b84676ecf38c033e",
      "isTriggeringEnabled": false,
      "id": "new_topic_f89119105d3f4886b84676ecf38c033e",
      "displayName": "Como inicio uma conversa de grupo?",
      "description": "https://myfirstbot5159226067.blob.core.windows.net/adoptbotpt/adoptbot2021-Portuguese (3).docx",
      "createdTime": "2021-04-07T18:37:12.8785774Z",
      "updatedTime": "2021-04-07T18:37:12.8785774Z",
      "createdUserId": "704dbbff-ed42-4ede-b8c8-2ac7c33773ac"
    }
  ],
  "dialogs": [
    {
      "rootNodeId": "6ad4e759-e5a6-4a1d-a8d6-f7546d7d055f",
      "messageNodes": [
        {
          "botMessageId": "b7e19b61-fcea-46ea-bd27-90a56129fcfb",
          "nodeType": "BotMessageNode",
          "id": "6ad4e759-e5a6-4a1d-a8d6-f7546d7d055f",
          "defaultTargetNodeId": "ea9ddd87-2c0c-4e7f-ace8-9125567e6d4f"
        }
      ],
      "dialogChangeNodes": [
        {
          "targetDialogId": "new_topic_f47de1d400dd44789efae4b80b274492_aeabea4d071f415c8c107e1cb7af5424_assumedsuccess",
          "nodeType": "DialogChangeNode",
          "id": "ea9ddd87-2c0c-4e7f-ace8-9125567e6d4f"
        }
      ],
      "id": "new_topic_f89119105d3f4886b84676ecf38c033e",
      "displayName": "Dialog for Como inicio uma conversa de grupo?",
      "createdTime": "2021-04-07T18:37:12.8785774Z",
      "updatedTime": "2021-04-07T18:37:12.8785774Z",
      "createdUserId": "704dbbff-ed42-4ede-b8c8-2ac7c33773ac",
      "updatedUserId": "704dbbff-ed42-4ede-b8c8-2ac7c33773ac"
    }
  ],
  "botMessages": [
    {
      "channelContent": {
        "web": {
          "contentFormat": "Markdown",
          "content": "Para enviar uma mensagem privada, clique primeiro em Novo chat no topo da app para iniciar uma nova conversação. No campo Para,  escreva o nome da pessoa ou pessoas com quem quer conversar. Escreva a sua e clique em  Enviar.\r\n\r\nPara adicionar alguém a uma conversa que já está em curso:\r\n\r\nBasta clicar Em Adicionar pessoas. Um chat de grupo é então automaticamentecriado.\r\n\r\nIrá ter a capacidade de decidir se a nova pessoa pode ver tudo, alguma informação ou nada da história do chat.\r\n\r\nLembre-se de dar o nome da sua conversa de grupo.  Vai ser mais fácil de encontrar e todos entendem o que está a ser discutido."
        }
      },
      "id": "b7e19b61-fcea-46ea-bd27-90a56129fcfb",
      "createdTime": "2021-04-07T18:37:12.8785774Z",
      "updatedTime": "2021-04-07T18:37:12.8785774Z",
      "createdUserId": "704dbbff-ed42-4ede-b8c8-2ac7c33773ac",
      "updatedUserId": "704dbbff-ed42-4ede-b8c8-2ac7c33773ac"
    }
  ],
  "createdUtc": "0001-01-01T00:00:00Z"
}