{
  "intents": [
    {
      "triggerQueries": [
        "As pessoas com versões anteriores de documentos do Office que criei usando o Office 365?"
      ],
      "dialogId": "new_topic_678921827c4a4508b26ff132eec0a975",
      "isTriggeringEnabled": true,
      "canTriggeringBeDisabled": true,
      "id": "new_topic_678921827c4a4508b26ff132eec0a975",
      "displayName": "As pessoas com versões anteriores de documentos do Office que criei usando o Office 365?",
      "description": "https://adoptbotv2kb.blob.core.windows.net/%24web/adoptbot2021-Portuguese (Portugal).docx",
      "createdTime": "2021-03-24T18:09:18.0573466Z",
      "updatedTime": "2021-03-25T09:14:06.6410261Z",
      "createdUserId": "478b1ca5-fac4-4940-bda1-873c551431ee",
      "updatedUserId": "478b1ca5-fac4-4940-bda1-873c551431ee",
      "versionNumber": 0,
      "componentId": "00000000-0000-0000-0000-000000000000"
    }
  ],
  "dialogs": [
    {
      "rootNodeId": "70e349fe-f438-4c9d-a7f0-c604b97a1dd9",
      "messageNodes": [
        {
          "botMessageId": "3bf7e532-44e0-41ff-9406-e1006a623efa",
          "nodeType": "BotMessageNode",
          "id": "70e349fe-f438-4c9d-a7f0-c604b97a1dd9",
          "defaultTargetNodeId": "acf30819-dd06-4231-8b9c-84a828257dd1"
        }
      ],
      "dialogChangeNodes": [
        {
          "targetDialogId": "new_topic_ff75c3680c434d8cba423897663a537e_aeabea4d071f415c8c107e1cb7af5424_assumedsuccess",
          "nodeType": "DialogChangeNode",
          "id": "acf30819-dd06-4231-8b9c-84a828257dd1"
        }
      ],
      "id": "new_topic_678921827c4a4508b26ff132eec0a975",
      "displayName": "Dialog for As pessoas com versões anteriores de documentos do Office que criei usando o Office 365?",
      "createdTime": "2021-03-24T18:09:18.0573466Z",
      "updatedTime": "2021-03-24T18:09:18.0573466Z",
      "createdUserId": "478b1ca5-fac4-4940-bda1-873c551431ee",
      "updatedUserId": "478b1ca5-fac4-4940-bda1-873c551431ee",
      "versionNumber": 0,
      "componentId": "00000000-0000-0000-0000-000000000000"
    }
  ],
  "botMessages": [
    {
      "channelContent": {
        "web": {
          "contentFormat": "Markdown",
          "content": "As pessoas que usam as aplicações do Office 365, Office 2019, Office 2016, Office 2013 e Office 2010 podem abrir documentos criados  usando o Microsoft 365 sem qualquer outra ação."
        }
      },
      "id": "3bf7e532-44e0-41ff-9406-e1006a623efa",
      "createdTime": "2021-03-24T18:09:18.0573466Z",
      "updatedTime": "2021-03-24T18:09:18.0573466Z",
      "createdUserId": "478b1ca5-fac4-4940-bda1-873c551431ee",
      "updatedUserId": "478b1ca5-fac4-4940-bda1-873c551431ee",
      "versionNumber": 0,
      "componentId": "00000000-0000-0000-0000-000000000000"
    }
  ],
  "createdUtc": "0001-01-01T00:00:00Z"
}