{
  "intents": [
    {
      "triggerQueries": [
        "Posso marcar uma reunião diretamente das equipas?"
      ],
      "dialogId": "new_topic_32c84675549f49ca93aa3156b068e8fa",
      "isTriggeringEnabled": true,
      "canTriggeringBeDisabled": true,
      "id": "new_topic_32c84675549f49ca93aa3156b068e8fa",
      "displayName": "Posso marcar uma reunião diretamente das equipas?",
      "description": "https://adoptbotv2kb.blob.core.windows.net/%24web/adoptbot2021-Portuguese (Portugal).docx",
      "createdTime": "2021-03-24T18:09:18.0653521Z",
      "updatedTime": "2021-03-25T09:12:21.2789599Z",
      "createdUserId": "478b1ca5-fac4-4940-bda1-873c551431ee",
      "updatedUserId": "478b1ca5-fac4-4940-bda1-873c551431ee",
      "versionNumber": 0,
      "componentId": "00000000-0000-0000-0000-000000000000"
    }
  ],
  "dialogs": [
    {
      "rootNodeId": "5e2e972b-ba96-4f92-bbab-821156710fca",
      "messageNodes": [
        {
          "botMessageId": "d417894c-2322-4abe-a63f-7d2c09bd7cb4",
          "nodeType": "BotMessageNode",
          "id": "5e2e972b-ba96-4f92-bbab-821156710fca",
          "defaultTargetNodeId": "b9dbb7b6-7cd0-4b6a-a86d-6e7e5c6f7588"
        }
      ],
      "dialogChangeNodes": [
        {
          "targetDialogId": "new_topic_ff75c3680c434d8cba423897663a537e_aeabea4d071f415c8c107e1cb7af5424_assumedsuccess",
          "nodeType": "DialogChangeNode",
          "id": "b9dbb7b6-7cd0-4b6a-a86d-6e7e5c6f7588"
        }
      ],
      "id": "new_topic_32c84675549f49ca93aa3156b068e8fa",
      "displayName": "Dialog for Posso marcar uma reunião diretamente das equipas?",
      "createdTime": "2021-03-24T18:09:18.0653521Z",
      "updatedTime": "2021-03-24T18:09:18.0653521Z",
      "createdUserId": "478b1ca5-fac4-4940-bda1-873c551431ee",
      "updatedUserId": "478b1ca5-fac4-4940-bda1-873c551431ee",
      "versionNumber": 0,
      "componentId": "00000000-0000-0000-0000-000000000000"
    }
  ],
  "botMessages": [
    {
      "channelContent": {
        "web": {
          "contentFormat": "Markdown",
          "content": "As reuniões podem ser configuradas através do Microsoft Teams ou do Outlook. A reunião será vista da mesma forma. Não pode marcar o  [seu](https://support.microsoft.com/en-us/office/schemal%C3%A4gga-ett-m%C3%B6te-i-teams-943507a9-8583-4c58-b5d2-8ec8265e04e5) encontro [diretamente em Equipas!](https://support.microsoft.com/en-us/office/schemal%C3%A4gga-ett-m%C3%B6te-i-teams-943507a9-8583-4c58-b5d2-8ec8265e04e5)\r\n\r\nPara agendar uma reunião diretamente das Equipas:\r\n\r\n- De Equipas, vá ao Calendário  e clique em Nova reunião.\r\n- Selecione as pessoas e/ou canal que deseja convidar.\r\n- Use o Assistente de Agenda para encontrar um tempo que se adeque à maioria das pessoas.\r\n- Escolha a frequência com que deseja que a reunião se repita(se for uma série de reuniões)\r\n\r\n\r\nPara agendar uma reunião do Outlook:\r\n\r\n- No separador 'Encontro' no Outlook, selecione Teams Meeting in the Outlook toolbar\r\n- Insira os detalhes  da reunião e use o Assistente de Agenda para encontrar  uma  hora apropriada.\r\n- Inclua uma sala de conferências, se for relevante."
        }
      },
      "id": "d417894c-2322-4abe-a63f-7d2c09bd7cb4",
      "createdTime": "2021-03-24T18:09:18.0653521Z",
      "updatedTime": "2021-03-24T18:09:18.0653521Z",
      "createdUserId": "478b1ca5-fac4-4940-bda1-873c551431ee",
      "updatedUserId": "478b1ca5-fac4-4940-bda1-873c551431ee",
      "versionNumber": 0,
      "componentId": "00000000-0000-0000-0000-000000000000"
    }
  ],
  "createdUtc": "0001-01-01T00:00:00Z"
}