{
  "intents": [
    {
      "triggerQueries": [
        "Onde posso encontrar o add-in do Outlook para reuniões no Teams?"
      ],
      "dialogId": "new_topic_8dad0b62201b4374ba33bf49faffd3cf",
      "isTriggeringEnabled": false,
      "id": "new_topic_8dad0b62201b4374ba33bf49faffd3cf",
      "displayName": "Onde posso encontrar o add-in do Outlook para reuniões no Teams?",
      "description": "https://myfirstbot5159226067.blob.core.windows.net/adoptbotpt/adoptbot2021-Portuguese (3).docx",
      "createdTime": "2021-04-07T18:37:12.8795986Z",
      "updatedTime": "2021-04-07T18:37:12.8795986Z",
      "createdUserId": "704dbbff-ed42-4ede-b8c8-2ac7c33773ac"
    }
  ],
  "dialogs": [
    {
      "rootNodeId": "a463f338-d76f-423f-bbee-aba21840c526",
      "messageNodes": [
        {
          "botMessageId": "12301c8c-6e88-4371-afa9-f50045280157",
          "nodeType": "BotMessageNode",
          "id": "a463f338-d76f-423f-bbee-aba21840c526",
          "defaultTargetNodeId": "df2c44a0-f6f0-463a-9f62-5bfff8a08dbd"
        }
      ],
      "dialogChangeNodes": [
        {
          "targetDialogId": "new_topic_f47de1d400dd44789efae4b80b274492_aeabea4d071f415c8c107e1cb7af5424_assumedsuccess",
          "nodeType": "DialogChangeNode",
          "id": "df2c44a0-f6f0-463a-9f62-5bfff8a08dbd"
        }
      ],
      "id": "new_topic_8dad0b62201b4374ba33bf49faffd3cf",
      "displayName": "Dialog for Onde posso encontrar o add-in do Outlook para reuniões no Teams?",
      "createdTime": "2021-04-07T18:37:12.8795986Z",
      "updatedTime": "2021-04-07T18:37:12.8795986Z",
      "createdUserId": "704dbbff-ed42-4ede-b8c8-2ac7c33773ac",
      "updatedUserId": "704dbbff-ed42-4ede-b8c8-2ac7c33773ac"
    }
  ],
  "botMessages": [
    {
      "channelContent": {
        "web": {
          "contentFormat": "Markdown",
          "content": "O add-in Teams Meeting é instalado automaticamente para utilizadores que tenham Microsoft Teams e Office 2013, Office 2016 ou Office 2019 instalados no seu PC Windows . Os utilizadores vêem  a  Teams Meeting \" add-in\" na fita no calendário do Outlook.\r\n\r\nUse [o add-in de reuniões do](https://docs.microsoft.com/en-us/microsoftteams/teams-add-in-for-outlook) Teams\r\n\r\nPara o Outlook na web, as reuniões das equipas são criadas automaticamente quando os participantes são convidados (podem ser desativados)."
        }
      },
      "id": "12301c8c-6e88-4371-afa9-f50045280157",
      "createdTime": "2021-04-07T18:37:12.8795986Z",
      "updatedTime": "2021-04-07T18:37:12.8795986Z",
      "createdUserId": "704dbbff-ed42-4ede-b8c8-2ac7c33773ac",
      "updatedUserId": "704dbbff-ed42-4ede-b8c8-2ac7c33773ac"
    }
  ],
  "createdUtc": "0001-01-01T00:00:00Z"
}