{
  "intents": [
    {
      "triggerQueries": [
        "Qual é o limite para o número de participantes numa reunião?"
      ],
      "dialogId": "new_topic_066721fc3e034d84883a7b7513e54123",
      "isTriggeringEnabled": false,
      "id": "new_topic_066721fc3e034d84883a7b7513e54123",
      "displayName": "Qual é o limite para o número de participantes numa reunião?",
      "description": "https://myfirstbot5159226067.blob.core.windows.net/adoptbotpt/adoptbot2021-Portuguese (3).docx",
      "createdTime": "2021-04-07T18:37:12.8785774Z",
      "updatedTime": "2021-04-07T18:37:12.8785774Z",
      "createdUserId": "704dbbff-ed42-4ede-b8c8-2ac7c33773ac"
    }
  ],
  "dialogs": [
    {
      "rootNodeId": "7fb942c9-c2be-4037-9bf2-c5dc72f93cf0",
      "messageNodes": [
        {
          "botMessageId": "26de95b1-96a8-4193-b1f1-1dcf37dd8026",
          "nodeType": "BotMessageNode",
          "id": "7fb942c9-c2be-4037-9bf2-c5dc72f93cf0",
          "defaultTargetNodeId": "be77f282-509b-4364-99b3-e27d6fb0b24f"
        }
      ],
      "dialogChangeNodes": [
        {
          "targetDialogId": "new_topic_f47de1d400dd44789efae4b80b274492_aeabea4d071f415c8c107e1cb7af5424_assumedsuccess",
          "nodeType": "DialogChangeNode",
          "id": "be77f282-509b-4364-99b3-e27d6fb0b24f"
        }
      ],
      "id": "new_topic_066721fc3e034d84883a7b7513e54123",
      "displayName": "Dialog for Qual é o limite para o número de participantes numa reunião?",
      "createdTime": "2021-04-07T18:37:12.8785774Z",
      "updatedTime": "2021-04-07T18:37:12.8785774Z",
      "createdUserId": "704dbbff-ed42-4ede-b8c8-2ac7c33773ac",
      "updatedUserId": "704dbbff-ed42-4ede-b8c8-2ac7c33773ac"
    }
  ],
  "botMessages": [
    {
      "channelContent": {
        "web": {
          "contentFormat": "Markdown",
          "content": "[O número máximo de pessoas numa reunião de Teams é](https://docs.microsoft.com/en-us/microsoftteams/limits-specifications-teams) atualmente de 300 (início de 2021). Clique sempre  no link para as  últimas notícias, uma vez que o limite pode ter sido  aumentado.\r\n\r\nEm 2021, o limite irá  aumentará  para  [1.000 participantes](https://www.microsoft.com/en-us/microsoft-365/roadmap?filters=&searchterms=65951)e  até  [20.000 espectadores passivos](https://www.microsoft.com/en-us/microsoft-365/roadmap?filters=&searchterms=65952) na mesma reunião .  Quando o limite para os participantes  é  atingido,  o próximo  participante recebe automaticamente uma experiência de visualização."
        }
      },
      "id": "26de95b1-96a8-4193-b1f1-1dcf37dd8026",
      "createdTime": "2021-04-07T18:37:12.8785774Z",
      "updatedTime": "2021-04-07T18:37:12.8785774Z",
      "createdUserId": "704dbbff-ed42-4ede-b8c8-2ac7c33773ac",
      "updatedUserId": "704dbbff-ed42-4ede-b8c8-2ac7c33773ac"
    }
  ],
  "createdUtc": "0001-01-01T00:00:00Z"
}