{
  "intents": [
    {
      "triggerQueries": [
        "Quem pode assistir a uma conferência telefónica? E quem posso ouvir?"
      ],
      "dialogId": "new_topic_4b5a908154664fa798e28d45db7ff738",
      "isTriggeringEnabled": false,
      "id": "new_topic_4b5a908154664fa798e28d45db7ff738",
      "displayName": "Quem pode assistir a uma conferência telefónica? E quem posso ouvir?",
      "description": "https://myfirstbot5159226067.blob.core.windows.net/adoptbotpt/adoptbot2021-Portuguese (3).docx",
      "createdTime": "2021-04-07T18:37:12.8785774Z",
      "updatedTime": "2021-04-07T18:37:12.8785774Z",
      "createdUserId": "704dbbff-ed42-4ede-b8c8-2ac7c33773ac"
    }
  ],
  "dialogs": [
    {
      "rootNodeId": "4a45b2d8-e9e8-406b-b446-109cf823d3bf",
      "messageNodes": [
        {
          "botMessageId": "13426d46-c478-4351-84fc-74fb8a6d017e",
          "nodeType": "BotMessageNode",
          "id": "4a45b2d8-e9e8-406b-b446-109cf823d3bf",
          "defaultTargetNodeId": "1970a6d4-6336-4100-b647-3b80678f521f"
        }
      ],
      "dialogChangeNodes": [
        {
          "targetDialogId": "new_topic_f47de1d400dd44789efae4b80b274492_aeabea4d071f415c8c107e1cb7af5424_assumedsuccess",
          "nodeType": "DialogChangeNode",
          "id": "1970a6d4-6336-4100-b647-3b80678f521f"
        }
      ],
      "id": "new_topic_4b5a908154664fa798e28d45db7ff738",
      "displayName": "Dialog for Quem pode assistir a uma conferência telefónica? E quem posso ouvir?",
      "createdTime": "2021-04-07T18:37:12.8785774Z",
      "updatedTime": "2021-04-07T18:37:12.8785774Z",
      "createdUserId": "704dbbff-ed42-4ede-b8c8-2ac7c33773ac",
      "updatedUserId": "704dbbff-ed42-4ede-b8c8-2ac7c33773ac"
    }
  ],
  "botMessages": [
    {
      "channelContent": {
        "web": {
          "contentFormat": "Markdown",
          "content": "Qualquer pessoa que tenha o número de marcação e iD da conferência pode juntar-se a uma reunião das Equipas da Microsoft, a menos que o organizador da reunião tenha bloqueado a reunião.\r\n\r\nQuer esteja a ligar usando um telefone ou as aplicações da Microsoft Teams, poderá ouvir todos os outros na chamada, e eles podem ouvi-lo. O organizador do encontro tem a capacidade de silenciar os participantes se não quiserem ouvi-los."
        }
      },
      "id": "13426d46-c478-4351-84fc-74fb8a6d017e",
      "createdTime": "2021-04-07T18:37:12.8785774Z",
      "updatedTime": "2021-04-07T18:37:12.8785774Z",
      "createdUserId": "704dbbff-ed42-4ede-b8c8-2ac7c33773ac",
      "updatedUserId": "704dbbff-ed42-4ede-b8c8-2ac7c33773ac"
    }
  ],
  "createdUtc": "0001-01-01T00:00:00Z"
}