{
  "intents": [
    {
      "triggerQueries": [
        "Como posso obter o OneNote?"
      ],
      "dialogId": "new_topic_97f0256338c84e38b080371aafd02b58",
      "isTriggeringEnabled": false,
      "id": "new_topic_97f0256338c84e38b080371aafd02b58",
      "displayName": "Como posso obter o OneNote?",
      "description": "https://myfirstbot5159226067.blob.core.windows.net/adoptbotpt/adoptbot2021-Portuguese (3).docx",
      "createdTime": "2021-04-07T18:37:12.8785774Z",
      "updatedTime": "2021-04-07T18:37:12.8785774Z",
      "createdUserId": "704dbbff-ed42-4ede-b8c8-2ac7c33773ac"
    }
  ],
  "dialogs": [
    {
      "rootNodeId": "bff92374-010c-4046-bb06-4f97cf935e15",
      "messageNodes": [
        {
          "botMessageId": "dbf37620-58a7-419b-b2e7-eafccb3d3a59",
          "nodeType": "BotMessageNode",
          "id": "bff92374-010c-4046-bb06-4f97cf935e15",
          "defaultTargetNodeId": "a2c95467-726a-4c9e-89a6-9a30b4111f38"
        }
      ],
      "dialogChangeNodes": [
        {
          "targetDialogId": "new_topic_f47de1d400dd44789efae4b80b274492_aeabea4d071f415c8c107e1cb7af5424_assumedsuccess",
          "nodeType": "DialogChangeNode",
          "id": "a2c95467-726a-4c9e-89a6-9a30b4111f38"
        }
      ],
      "id": "new_topic_97f0256338c84e38b080371aafd02b58",
      "displayName": "Dialog for Como posso obter o OneNote?",
      "createdTime": "2021-04-07T18:37:12.8785774Z",
      "updatedTime": "2021-04-07T18:37:12.8785774Z",
      "createdUserId": "704dbbff-ed42-4ede-b8c8-2ac7c33773ac",
      "updatedUserId": "704dbbff-ed42-4ede-b8c8-2ac7c33773ac"
    }
  ],
  "botMessages": [
    {
      "channelContent": {
        "web": {
          "contentFormat": "Markdown",
          "content": "Dependendo do dispositivo que está a utilizar ,[existe um OneNote que se adequa às suas necessidades](https://support.microsoft.com/en-us/office/what-s-the-difference-between-the-onenote-versions-a624e692-b78b-4c09-b07f-46181958118f) .\r\n\r\n- OneNote (anteriormente chamado \"OneNote 2016\")  é uma  aplicação de desktop gratuita  e parte do Office 2019 e Microsoft 365.\r\n- OneNote para o Windows 10 , está pré-instalado em todas as edições do Windows 10,  e  pode ser descarregado gratuitamente na Microsoft [Store](https://www.microsoft.com/store/productId/9WZDNCRFHVJL)"
        }
      },
      "id": "dbf37620-58a7-419b-b2e7-eafccb3d3a59",
      "createdTime": "2021-04-07T18:37:12.8785774Z",
      "updatedTime": "2021-04-07T18:37:12.8785774Z",
      "createdUserId": "704dbbff-ed42-4ede-b8c8-2ac7c33773ac",
      "updatedUserId": "704dbbff-ed42-4ede-b8c8-2ac7c33773ac"
    }
  ],
  "createdUtc": "0001-01-01T00:00:00Z"
}