{
  "intents": [
    {
      "triggerQueries": [
        "Quantos participantes de telefone posso ter nas reuniões?"
      ],
      "dialogId": "new_topic_a0b91c1e59dc46b2a12756877b48c2ea",
      "isTriggeringEnabled": false,
      "id": "new_topic_a0b91c1e59dc46b2a12756877b48c2ea",
      "displayName": "Quantos participantes de telefone posso ter nas reuniões?",
      "description": "https://myfirstbot5159226067.blob.core.windows.net/adoptbotpt/adoptbot2021-Portuguese (3).docx",
      "createdTime": "2021-04-07T18:37:12.8785774Z",
      "updatedTime": "2021-04-07T18:37:12.8785774Z",
      "createdUserId": "704dbbff-ed42-4ede-b8c8-2ac7c33773ac"
    }
  ],
  "dialogs": [
    {
      "rootNodeId": "1b142573-e1c5-48d6-8c64-18eafaf8c446",
      "messageNodes": [
        {
          "botMessageId": "3a2a5fd5-7abe-4a1d-86b0-e9c9da6516ca",
          "nodeType": "BotMessageNode",
          "id": "1b142573-e1c5-48d6-8c64-18eafaf8c446",
          "defaultTargetNodeId": "69a60306-ba81-4fc4-b994-d1409b3ac8b2"
        }
      ],
      "dialogChangeNodes": [
        {
          "targetDialogId": "new_topic_f47de1d400dd44789efae4b80b274492_aeabea4d071f415c8c107e1cb7af5424_assumedsuccess",
          "nodeType": "DialogChangeNode",
          "id": "69a60306-ba81-4fc4-b994-d1409b3ac8b2"
        }
      ],
      "id": "new_topic_a0b91c1e59dc46b2a12756877b48c2ea",
      "displayName": "Dialog for Quantos participantes de telefone posso ter nas reuniões?",
      "createdTime": "2021-04-07T18:37:12.8785774Z",
      "updatedTime": "2021-04-07T18:37:12.8785774Z",
      "createdUserId": "704dbbff-ed42-4ede-b8c8-2ac7c33773ac",
      "updatedUserId": "704dbbff-ed42-4ede-b8c8-2ac7c33773ac"
    }
  ],
  "botMessages": [
    {
      "channelContent": {
        "web": {
          "contentFormat": "Markdown",
          "content": "[O número de pessoas que](https://docs.microsoft.com/en-us/microsoftteams/limits-specifications-teams) [podem](https://docs.microsoft.com/en-us/microsoftteams/limits-specifications-teams)[participar por telefone numa reunião](https://docs.microsoft.com/en-us/microsoftteams/limits-specifications-teams)é  atualmente 300  (early 2021) .  Clique no  link para obter informações mais recentes à medida que o limite  é aumentado."
        }
      },
      "id": "3a2a5fd5-7abe-4a1d-86b0-e9c9da6516ca",
      "createdTime": "2021-04-07T18:37:12.8785774Z",
      "updatedTime": "2021-04-07T18:37:12.8785774Z",
      "createdUserId": "704dbbff-ed42-4ede-b8c8-2ac7c33773ac",
      "updatedUserId": "704dbbff-ed42-4ede-b8c8-2ac7c33773ac"
    }
  ],
  "createdUtc": "0001-01-01T00:00:00Z"
}