{
  "intents": [
    {
      "triggerQueries": [
        "O que é SharePoint?"
      ],
      "dialogId": "new_topic_55c9ec44741743a0a7238a2722eb16a3",
      "isTriggeringEnabled": false,
      "id": "new_topic_55c9ec44741743a0a7238a2722eb16a3",
      "displayName": "O que é SharePoint?",
      "description": "https://myfirstbot5159226067.blob.core.windows.net/adoptbotpt/adoptbot2021-Portuguese (3).docx",
      "createdTime": "2021-04-07T18:37:12.8785774Z",
      "updatedTime": "2021-04-07T18:37:12.8785774Z",
      "createdUserId": "704dbbff-ed42-4ede-b8c8-2ac7c33773ac"
    }
  ],
  "dialogs": [
    {
      "rootNodeId": "295b6f2f-e161-4393-8699-9e457a79a02c",
      "messageNodes": [
        {
          "botMessageId": "4ea4bf10-0b3d-4f2c-a1a6-7f787b781e63",
          "nodeType": "BotMessageNode",
          "id": "295b6f2f-e161-4393-8699-9e457a79a02c",
          "defaultTargetNodeId": "c5bfbb2b-4d9a-45e2-9c5f-7c5a10006906"
        }
      ],
      "dialogChangeNodes": [
        {
          "targetDialogId": "new_topic_f47de1d400dd44789efae4b80b274492_aeabea4d071f415c8c107e1cb7af5424_assumedsuccess",
          "nodeType": "DialogChangeNode",
          "id": "c5bfbb2b-4d9a-45e2-9c5f-7c5a10006906"
        }
      ],
      "id": "new_topic_55c9ec44741743a0a7238a2722eb16a3",
      "displayName": "Dialog for O que é SharePoint?",
      "createdTime": "2021-04-07T18:37:12.8785774Z",
      "updatedTime": "2021-04-07T18:37:12.8785774Z",
      "createdUserId": "704dbbff-ed42-4ede-b8c8-2ac7c33773ac",
      "updatedUserId": "704dbbff-ed42-4ede-b8c8-2ac7c33773ac"
    }
  ],
  "botMessages": [
    {
      "channelContent": {
        "web": {
          "contentFormat": "Markdown",
          "content": "O SharePoint é utilizado pelas organizações para criar websites. Poderá utilizar o SharePoint como um local seguro para armazenar, organizar, partilhar e aceder a informações de quase todos os dispositivos. Tudo o que precisa é de um browser .\r\n\r\n[Consulte a lista completa das](https://support.office.com/en-za/article/What-is-SharePoint--97b915e6-651b-43b2-827d-fb25777f446f) [capacidades](https://support.office.com/en-za/article/What-is-SharePoint--97b915e6-651b-43b2-827d-fb25777f446f) do [SharePoint.](https://support.office.com/en-za/article/What-is-SharePoint--97b915e6-651b-43b2-827d-fb25777f446f)"
        }
      },
      "id": "4ea4bf10-0b3d-4f2c-a1a6-7f787b781e63",
      "createdTime": "2021-04-07T18:37:12.8785774Z",
      "updatedTime": "2021-04-07T18:37:12.8785774Z",
      "createdUserId": "704dbbff-ed42-4ede-b8c8-2ac7c33773ac",
      "updatedUserId": "704dbbff-ed42-4ede-b8c8-2ac7c33773ac"
    }
  ],
  "createdUtc": "0001-01-01T00:00:00Z"
}