{
  "intents": [
    {
      "triggerQueries": [
        "Como é que ligo o modo Together?"
      ],
      "dialogId": "new_topic_108aa4e372dd416591be2b1f47dbf1c8",
      "isTriggeringEnabled": false,
      "id": "new_topic_108aa4e372dd416591be2b1f47dbf1c8",
      "displayName": "Como é que ligo o modo Together?",
      "description": "https://myfirstbot5159226067.blob.core.windows.net/adoptbotpt/adoptbot2021-Portuguese (3).docx",
      "createdTime": "2021-04-07T18:37:12.8806065Z",
      "updatedTime": "2021-04-07T18:37:12.8806065Z",
      "createdUserId": "704dbbff-ed42-4ede-b8c8-2ac7c33773ac"
    }
  ],
  "dialogs": [
    {
      "rootNodeId": "3f520cf8-33a9-41a7-95e8-bb60c8790af5",
      "messageNodes": [
        {
          "botMessageId": "e54d708b-077f-4dcb-bd54-15661a5af87f",
          "nodeType": "BotMessageNode",
          "id": "3f520cf8-33a9-41a7-95e8-bb60c8790af5",
          "defaultTargetNodeId": "d79c088b-61fe-46bf-bf45-6947026e1877"
        }
      ],
      "dialogChangeNodes": [
        {
          "targetDialogId": "new_topic_f47de1d400dd44789efae4b80b274492_aeabea4d071f415c8c107e1cb7af5424_assumedsuccess",
          "nodeType": "DialogChangeNode",
          "id": "d79c088b-61fe-46bf-bf45-6947026e1877"
        }
      ],
      "id": "new_topic_108aa4e372dd416591be2b1f47dbf1c8",
      "displayName": "Dialog for Como é que ligo o modo Together?",
      "createdTime": "2021-04-07T18:37:12.8806065Z",
      "updatedTime": "2021-04-07T18:37:12.8806065Z",
      "createdUserId": "704dbbff-ed42-4ede-b8c8-2ac7c33773ac",
      "updatedUserId": "704dbbff-ed42-4ede-b8c8-2ac7c33773ac"
    }
  ],
  "botMessages": [
    {
      "channelContent": {
        "web": {
          "contentFormat": "Markdown",
          "content": "O modo juntos aumenta a sensação de estarmos juntos e, de acordo com estudos, reduz a carga cognitiva sobre nós nas reuniões digitais. É provável que esteja menos cansado do que com as opções regulares  nas reuniões digitais!\r\n\r\nVá às opções de reunião durante a reunião \"...\" e clique em Together mode para ativar esta vista para si (apenas  afeta a forma como vê a reunião). Para ser visível no modo Juntos, tem de ter  a câmara  ligada. Atualmente, até 50 pessoas diferentes podem ser vistas no modo Juntos ao mesmo tempo, dependendo da escolha da cena.\r\n\r\n[Saiba mais sobre as suas](https://support.microsoft.com/en-us/office/anv%c3%a4nda-video-i-microsoft-teams-3647fc29-7b92-4c26-8c2d-8a596904cdae?ui=sv-SE&rs=sv-SE&ad=SE) opções de vídeo em Equipas."
        }
      },
      "id": "e54d708b-077f-4dcb-bd54-15661a5af87f",
      "createdTime": "2021-04-07T18:37:12.8806065Z",
      "updatedTime": "2021-04-07T18:37:12.8806065Z",
      "createdUserId": "704dbbff-ed42-4ede-b8c8-2ac7c33773ac",
      "updatedUserId": "704dbbff-ed42-4ede-b8c8-2ac7c33773ac"
    }
  ],
  "createdUtc": "0001-01-01T00:00:00Z"
}