{
  "intents": [
    {
      "triggerQueries": [
        "As reuniões das minhas equipas também aparecem no Outlook?"
      ],
      "dialogId": "new_topic_3d45a3597c7c4b4d92acab89a53b5d0c",
      "isTriggeringEnabled": true,
      "canTriggeringBeDisabled": true,
      "id": "new_topic_3d45a3597c7c4b4d92acab89a53b5d0c",
      "displayName": "As reuniões das minhas equipas também aparecem no Outlook?",
      "description": "https://adoptbotv2kb.blob.core.windows.net/%24web/adoptbot2021-Portuguese (Portugal).docx",
      "createdTime": "2021-03-24T18:09:18.0583447Z",
      "updatedTime": "2021-03-25T09:13:37.4795033Z",
      "createdUserId": "478b1ca5-fac4-4940-bda1-873c551431ee",
      "updatedUserId": "478b1ca5-fac4-4940-bda1-873c551431ee",
      "versionNumber": 0,
      "componentId": "00000000-0000-0000-0000-000000000000"
    }
  ],
  "dialogs": [
    {
      "rootNodeId": "3c1a14cd-dec5-411a-8f0c-d2ed3e27e149",
      "messageNodes": [
        {
          "botMessageId": "00946029-041e-4ac9-929d-68cd426d881b",
          "nodeType": "BotMessageNode",
          "id": "3c1a14cd-dec5-411a-8f0c-d2ed3e27e149",
          "defaultTargetNodeId": "8a18230a-0b60-4dc9-8e69-d4e78801808d"
        }
      ],
      "dialogChangeNodes": [
        {
          "targetDialogId": "new_topic_ff75c3680c434d8cba423897663a537e_aeabea4d071f415c8c107e1cb7af5424_assumedsuccess",
          "nodeType": "DialogChangeNode",
          "id": "8a18230a-0b60-4dc9-8e69-d4e78801808d"
        }
      ],
      "id": "new_topic_3d45a3597c7c4b4d92acab89a53b5d0c",
      "displayName": "Dialog for As reuniões das minhas equipas também aparecem no Outlook?",
      "createdTime": "2021-03-24T18:09:18.0583447Z",
      "updatedTime": "2021-03-24T18:09:18.0583447Z",
      "createdUserId": "478b1ca5-fac4-4940-bda1-873c551431ee",
      "updatedUserId": "478b1ca5-fac4-4940-bda1-873c551431ee",
      "versionNumber": 0,
      "componentId": "00000000-0000-0000-0000-000000000000"
    }
  ],
  "botMessages": [
    {
      "channelContent": {
        "web": {
          "contentFormat": "Markdown",
          "content": "Se agendar uma reunião em Equipas, aparece em \" Calendário \" em Equipas e no seu calendário Outlook.\r\n\r\nPlease note: O calendário outlook é usado tanto para equipas como para outlook"
        }
      },
      "id": "00946029-041e-4ac9-929d-68cd426d881b",
      "createdTime": "2021-03-24T18:09:18.0583447Z",
      "updatedTime": "2021-03-24T18:09:18.0583447Z",
      "createdUserId": "478b1ca5-fac4-4940-bda1-873c551431ee",
      "updatedUserId": "478b1ca5-fac4-4940-bda1-873c551431ee",
      "versionNumber": 0,
      "componentId": "00000000-0000-0000-0000-000000000000"
    }
  ],
  "createdUtc": "0001-01-01T00:00:00Z"
}