{
  "intents": [
    {
      "triggerQueries": [
        "Como partilho ficheiros em Equipas?"
      ],
      "dialogId": "new_topic_55a939f5537740c58f2ec282ff79267f",
      "isTriggeringEnabled": false,
      "id": "new_topic_55a939f5537740c58f2ec282ff79267f",
      "displayName": "Como partilho ficheiros em Equipas?",
      "description": "https://myfirstbot5159226067.blob.core.windows.net/adoptbotpt/adoptbot2021-Portuguese (3).docx",
      "createdTime": "2021-04-07T18:37:12.8795986Z",
      "updatedTime": "2021-04-07T18:37:12.8795986Z",
      "createdUserId": "704dbbff-ed42-4ede-b8c8-2ac7c33773ac"
    }
  ],
  "dialogs": [
    {
      "rootNodeId": "04ccfa3f-cb6b-41d3-b746-58bb4568efb3",
      "messageNodes": [
        {
          "botMessageId": "f48720fa-427d-43ff-9bd5-39e89c883923",
          "nodeType": "BotMessageNode",
          "id": "04ccfa3f-cb6b-41d3-b746-58bb4568efb3",
          "defaultTargetNodeId": "c920a62b-f666-43ff-91a6-d780c29f1375"
        }
      ],
      "dialogChangeNodes": [
        {
          "targetDialogId": "new_topic_f47de1d400dd44789efae4b80b274492_aeabea4d071f415c8c107e1cb7af5424_assumedsuccess",
          "nodeType": "DialogChangeNode",
          "id": "c920a62b-f666-43ff-91a6-d780c29f1375"
        }
      ],
      "id": "new_topic_55a939f5537740c58f2ec282ff79267f",
      "displayName": "Dialog for Como partilho ficheiros em Equipas?",
      "createdTime": "2021-04-07T18:37:12.8795986Z",
      "updatedTime": "2021-04-07T18:37:12.8795986Z",
      "createdUserId": "704dbbff-ed42-4ede-b8c8-2ac7c33773ac",
      "updatedUserId": "704dbbff-ed42-4ede-b8c8-2ac7c33773ac"
    }
  ],
  "botMessages": [
    {
      "channelContent": {
        "web": {
          "contentFormat": "Markdown",
          "content": "Cada canal tem um separador chamado \"Ficheiros\". Aí pode [fazer o upload de ficheiros em](https://support.microsoft.com/en-us/office/dela-en-fil-i-teams-0c4d34ee-5dd8-46d5-ab35-0d227b5e6eb5) Equipas. Também pode partilhar ficheiros no chat do seu canal. Estes serão então automaticamente encontrados no\r\n\r\nseparador \"Ficheiros\" do canal.\r\n\r\nOs ficheiros partilhados num chat privado ou em grupo podem ser partilhados com as pessoas nessa conversa.\r\n\r\nPode imprimir, partilhar ou colaborar em documentos em tempo real sem sair da plataforma Teams."
        }
      },
      "id": "f48720fa-427d-43ff-9bd5-39e89c883923",
      "createdTime": "2021-04-07T18:37:12.8795986Z",
      "updatedTime": "2021-04-07T18:37:12.8795986Z",
      "createdUserId": "704dbbff-ed42-4ede-b8c8-2ac7c33773ac",
      "updatedUserId": "704dbbff-ed42-4ede-b8c8-2ac7c33773ac"
    }
  ],
  "createdUtc": "0001-01-01T00:00:00Z"
}