{
  "intents": [
    {
      "triggerQueries": [
        "Descrever o processo de criação de uma equipa?"
      ],
      "dialogId": "new_topic_76d62654e0974a4bb9215aa861b3aff4",
      "isTriggeringEnabled": true,
      "canTriggeringBeDisabled": true,
      "id": "new_topic_76d62654e0974a4bb9215aa861b3aff4",
      "displayName": "Descrever o processo de criação de uma equipa?",
      "description": "https://adoptbotv2kb.blob.core.windows.net/%24web/adoptbot2021-Portuguese (Portugal).docx",
      "createdTime": "2021-03-24T18:09:18.0653521Z",
      "updatedTime": "2021-03-25T09:12:32.5833222Z",
      "createdUserId": "478b1ca5-fac4-4940-bda1-873c551431ee",
      "updatedUserId": "478b1ca5-fac4-4940-bda1-873c551431ee",
      "versionNumber": 0,
      "componentId": "00000000-0000-0000-0000-000000000000"
    }
  ],
  "dialogs": [
    {
      "rootNodeId": "05948937-aad5-444b-98de-4a6534463702",
      "messageNodes": [
        {
          "botMessageId": "907fd499-2f04-4b91-9503-2e4dc3a00b74",
          "nodeType": "BotMessageNode",
          "id": "05948937-aad5-444b-98de-4a6534463702",
          "defaultTargetNodeId": "7793b8b7-fe9d-4d08-8d36-7496ccb324b2"
        }
      ],
      "dialogChangeNodes": [
        {
          "targetDialogId": "new_topic_ff75c3680c434d8cba423897663a537e_aeabea4d071f415c8c107e1cb7af5424_assumedsuccess",
          "nodeType": "DialogChangeNode",
          "id": "7793b8b7-fe9d-4d08-8d36-7496ccb324b2"
        }
      ],
      "id": "new_topic_76d62654e0974a4bb9215aa861b3aff4",
      "displayName": "Dialog for Descrever o processo de criação de uma equipa?",
      "createdTime": "2021-03-24T18:09:18.0653521Z",
      "updatedTime": "2021-03-24T18:09:18.0653521Z",
      "createdUserId": "478b1ca5-fac4-4940-bda1-873c551431ee",
      "updatedUserId": "478b1ca5-fac4-4940-bda1-873c551431ee",
      "versionNumber": 0,
      "componentId": "00000000-0000-0000-0000-000000000000"
    }
  ],
  "botMessages": [
    {
      "channelContent": {
        "web": {
          "contentFormat": "Markdown",
          "content": "Existem duas opções: [Criar uma equipa de raiz](https://support.microsoft.com/en-us/office/skapa-ett-team-fr%C3%A5n-grunden-174adf5f-846b-4780-b765-de1a0a737e2b) ou de um  modelo/equipa existente.\r\n\r\nPara criar uma equipa:\r\n\r\nNa barra lateral das Equipas, clique em Equipa (na parte inferior da lista), clique em \"Juntar  ou criar uma  equipa\"  e, em seguida, clique em Criar uma nova equipa.\r\n\r\nDo zero:\r\n\r\nPode criar uma nova equipa com as seguintes definições:\r\n\r\n-Privado: Proprietários precisam convidar colegas para se juntarem à equipa\r\n\r\n-Público: Todos os colegas têm a opção de aderir\r\n\r\nApenas para  administradores:  Equipa org-wide: Todos os colegas são automaticamente adicionados à equipa.\r\n\r\nDe um grupo ouequipa:\r\n\r\nPode reutilizar a estrutura e as configurações existentes para uma nova equipa. Escolha uma equipa existente ou um grupo Microsoft 365. Ajuste o que deseja replicar.\r\n\r\nDepois de criar a    sua equipa, pode  convidar  as pessoas. Pode adicionar utilizadores individuais, grupos e até grupos de contacto inteiros (listas de distribuição).\r\n\r\nDica: Não se esqueça que deve ser pelo menos  dois  donos  de equipas  em  cada equipa."
        }
      },
      "id": "907fd499-2f04-4b91-9503-2e4dc3a00b74",
      "createdTime": "2021-03-24T18:09:18.0653521Z",
      "updatedTime": "2021-03-24T18:09:18.0653521Z",
      "createdUserId": "478b1ca5-fac4-4940-bda1-873c551431ee",
      "updatedUserId": "478b1ca5-fac4-4940-bda1-873c551431ee",
      "versionNumber": 0,
      "componentId": "00000000-0000-0000-0000-000000000000"
    }
  ],
  "createdUtc": "0001-01-01T00:00:00Z"
}