{
  "intents": [
    {
      "triggerQueries": [
        "Como faço belos posts?"
      ],
      "dialogId": "new_topic_deaa1d9e5121485990d7eeefc0b207a6",
      "isTriggeringEnabled": false,
      "id": "new_topic_deaa1d9e5121485990d7eeefc0b207a6",
      "displayName": "Como faço belos posts?",
      "description": "https://myfirstbot5159226067.blob.core.windows.net/adoptbotpt/adoptbot2021-Portuguese (3).docx",
      "createdTime": "2021-04-07T18:37:12.8795986Z",
      "updatedTime": "2021-04-07T18:37:12.8795986Z",
      "createdUserId": "704dbbff-ed42-4ede-b8c8-2ac7c33773ac"
    }
  ],
  "dialogs": [
    {
      "rootNodeId": "9ad3d165-b2e7-4b7d-b61c-c009c7316f5a",
      "messageNodes": [
        {
          "botMessageId": "21cf3804-b4c1-43c0-9695-c4795d445cbe",
          "nodeType": "BotMessageNode",
          "id": "9ad3d165-b2e7-4b7d-b61c-c009c7316f5a",
          "defaultTargetNodeId": "1e26bd83-ef54-402e-80ed-0c5e3535b273"
        }
      ],
      "dialogChangeNodes": [
        {
          "targetDialogId": "new_topic_f47de1d400dd44789efae4b80b274492_aeabea4d071f415c8c107e1cb7af5424_assumedsuccess",
          "nodeType": "DialogChangeNode",
          "id": "1e26bd83-ef54-402e-80ed-0c5e3535b273"
        }
      ],
      "id": "new_topic_deaa1d9e5121485990d7eeefc0b207a6",
      "displayName": "Dialog for Como faço belos posts?",
      "createdTime": "2021-04-07T18:37:12.8795986Z",
      "updatedTime": "2021-04-07T18:37:12.8795986Z",
      "createdUserId": "704dbbff-ed42-4ede-b8c8-2ac7c33773ac",
      "updatedUserId": "704dbbff-ed42-4ede-b8c8-2ac7c33773ac"
    }
  ],
  "botMessages": [
    {
      "channelContent": {
        "web": {
          "contentFormat": "Markdown",
          "content": "Pode adicionar imagens, emojis, GIFs animados, autocolantes e muito mais.\r\n\r\nPode usar um título  para destacar o seu  posto.    Vai  ajudá-lo a encontrá-lo  mais tarde."
        }
      },
      "id": "21cf3804-b4c1-43c0-9695-c4795d445cbe",
      "createdTime": "2021-04-07T18:37:12.8795986Z",
      "updatedTime": "2021-04-07T18:37:12.8795986Z",
      "createdUserId": "704dbbff-ed42-4ede-b8c8-2ac7c33773ac",
      "updatedUserId": "704dbbff-ed42-4ede-b8c8-2ac7c33773ac"
    }
  ],
  "createdUtc": "0001-01-01T00:00:00Z"
}