{
  "intents": [
    {
      "triggerQueries": [
        "Como começo uma conversa em equipa?"
      ],
      "dialogId": "new_topic_6a9e207cb5c0407aad75b2fd8135677f",
      "isTriggeringEnabled": false,
      "id": "new_topic_6a9e207cb5c0407aad75b2fd8135677f",
      "displayName": "Como começo uma conversa em equipa?",
      "description": "https://myfirstbot5159226067.blob.core.windows.net/adoptbotpt/adoptbot2021-Portuguese (3).docx",
      "createdTime": "2021-04-07T18:37:12.8795986Z",
      "updatedTime": "2021-04-07T18:37:12.8795986Z",
      "createdUserId": "704dbbff-ed42-4ede-b8c8-2ac7c33773ac"
    }
  ],
  "dialogs": [
    {
      "rootNodeId": "3abf0a87-9cc7-4610-867d-a1ae0cd6f8f3",
      "messageNodes": [
        {
          "botMessageId": "87858c96-24f2-4bad-b37d-a1f9f1a2a39b",
          "nodeType": "BotMessageNode",
          "id": "3abf0a87-9cc7-4610-867d-a1ae0cd6f8f3",
          "defaultTargetNodeId": "362abc0f-1880-4ab8-ac9d-6f21928fb949"
        }
      ],
      "dialogChangeNodes": [
        {
          "targetDialogId": "new_topic_f47de1d400dd44789efae4b80b274492_aeabea4d071f415c8c107e1cb7af5424_assumedsuccess",
          "nodeType": "DialogChangeNode",
          "id": "362abc0f-1880-4ab8-ac9d-6f21928fb949"
        }
      ],
      "id": "new_topic_6a9e207cb5c0407aad75b2fd8135677f",
      "displayName": "Dialog for Como começo uma conversa em equipa?",
      "createdTime": "2021-04-07T18:37:12.8795986Z",
      "updatedTime": "2021-04-07T18:37:12.8795986Z",
      "createdUserId": "704dbbff-ed42-4ede-b8c8-2ac7c33773ac",
      "updatedUserId": "704dbbff-ed42-4ede-b8c8-2ac7c33773ac"
    }
  ],
  "botMessages": [
    {
      "channelContent": {
        "web": {
          "contentFormat": "Markdown",
          "content": "Em todos os canais em Equipas, o primeiro separador  é  \"Posts\". Pense nisto como uma grande conversa de grupo.  Todos os  que têm acesso  à  equipa  podem  ver mensagens  noseparador Posts.\r\n\r\n[Siga os passos para enviar uma mensagem a todos no](https://support.microsoft.com/en-us/office/skicka-ett-meddelande-till-en-kanal-i-teams-5c8131ce-eaad-4798-bc73-e33f4652a9c4) canal:\r\n\r\n- Primeiro, selecione o canal que pretende digitar.\r\n- Em seguida, clique em \"Responder\" para responder  ao  fio existente  ou  prima o botão \"Nova onversação  c\" para iniciar uma nova.\r\n- Digite a sua mensagem na caixa e selecione Enviar.\r\n\r\n\r\nVoila, voila!  A sua mensagem está agora em direto no canal.\r\n\r\nDica:\r\n\r\nSe quiser falar apenas com uma pessoa ou um grupo pequeno, inicie uma [conversa](https://support.microsoft.com/en-us/office/starta-en-chatt-i-teams-0c71b32b-c050-4930-a887-5afbe742b3d8) ."
        }
      },
      "id": "87858c96-24f2-4bad-b37d-a1f9f1a2a39b",
      "createdTime": "2021-04-07T18:37:12.8795986Z",
      "updatedTime": "2021-04-07T18:37:12.8795986Z",
      "createdUserId": "704dbbff-ed42-4ede-b8c8-2ac7c33773ac",
      "updatedUserId": "704dbbff-ed42-4ede-b8c8-2ac7c33773ac"
    }
  ],
  "createdUtc": "0001-01-01T00:00:00Z"
}