{
  "intents": [
    {
      "triggerQueries": [
        "Qual é o limite para o número de participantes numa reunião?"
      ],
      "dialogId": "new_topic_3dec1a88ddaf42b69dd629b8b63f93a2",
      "isTriggeringEnabled": true,
      "canTriggeringBeDisabled": true,
      "id": "new_topic_3dec1a88ddaf42b69dd629b8b63f93a2",
      "displayName": "Qual é o limite para o número de participantes numa reunião?",
      "description": "https://adoptbotv2kb.blob.core.windows.net/%24web/adoptbot2021-Portuguese (Portugal).docx",
      "createdTime": "2021-03-24T18:09:18.0573466Z",
      "updatedTime": "2021-03-25T09:14:27.7731624Z",
      "createdUserId": "478b1ca5-fac4-4940-bda1-873c551431ee",
      "updatedUserId": "478b1ca5-fac4-4940-bda1-873c551431ee",
      "versionNumber": 0,
      "componentId": "00000000-0000-0000-0000-000000000000"
    }
  ],
  "dialogs": [
    {
      "rootNodeId": "496aaa68-af1e-44fe-ab32-189d931317e4",
      "messageNodes": [
        {
          "botMessageId": "b0c6cc87-6288-43d2-9ad3-63549df55c37",
          "nodeType": "BotMessageNode",
          "id": "496aaa68-af1e-44fe-ab32-189d931317e4",
          "defaultTargetNodeId": "8961d46d-96fc-4257-a653-ed0b6a4cf287"
        }
      ],
      "dialogChangeNodes": [
        {
          "targetDialogId": "new_topic_ff75c3680c434d8cba423897663a537e_aeabea4d071f415c8c107e1cb7af5424_assumedsuccess",
          "nodeType": "DialogChangeNode",
          "id": "8961d46d-96fc-4257-a653-ed0b6a4cf287"
        }
      ],
      "id": "new_topic_3dec1a88ddaf42b69dd629b8b63f93a2",
      "displayName": "Dialog for Qual é o limite para o número de participantes numa reunião?",
      "createdTime": "2021-03-24T18:09:18.0573466Z",
      "updatedTime": "2021-03-24T18:09:18.0573466Z",
      "createdUserId": "478b1ca5-fac4-4940-bda1-873c551431ee",
      "updatedUserId": "478b1ca5-fac4-4940-bda1-873c551431ee",
      "versionNumber": 0,
      "componentId": "00000000-0000-0000-0000-000000000000"
    }
  ],
  "botMessages": [
    {
      "channelContent": {
        "web": {
          "contentFormat": "Markdown",
          "content": "[O número máximo de pessoas numa reunião regular de Equipas é](https://docs.microsoft.com/en-us/microsoftteams/limits-specifications-teams) atualmente de 300 (início de 2021). Clique sempre  no link para as  últimas notícias, uma vez que o limite pode ter sido  aumentado.\r\n\r\nEm 2021, o  limite  foi/aumentará  para  [1.000 participantes](https://www.microsoft.com/en-us/microsoft-365/roadmap?filters=&searchterms=65951)e  até  [20.000 espectadores passivos](https://www.microsoft.com/en-us/microsoft-365/roadmap?filters=&searchterms=65952) na mesma reunião regular de  Equipas.  Quando o limite para os participantes  é  atingido,  o próximo  participante recebe automaticamente uma experiência de visualização."
        }
      },
      "id": "b0c6cc87-6288-43d2-9ad3-63549df55c37",
      "createdTime": "2021-03-24T18:09:18.0573466Z",
      "updatedTime": "2021-03-24T18:09:18.0573466Z",
      "createdUserId": "478b1ca5-fac4-4940-bda1-873c551431ee",
      "updatedUserId": "478b1ca5-fac4-4940-bda1-873c551431ee",
      "versionNumber": 0,
      "componentId": "00000000-0000-0000-0000-000000000000"
    }
  ],
  "createdUtc": "0001-01-01T00:00:00Z"
}