{
  "intents": [
    {
      "triggerQueries": [
        "Como posso Fixar a uma conversa ou um canal?"
      ],
      "dialogId": "new_topic_4568a0ad93a141e980912175b2f2789c",
      "isTriggeringEnabled": false,
      "id": "new_topic_4568a0ad93a141e980912175b2f2789c",
      "displayName": "Como posso Fixar a uma conversa ou um canal?",
      "description": "https://myfirstbot5159226067.blob.core.windows.net/adoptbotpt/adoptbot2021-Portuguese (3).docx",
      "createdTime": "2021-04-07T18:37:12.8806065Z",
      "updatedTime": "2021-04-07T18:37:12.8806065Z",
      "createdUserId": "704dbbff-ed42-4ede-b8c8-2ac7c33773ac"
    }
  ],
  "dialogs": [
    {
      "rootNodeId": "373833d6-f937-4b5c-a46c-2ccfe2c9ea6e",
      "messageNodes": [
        {
          "botMessageId": "723ff55e-fe7f-466a-9239-ba0ed93dc5e4",
          "nodeType": "BotMessageNode",
          "id": "373833d6-f937-4b5c-a46c-2ccfe2c9ea6e",
          "defaultTargetNodeId": "90ea5abd-cf52-488d-abdd-c1d8f0e16968"
        }
      ],
      "dialogChangeNodes": [
        {
          "targetDialogId": "new_topic_f47de1d400dd44789efae4b80b274492_aeabea4d071f415c8c107e1cb7af5424_assumedsuccess",
          "nodeType": "DialogChangeNode",
          "id": "90ea5abd-cf52-488d-abdd-c1d8f0e16968"
        }
      ],
      "id": "new_topic_4568a0ad93a141e980912175b2f2789c",
      "displayName": "Dialog for Como posso Fixar a uma conversa ou um canal?",
      "createdTime": "2021-04-07T18:37:12.8806065Z",
      "updatedTime": "2021-04-07T18:37:12.8806065Z",
      "createdUserId": "704dbbff-ed42-4ede-b8c8-2ac7c33773ac",
      "updatedUserId": "704dbbff-ed42-4ede-b8c8-2ac7c33773ac"
    }
  ],
  "botMessages": [
    {
      "channelContent": {
        "web": {
          "contentFormat": "Markdown",
          "content": "Pode fixar de chats ou canais no topo do seu chat ou lista de equipas.\r\n\r\nSelecione Chat ou Equipas. Encontre o nome da conversa ou canal que deseja fixar.\r\n\r\nEm seguida, selecione Mais opções \"...\"  &gt;  Pin.\r\n\r\nIsto garante que o chat ou o canal permaneçam no topo da sua lista.\r\n\r\nSe mudar de ideia, selecione-o novamente na sua lista pinned  e  selecioneUnpin ."
        }
      },
      "id": "723ff55e-fe7f-466a-9239-ba0ed93dc5e4",
      "createdTime": "2021-04-07T18:37:12.8806065Z",
      "updatedTime": "2021-04-07T18:37:12.8806065Z",
      "createdUserId": "704dbbff-ed42-4ede-b8c8-2ac7c33773ac",
      "updatedUserId": "704dbbff-ed42-4ede-b8c8-2ac7c33773ac"
    }
  ],
  "createdUtc": "0001-01-01T00:00:00Z"
}