{
  "intents": [
    {
      "triggerQueries": [
        "Onde posso encontrar as últimas notícias sobre o Teams?"
      ],
      "dialogId": "new_topic_9be08dc3f49146a4b43d6dc340c8fbe5",
      "isTriggeringEnabled": false,
      "id": "new_topic_9be08dc3f49146a4b43d6dc340c8fbe5",
      "displayName": "Onde posso encontrar as últimas notícias sobre o Teams?",
      "description": "https://myfirstbot5159226067.blob.core.windows.net/adoptbotpt/adoptbot2021-Portuguese (3).docx",
      "createdTime": "2021-04-07T18:37:12.8806065Z",
      "updatedTime": "2021-04-07T18:37:12.8806065Z",
      "createdUserId": "704dbbff-ed42-4ede-b8c8-2ac7c33773ac"
    }
  ],
  "dialogs": [
    {
      "rootNodeId": "84979d5a-f6ba-4585-9a76-594d82de347d",
      "messageNodes": [
        {
          "botMessageId": "ba6a272b-6b40-4f11-92e6-14e40cb493f0",
          "nodeType": "BotMessageNode",
          "id": "84979d5a-f6ba-4585-9a76-594d82de347d",
          "defaultTargetNodeId": "efcfa931-436f-4a74-94fa-25e796e59e6b"
        }
      ],
      "dialogChangeNodes": [
        {
          "targetDialogId": "new_topic_f47de1d400dd44789efae4b80b274492_aeabea4d071f415c8c107e1cb7af5424_assumedsuccess",
          "nodeType": "DialogChangeNode",
          "id": "efcfa931-436f-4a74-94fa-25e796e59e6b"
        }
      ],
      "id": "new_topic_9be08dc3f49146a4b43d6dc340c8fbe5",
      "displayName": "Dialog for Onde posso encontrar as últimas notícias sobre o Teams?",
      "createdTime": "2021-04-07T18:37:12.8806065Z",
      "updatedTime": "2021-04-07T18:37:12.8806065Z",
      "createdUserId": "704dbbff-ed42-4ede-b8c8-2ac7c33773ac",
      "updatedUserId": "704dbbff-ed42-4ede-b8c8-2ac7c33773ac"
    }
  ],
  "botMessages": [
    {
      "channelContent": {
        "web": {
          "contentFormat": "Markdown",
          "content": "Ainda bem que estácurioso.  Basta escrever \" /Notícias \" na caixa de pesquisa da  equipa!\r\n\r\nTambém pode clicar no botão Ajuda em Equipas e selecionar \"What's  new\".\r\n\r\nPorém a sua organização pode ter optado por desativar  algumas  funcionalidades.\r\n\r\n[Todas as novas funcionalidades ativadas também são publicadas continuamente neste](https://support.microsoft.com/en-us/office/nyheter-i-microsoft-teams-d7092a6d-c896-424c-b362-a472d5f105de) website\r\n\r\nEscolha para que dispositivo quer ver novidades."
        }
      },
      "id": "ba6a272b-6b40-4f11-92e6-14e40cb493f0",
      "createdTime": "2021-04-07T18:37:12.8806065Z",
      "updatedTime": "2021-04-07T18:37:12.8806065Z",
      "createdUserId": "704dbbff-ed42-4ede-b8c8-2ac7c33773ac",
      "updatedUserId": "704dbbff-ed42-4ede-b8c8-2ac7c33773ac"
    }
  ],
  "createdUtc": "0001-01-01T00:00:00Z"
}