{
  "intents": [
    {
      "triggerQueries": [
        "Duração máxima de uma chamada telefónica (reunião de conferência sonora)?"
      ],
      "dialogId": "new_topic_67d49facfa334ce58f27de4c9bd66aa6",
      "isTriggeringEnabled": true,
      "canTriggeringBeDisabled": true,
      "id": "new_topic_67d49facfa334ce58f27de4c9bd66aa6",
      "displayName": "Duração máxima de uma chamada telefónica (reunião de conferência sonora)?",
      "description": "https://adoptbotv2kb.blob.core.windows.net/%24web/adoptbot2021-Portuguese (Portugal).docx",
      "createdTime": "2021-03-24T18:09:18.0583447Z",
      "updatedTime": "2021-03-25T09:13:32.5517752Z",
      "createdUserId": "478b1ca5-fac4-4940-bda1-873c551431ee",
      "updatedUserId": "478b1ca5-fac4-4940-bda1-873c551431ee",
      "versionNumber": 0,
      "componentId": "00000000-0000-0000-0000-000000000000"
    }
  ],
  "dialogs": [
    {
      "rootNodeId": "5c262803-a43f-4652-87ce-c7e9960b6fea",
      "messageNodes": [
        {
          "botMessageId": "64e3fb19-32e1-4fa4-a68c-1d599069730c",
          "nodeType": "BotMessageNode",
          "id": "5c262803-a43f-4652-87ce-c7e9960b6fea",
          "defaultTargetNodeId": "bc6013c1-5889-4e57-8807-3ac64ae264b9"
        }
      ],
      "dialogChangeNodes": [
        {
          "targetDialogId": "new_topic_ff75c3680c434d8cba423897663a537e_aeabea4d071f415c8c107e1cb7af5424_assumedsuccess",
          "nodeType": "DialogChangeNode",
          "id": "bc6013c1-5889-4e57-8807-3ac64ae264b9"
        }
      ],
      "id": "new_topic_67d49facfa334ce58f27de4c9bd66aa6",
      "displayName": "Dialog for Duração máxima de uma chamada telefónica (reunião de conferência sonora)?",
      "createdTime": "2021-03-24T18:09:18.0583447Z",
      "updatedTime": "2021-03-24T18:09:18.0583447Z",
      "createdUserId": "478b1ca5-fac4-4940-bda1-873c551431ee",
      "updatedUserId": "478b1ca5-fac4-4940-bda1-873c551431ee",
      "versionNumber": 0,
      "componentId": "00000000-0000-0000-0000-000000000000"
    }
  ],
  "botMessages": [
    {
      "channelContent": {
        "web": {
          "contentFormat": "Markdown",
          "content": "A reunião termina depois de 24 horas."
        }
      },
      "id": "64e3fb19-32e1-4fa4-a68c-1d599069730c",
      "createdTime": "2021-03-24T18:09:18.0583447Z",
      "updatedTime": "2021-03-24T18:09:18.0583447Z",
      "createdUserId": "478b1ca5-fac4-4940-bda1-873c551431ee",
      "updatedUserId": "478b1ca5-fac4-4940-bda1-873c551431ee",
      "versionNumber": 0,
      "componentId": "00000000-0000-0000-0000-000000000000"
    }
  ],
  "createdUtc": "0001-01-01T00:00:00Z"
}