{
  "intents": [
    {
      "triggerQueries": [
        "Como posso alterar as notificações das equipas?"
      ],
      "dialogId": "new_topic_f60d8175db014606ae8f9b13618941af",
      "isTriggeringEnabled": true,
      "canTriggeringBeDisabled": true,
      "id": "new_topic_f60d8175db014606ae8f9b13618941af",
      "displayName": "Como posso alterar as notificações das equipas?",
      "description": "https://adoptbotv2kb.blob.core.windows.net/%24web/adoptbot2021-Portuguese (Portugal).docx",
      "createdTime": "2021-03-24T18:09:18.0653521Z",
      "updatedTime": "2021-03-25T09:12:39.2784684Z",
      "createdUserId": "478b1ca5-fac4-4940-bda1-873c551431ee",
      "updatedUserId": "478b1ca5-fac4-4940-bda1-873c551431ee",
      "versionNumber": 0,
      "componentId": "00000000-0000-0000-0000-000000000000"
    }
  ],
  "dialogs": [
    {
      "rootNodeId": "b30fa91e-d941-4bda-a5b5-1e33648a03f1",
      "messageNodes": [
        {
          "botMessageId": "c1e46e47-a134-4b3f-80dc-11616e65cf9b",
          "nodeType": "BotMessageNode",
          "id": "b30fa91e-d941-4bda-a5b5-1e33648a03f1",
          "defaultTargetNodeId": "1ffda8e0-aa5a-445c-8194-8e443378bae4"
        }
      ],
      "dialogChangeNodes": [
        {
          "targetDialogId": "new_topic_ff75c3680c434d8cba423897663a537e_aeabea4d071f415c8c107e1cb7af5424_assumedsuccess",
          "nodeType": "DialogChangeNode",
          "id": "1ffda8e0-aa5a-445c-8194-8e443378bae4"
        }
      ],
      "id": "new_topic_f60d8175db014606ae8f9b13618941af",
      "displayName": "Dialog for Como posso alterar as notificações das equipas?",
      "createdTime": "2021-03-24T18:09:18.0653521Z",
      "updatedTime": "2021-03-24T18:09:18.0653521Z",
      "createdUserId": "478b1ca5-fac4-4940-bda1-873c551431ee",
      "updatedUserId": "478b1ca5-fac4-4940-bda1-873c551431ee",
      "versionNumber": 0,
      "componentId": "00000000-0000-0000-0000-000000000000"
    }
  ],
  "botMessages": [
    {
      "channelContent": {
        "web": {
          "contentFormat": "Markdown",
          "content": "O Microsoft Teams oferece diferentes formas de aceder, receber e gerir notificações.\r\n\r\nEstas definições incluem como, quando e onde as suas notificações aparecem, configurações personalizadas para canais e chat, aparência e sons, desligando mensagens específicas, e assim por diante.\r\n\r\nPara gerir as suas notificações, selecione a sua imagem de perfil no direito superior dasEquipas.  Then selecione Definições &gt; Notificações.\r\n\r\nVeja maissobre[m](https://support.microsoft.com/en-us/office/manage-notifications-in-teams-1cc31834-5fe5-412b-8edb-43fecc78413d) [anaging](https://support.microsoft.com/en-us/office/manage-notifications-in-teams-1cc31834-5fe5-412b-8edb-43fecc78413d) [your](https://support.microsoft.com/en-us/office/manage-notifications-in-teams-1cc31834-5fe5-412b-8edb-43fecc78413d)[n](https://support.microsoft.com/en-us/office/manage-notifications-in-teams-1cc31834-5fe5-412b-8edb-43fecc78413d) [otification](https://support.microsoft.com/en-us/office/manage-notifications-in-teams-1cc31834-5fe5-412b-8edb-43fecc78413d) [s](https://support.microsoft.com/en-us/office/manage-notifications-in-teams-1cc31834-5fe5-412b-8edb-43fecc78413d) in Microsoft [Teams](https://support.microsoft.com/en-us/office/manage-notifications-in-teams-1cc31834-5fe5-412b-8edb-43fecc78413d) ."
        }
      },
      "id": "c1e46e47-a134-4b3f-80dc-11616e65cf9b",
      "createdTime": "2021-03-24T18:09:18.0653521Z",
      "updatedTime": "2021-03-24T18:09:18.0653521Z",
      "createdUserId": "478b1ca5-fac4-4940-bda1-873c551431ee",
      "updatedUserId": "478b1ca5-fac4-4940-bda1-873c551431ee",
      "versionNumber": 0,
      "componentId": "00000000-0000-0000-0000-000000000000"
    }
  ],
  "createdUtc": "0001-01-01T00:00:00Z"
}