{
  "intents": [
    {
      "triggerQueries": [
        "Como posso @mention toda a equipa?"
      ],
      "dialogId": "new_topic_600a5b6b18b84cc89fff6ac686070e4e",
      "isTriggeringEnabled": true,
      "canTriggeringBeDisabled": true,
      "id": "new_topic_600a5b6b18b84cc89fff6ac686070e4e",
      "displayName": "Como posso @mention toda a equipa?",
      "description": "https://adoptbotv2kb.blob.core.windows.net/%24web/adoptbot2021-Portuguese (Portugal).docx",
      "createdTime": "2021-03-24T18:09:18.0653521Z",
      "updatedTime": "2021-03-25T09:12:37.6499864Z",
      "createdUserId": "478b1ca5-fac4-4940-bda1-873c551431ee",
      "updatedUserId": "478b1ca5-fac4-4940-bda1-873c551431ee",
      "versionNumber": 0,
      "componentId": "00000000-0000-0000-0000-000000000000"
    }
  ],
  "dialogs": [
    {
      "rootNodeId": "597ef3a7-7ed5-4167-958e-3b9af1dd291c",
      "messageNodes": [
        {
          "botMessageId": "b45a1a28-7d75-41ea-adeb-27a07ab92f6e",
          "nodeType": "BotMessageNode",
          "id": "597ef3a7-7ed5-4167-958e-3b9af1dd291c",
          "defaultTargetNodeId": "8e81511f-2731-4c91-894e-2ab68608190f"
        }
      ],
      "dialogChangeNodes": [
        {
          "targetDialogId": "new_topic_ff75c3680c434d8cba423897663a537e_aeabea4d071f415c8c107e1cb7af5424_assumedsuccess",
          "nodeType": "DialogChangeNode",
          "id": "8e81511f-2731-4c91-894e-2ab68608190f"
        }
      ],
      "id": "new_topic_600a5b6b18b84cc89fff6ac686070e4e",
      "displayName": "Dialog for Como posso @mention toda a equipa?",
      "createdTime": "2021-03-24T18:09:18.0653521Z",
      "updatedTime": "2021-03-24T18:09:18.0653521Z",
      "createdUserId": "478b1ca5-fac4-4940-bda1-873c551431ee",
      "updatedUserId": "478b1ca5-fac4-4940-bda1-873c551431ee",
      "versionNumber": 0,
      "componentId": "00000000-0000-0000-0000-000000000000"
    }
  ],
  "botMessages": [
    {
      "channelContent": {
        "web": {
          "contentFormat": "Markdown",
          "content": "Para chamar a atenção de todos na  equipa mencione o nome da equipa. Basta escrever @ antes do nome da equipa e, em seguida, selecionar  a  equipa do menu  que aparece.\r\n\r\nPor @team nome, todos os membros da equipa recebem umanota. O tipo de notificação  depende da  configuração de cadaindivíduo. Utilize esta opção com moderação porque é como  usar  \"responder a todos\" no e-mail."
        }
      },
      "id": "b45a1a28-7d75-41ea-adeb-27a07ab92f6e",
      "createdTime": "2021-03-24T18:09:18.0653521Z",
      "updatedTime": "2021-03-24T18:09:18.0653521Z",
      "createdUserId": "478b1ca5-fac4-4940-bda1-873c551431ee",
      "updatedUserId": "478b1ca5-fac4-4940-bda1-873c551431ee",
      "versionNumber": 0,
      "componentId": "00000000-0000-0000-0000-000000000000"
    }
  ],
  "createdUtc": "0001-01-01T00:00:00Z"
}