{
  "intents": [
    {
      "triggerQueries": [
        "Como abro um ficheiro do Teams no meu smartphone?"
      ],
      "dialogId": "new_topic_84ae8a6798954486b1c6bbefe2a977e9",
      "isTriggeringEnabled": false,
      "id": "new_topic_84ae8a6798954486b1c6bbefe2a977e9",
      "displayName": "Como abro um ficheiro do Teams no meu smartphone?",
      "description": "https://myfirstbot5159226067.blob.core.windows.net/adoptbotpt/adoptbot2021-Portuguese (3).docx",
      "createdTime": "2021-04-07T18:37:12.8785774Z",
      "updatedTime": "2021-04-07T18:37:12.8785774Z",
      "createdUserId": "704dbbff-ed42-4ede-b8c8-2ac7c33773ac"
    }
  ],
  "dialogs": [
    {
      "rootNodeId": "6999ba21-8dbb-49b8-b2a5-a902b4965e16",
      "messageNodes": [
        {
          "botMessageId": "4237ffb3-a9e1-4223-9217-40a3b0b9c4de",
          "nodeType": "BotMessageNode",
          "id": "6999ba21-8dbb-49b8-b2a5-a902b4965e16",
          "defaultTargetNodeId": "d5e327d3-2137-4fb1-a5ca-5c8c94f0973b"
        }
      ],
      "dialogChangeNodes": [
        {
          "targetDialogId": "new_topic_f47de1d400dd44789efae4b80b274492_aeabea4d071f415c8c107e1cb7af5424_assumedsuccess",
          "nodeType": "DialogChangeNode",
          "id": "d5e327d3-2137-4fb1-a5ca-5c8c94f0973b"
        }
      ],
      "id": "new_topic_84ae8a6798954486b1c6bbefe2a977e9",
      "displayName": "Dialog for Como abro um ficheiro do Teams no meu smartphone?",
      "createdTime": "2021-04-07T18:37:12.8785774Z",
      "updatedTime": "2021-04-07T18:37:12.8785774Z",
      "createdUserId": "704dbbff-ed42-4ede-b8c8-2ac7c33773ac",
      "updatedUserId": "704dbbff-ed42-4ede-b8c8-2ac7c33773ac"
    }
  ],
  "botMessages": [
    {
      "channelContent": {
        "web": {
          "contentFormat": "Markdown",
          "content": "As equipas são um ótimo local para gerir ficheiros a partir do seu telemóvel. Se entrar num ficheiro de um canal a partir da sua aplicação móvel Teams, tem a opção de abrir ou enviar uma cópia a alguém."
        }
      },
      "id": "4237ffb3-a9e1-4223-9217-40a3b0b9c4de",
      "createdTime": "2021-04-07T18:37:12.8785774Z",
      "updatedTime": "2021-04-07T18:37:12.8785774Z",
      "createdUserId": "704dbbff-ed42-4ede-b8c8-2ac7c33773ac",
      "updatedUserId": "704dbbff-ed42-4ede-b8c8-2ac7c33773ac"
    }
  ],
  "createdUtc": "0001-01-01T00:00:00Z"
}