{
  "intents": [
    {
      "triggerQueries": [
        "Como sei se o meu dispositivo pode funcionar no Escritório?"
      ],
      "dialogId": "new_topic_3df7978340254a1399aa2c08f13dd8d1",
      "isTriggeringEnabled": true,
      "canTriggeringBeDisabled": true,
      "id": "new_topic_3df7978340254a1399aa2c08f13dd8d1",
      "displayName": "Como sei se o meu dispositivo pode funcionar no Escritório?",
      "description": "https://adoptbotv2kb.blob.core.windows.net/%24web/adoptbot2021-Portuguese (Portugal).docx",
      "createdTime": "2021-03-24T18:09:18.0573466Z",
      "updatedTime": "2021-03-25T09:14:05.1918735Z",
      "createdUserId": "478b1ca5-fac4-4940-bda1-873c551431ee",
      "updatedUserId": "478b1ca5-fac4-4940-bda1-873c551431ee",
      "versionNumber": 0,
      "componentId": "00000000-0000-0000-0000-000000000000"
    }
  ],
  "dialogs": [
    {
      "rootNodeId": "a54ea9ff-b405-4c78-8f5e-dabd333b295e",
      "messageNodes": [
        {
          "botMessageId": "32a80440-28ea-495a-aed4-1ca3f1bcc8cc",
          "nodeType": "BotMessageNode",
          "id": "a54ea9ff-b405-4c78-8f5e-dabd333b295e",
          "defaultTargetNodeId": "9e267dad-384e-4e3a-b685-a60f1cb99bfd"
        }
      ],
      "dialogChangeNodes": [
        {
          "targetDialogId": "new_topic_ff75c3680c434d8cba423897663a537e_aeabea4d071f415c8c107e1cb7af5424_assumedsuccess",
          "nodeType": "DialogChangeNode",
          "id": "9e267dad-384e-4e3a-b685-a60f1cb99bfd"
        }
      ],
      "id": "new_topic_3df7978340254a1399aa2c08f13dd8d1",
      "displayName": "Dialog for Como sei se o meu dispositivo pode funcionar no Escritório?",
      "createdTime": "2021-03-24T18:09:18.0573466Z",
      "updatedTime": "2021-03-24T18:09:18.0573466Z",
      "createdUserId": "478b1ca5-fac4-4940-bda1-873c551431ee",
      "updatedUserId": "478b1ca5-fac4-4940-bda1-873c551431ee",
      "versionNumber": 0,
      "componentId": "00000000-0000-0000-0000-000000000000"
    }
  ],
  "botMessages": [
    {
      "channelContent": {
        "web": {
          "contentFormat": "Markdown",
          "content": "O Office 365 é compatível com Windows, Mac, iPhone, Android. Para versões compatíveis do Windows e macOS, e para outros requisitos de funcionalidade, consulte [os Requisitos do Sistema](https://products.office.com/en-us/office-system-requirements)"
        }
      },
      "id": "32a80440-28ea-495a-aed4-1ca3f1bcc8cc",
      "createdTime": "2021-03-24T18:09:18.0573466Z",
      "updatedTime": "2021-03-24T18:09:18.0573466Z",
      "createdUserId": "478b1ca5-fac4-4940-bda1-873c551431ee",
      "updatedUserId": "478b1ca5-fac4-4940-bda1-873c551431ee",
      "versionNumber": 0,
      "componentId": "00000000-0000-0000-0000-000000000000"
    }
  ],
  "createdUtc": "0001-01-01T00:00:00Z"
}