{
  "intents": [
    {
      "triggerQueries": [
        "O que é dono de equipa?"
      ],
      "dialogId": "new_topic_e563277e7268412088ac5fd90cfef791",
      "isTriggeringEnabled": false,
      "id": "new_topic_e563277e7268412088ac5fd90cfef791",
      "displayName": "O que é dono de equipa?",
      "description": "https://myfirstbot5159226067.blob.core.windows.net/adoptbotpt/adoptbot2021-Portuguese (3).docx",
      "createdTime": "2021-04-07T18:37:12.8795986Z",
      "updatedTime": "2021-04-07T18:37:12.8795986Z",
      "createdUserId": "704dbbff-ed42-4ede-b8c8-2ac7c33773ac"
    }
  ],
  "dialogs": [
    {
      "rootNodeId": "62605ffb-972d-48fd-825e-6225156687fb",
      "messageNodes": [
        {
          "botMessageId": "d3f1d5b2-01e1-4070-997f-ebbcbc88c91f",
          "nodeType": "BotMessageNode",
          "id": "62605ffb-972d-48fd-825e-6225156687fb",
          "defaultTargetNodeId": "ccb5e3c2-af31-4d6b-a332-6d36c678a51b"
        }
      ],
      "dialogChangeNodes": [
        {
          "targetDialogId": "new_topic_f47de1d400dd44789efae4b80b274492_aeabea4d071f415c8c107e1cb7af5424_assumedsuccess",
          "nodeType": "DialogChangeNode",
          "id": "ccb5e3c2-af31-4d6b-a332-6d36c678a51b"
        }
      ],
      "id": "new_topic_e563277e7268412088ac5fd90cfef791",
      "displayName": "Dialog for O que é dono de equipa?",
      "createdTime": "2021-04-07T18:37:12.8795986Z",
      "updatedTime": "2021-04-07T18:37:12.8795986Z",
      "createdUserId": "704dbbff-ed42-4ede-b8c8-2ac7c33773ac",
      "updatedUserId": "704dbbff-ed42-4ede-b8c8-2ac7c33773ac"
    }
  ],
  "botMessages": [
    {
      "channelContent": {
        "web": {
          "contentFormat": "Markdown",
          "content": "O dono da equipa é a pessoa que cria e/ou administra a equipa. Os donos das equipas podem transformar os membros da sua equipa em donos de equipas quando os convidam  para  a  equipa ou a qualquer momento depois de se terem  juntado à equipa. Com vários proprietários de equipas, pode partilhar a responsabilidade pela gestão de configurações e membros, incluindo convites.\r\n\r\nPonta\r\n\r\nrápida:\r\n\r\nComo proprietário, pode adicionar uma imagem de equipa, definir permissões para os membros da equipa criarem canais, adicionarem separadores, @mention toda a equipa ou canal, e controlar o uso de  GIFs, autocolantes e memes. Finalmente, certifique-se de ter pelo menos dois proprietários por  equipa. Isto garante um contacto de backup no caso de um dos proprietários não estar disponível."
        }
      },
      "id": "d3f1d5b2-01e1-4070-997f-ebbcbc88c91f",
      "createdTime": "2021-04-07T18:37:12.8795986Z",
      "updatedTime": "2021-04-07T18:37:12.8795986Z",
      "createdUserId": "704dbbff-ed42-4ede-b8c8-2ac7c33773ac",
      "updatedUserId": "704dbbff-ed42-4ede-b8c8-2ac7c33773ac"
    }
  ],
  "createdUtc": "0001-01-01T00:00:00Z"
}