<botcomponent schemaname="new_topic_f47de1d400dd44789efae4b80b274492_85df75ce08a44a9b82cc8f3fdb25f669">
  <componenttype>0</componenttype>
  <description>Lição 4 – Esta lição continuará mostrando como criar um tópico com uma ramificação condicional, uma variável e uma entidade personalizada. 

Especificamente, ele permitirá que uma entidade ignore uma pergunta de acompanhamento. Por exemplo, experimente testar com "Quero um laptop para usar no trabalho."</description>
  <iscustomizable>1</iscustomizable>
  <name>Lição 4 - Um tópico com condições, variáveis e uma entidade personalizada.</name>
  <statecode>0</statecode>
  <statuscode>1</statuscode>
</botcomponent>