{
  "intents": [
    {
      "triggerQueries": [
        "Como fazer um anúncio?"
      ],
      "dialogId": "new_topic_c66096452a06428db323838f4f32ff9f",
      "isTriggeringEnabled": false,
      "id": "new_topic_c66096452a06428db323838f4f32ff9f",
      "displayName": "Como fazer um anúncio?",
      "description": "https://myfirstbot5159226067.blob.core.windows.net/adoptbotpt/adoptbot2021-Portuguese (3).docx",
      "createdTime": "2021-04-07T18:37:12.8795986Z",
      "updatedTime": "2021-04-07T18:37:12.8795986Z",
      "createdUserId": "704dbbff-ed42-4ede-b8c8-2ac7c33773ac"
    }
  ],
  "dialogs": [
    {
      "rootNodeId": "0e1aacfd-a540-4bb5-8091-bc9a3bcb380a",
      "messageNodes": [
        {
          "botMessageId": "cc0d2682-8c18-48a7-b32d-6fd4a6a5d5d5",
          "nodeType": "BotMessageNode",
          "id": "0e1aacfd-a540-4bb5-8091-bc9a3bcb380a",
          "defaultTargetNodeId": "51abc928-c688-46da-b78d-82c542d87b10"
        }
      ],
      "dialogChangeNodes": [
        {
          "targetDialogId": "new_topic_f47de1d400dd44789efae4b80b274492_aeabea4d071f415c8c107e1cb7af5424_assumedsuccess",
          "nodeType": "DialogChangeNode",
          "id": "51abc928-c688-46da-b78d-82c542d87b10"
        }
      ],
      "id": "new_topic_c66096452a06428db323838f4f32ff9f",
      "displayName": "Dialog for Como fazer um anúncio?",
      "createdTime": "2021-04-07T18:37:12.8795986Z",
      "updatedTime": "2021-04-07T18:37:12.8795986Z",
      "createdUserId": "704dbbff-ed42-4ede-b8c8-2ac7c33773ac",
      "updatedUserId": "704dbbff-ed42-4ede-b8c8-2ac7c33773ac"
    }
  ],
  "botMessages": [
    {
      "channelContent": {
        "web": {
          "contentFormat": "Markdown",
          "content": "Pode fazer um anúncio que se destaca do resto das conversas e ser realmente ouvido\r\n\r\nPara criar um  anúncio,  selecione o botão de formatação (parece um A com uma caneta) e deixe cair o menu ! Nova Conversa e escolha Anúncio.\r\n\r\nChoose uma imagem de fundo para mais efeito"
        }
      },
      "id": "cc0d2682-8c18-48a7-b32d-6fd4a6a5d5d5",
      "createdTime": "2021-04-07T18:37:12.8795986Z",
      "updatedTime": "2021-04-07T18:37:12.8795986Z",
      "createdUserId": "704dbbff-ed42-4ede-b8c8-2ac7c33773ac",
      "updatedUserId": "704dbbff-ed42-4ede-b8c8-2ac7c33773ac"
    }
  ],
  "createdUtc": "0001-01-01T00:00:00Z"
}