{
  "intents": [
    {
      "triggerQueries": [
        "Quais são os benefícios das conferências telefónicas (conferência sonora)?"
      ],
      "dialogId": "new_topic_ccea3caec0b54636bee3478f28d1dab8",
      "isTriggeringEnabled": true,
      "canTriggeringBeDisabled": true,
      "id": "new_topic_ccea3caec0b54636bee3478f28d1dab8",
      "displayName": "Quais são os benefícios das conferências telefónicas (conferência sonora)?",
      "description": "https://adoptbotv2kb.blob.core.windows.net/%24web/adoptbot2021-Portuguese (Portugal).docx",
      "createdTime": "2021-03-24T18:09:18.0583447Z",
      "updatedTime": "2021-03-25T09:13:32.0486077Z",
      "createdUserId": "478b1ca5-fac4-4940-bda1-873c551431ee",
      "updatedUserId": "478b1ca5-fac4-4940-bda1-873c551431ee",
      "versionNumber": 0,
      "componentId": "00000000-0000-0000-0000-000000000000"
    }
  ],
  "dialogs": [
    {
      "rootNodeId": "f510a824-e810-4d16-bed4-a303309760e8",
      "messageNodes": [
        {
          "botMessageId": "3e82b5e2-c216-4adb-a524-1a311432169d",
          "nodeType": "BotMessageNode",
          "id": "f510a824-e810-4d16-bed4-a303309760e8",
          "defaultTargetNodeId": "f2f4a144-453d-49aa-8d75-471c3ac3fe5a"
        }
      ],
      "dialogChangeNodes": [
        {
          "targetDialogId": "new_topic_ff75c3680c434d8cba423897663a537e_aeabea4d071f415c8c107e1cb7af5424_assumedsuccess",
          "nodeType": "DialogChangeNode",
          "id": "f2f4a144-453d-49aa-8d75-471c3ac3fe5a"
        }
      ],
      "id": "new_topic_ccea3caec0b54636bee3478f28d1dab8",
      "displayName": "Dialog for Quais são os benefícios das conferências telefónicas (conferência sonora)?",
      "createdTime": "2021-03-24T18:09:18.0583447Z",
      "updatedTime": "2021-03-24T18:09:18.0583447Z",
      "createdUserId": "478b1ca5-fac4-4940-bda1-873c551431ee",
      "updatedUserId": "478b1ca5-fac4-4940-bda1-873c551431ee",
      "versionNumber": 0,
      "componentId": "00000000-0000-0000-0000-000000000000"
    }
  ],
  "botMessages": [
    {
      "channelContent": {
        "web": {
          "contentFormat": "Markdown",
          "content": "Ligar para reuniões é muito útil quando as pessoas estão na estrada, por exemplo, e não podem assistir a uma reunião usando a app Microsoft Teams no seu portátil ou dispositivos móveis.\r\n\r\nMas há outros cenários em que usar um telefone para assistir a uma reunião do Microsoft Teams pode ser uma opção melhor do que usar uma aplicação num computador: a conectividade da Internet é limitada, uma  reunião é apenas áudio,  nãoé melhor chamar qualidade se marcar, e p eople pode juntar-se a uma reunião de mãos livres usando dispositivos Bluetooth.\r\n\r\nAlguns peoplepodem achar que é mais fácil e conveniente para a sua situação."
        }
      },
      "id": "3e82b5e2-c216-4adb-a524-1a311432169d",
      "createdTime": "2021-03-24T18:09:18.0583447Z",
      "updatedTime": "2021-03-24T18:09:18.0583447Z",
      "createdUserId": "478b1ca5-fac4-4940-bda1-873c551431ee",
      "updatedUserId": "478b1ca5-fac4-4940-bda1-873c551431ee",
      "versionNumber": 0,
      "componentId": "00000000-0000-0000-0000-000000000000"
    }
  ],
  "createdUtc": "0001-01-01T00:00:00Z"
}