{
  "intents": [
    {
      "triggerQueries": [
        "Como é que um utilizador acede ou altera o seu ID de conferência?"
      ],
      "dialogId": "new_topic_13220c1a0a8547f0a4ceee89494791c7",
      "isTriggeringEnabled": true,
      "canTriggeringBeDisabled": true,
      "id": "new_topic_13220c1a0a8547f0a4ceee89494791c7",
      "displayName": "Como é que um utilizador acede ou altera o seu ID de conferência?",
      "description": "https://adoptbotv2kb.blob.core.windows.net/%24web/adoptbot2021-Portuguese (Portugal).docx",
      "createdTime": "2021-03-24T18:09:18.0583447Z",
      "updatedTime": "2021-03-25T09:13:36.8867189Z",
      "createdUserId": "478b1ca5-fac4-4940-bda1-873c551431ee",
      "updatedUserId": "478b1ca5-fac4-4940-bda1-873c551431ee",
      "versionNumber": 0,
      "componentId": "00000000-0000-0000-0000-000000000000"
    }
  ],
  "dialogs": [
    {
      "rootNodeId": "22d2aaec-f7c8-4bcc-9b94-25550293dc81",
      "messageNodes": [
        {
          "botMessageId": "3d9eb87f-5a08-4df9-9123-94631191bbf4",
          "nodeType": "BotMessageNode",
          "id": "22d2aaec-f7c8-4bcc-9b94-25550293dc81",
          "defaultTargetNodeId": "75b42aee-349d-4b62-ad21-29f8200bf2b7"
        }
      ],
      "dialogChangeNodes": [
        {
          "targetDialogId": "new_topic_ff75c3680c434d8cba423897663a537e_aeabea4d071f415c8c107e1cb7af5424_assumedsuccess",
          "nodeType": "DialogChangeNode",
          "id": "75b42aee-349d-4b62-ad21-29f8200bf2b7"
        }
      ],
      "id": "new_topic_13220c1a0a8547f0a4ceee89494791c7",
      "displayName": "Dialog for Como é que um utilizador acede ou altera o seu ID de conferência?",
      "createdTime": "2021-03-24T18:09:18.0583447Z",
      "updatedTime": "2021-03-24T18:09:18.0583447Z",
      "createdUserId": "478b1ca5-fac4-4940-bda1-873c551431ee",
      "updatedUserId": "478b1ca5-fac4-4940-bda1-873c551431ee",
      "versionNumber": 0,
      "componentId": "00000000-0000-0000-0000-000000000000"
    }
  ],
  "botMessages": [
    {
      "channelContent": {
        "web": {
          "contentFormat": "Markdown",
          "content": "Um utilizador da Microsoft Teams pode encontrar o ID da conferência que lhes foi atribuído, agendando uma reunião em Equipas, no Outlook e no Outlook na web. Os utilizadores também podem encontrar o ID da conferência no e-mail que lhes será enviado quando a reunião estiver  reservada.\r\n\r\nOs utilizadores não poderão restaurar o seu ID de conferência. O ID da conferência só pode ser reposto por administrador para a sua organização."
        }
      },
      "id": "3d9eb87f-5a08-4df9-9123-94631191bbf4",
      "createdTime": "2021-03-24T18:09:18.0583447Z",
      "updatedTime": "2021-03-24T18:09:18.0583447Z",
      "createdUserId": "478b1ca5-fac4-4940-bda1-873c551431ee",
      "updatedUserId": "478b1ca5-fac4-4940-bda1-873c551431ee",
      "versionNumber": 0,
      "componentId": "00000000-0000-0000-0000-000000000000"
    }
  ],
  "createdUtc": "0001-01-01T00:00:00Z"
}