{
  "intents": [
    {
      "triggerQueries": [
        "Como envio um e-mail para um canal em Equipas?"
      ],
      "dialogId": "new_topic_e08ca9c3dbb6430b8ebcd6c79837aebe",
      "isTriggeringEnabled": false,
      "id": "new_topic_e08ca9c3dbb6430b8ebcd6c79837aebe",
      "displayName": "Como envio um e-mail para um canal em Equipas?",
      "description": "https://myfirstbot5159226067.blob.core.windows.net/adoptbotpt/adoptbot2021-Portuguese (3).docx",
      "createdTime": "2021-04-07T18:37:12.8795986Z",
      "updatedTime": "2021-04-07T18:37:12.8795986Z",
      "createdUserId": "704dbbff-ed42-4ede-b8c8-2ac7c33773ac"
    }
  ],
  "dialogs": [
    {
      "rootNodeId": "4d0cff24-48ec-45d0-a359-2bd7d08ab2c2",
      "messageNodes": [
        {
          "botMessageId": "fdf99216-c1aa-47d5-bce6-9c1fb5e8a34a",
          "nodeType": "BotMessageNode",
          "id": "4d0cff24-48ec-45d0-a359-2bd7d08ab2c2",
          "defaultTargetNodeId": "f0186c0c-c5af-499e-b978-8027f2915d37"
        }
      ],
      "dialogChangeNodes": [
        {
          "targetDialogId": "new_topic_f47de1d400dd44789efae4b80b274492_aeabea4d071f415c8c107e1cb7af5424_assumedsuccess",
          "nodeType": "DialogChangeNode",
          "id": "f0186c0c-c5af-499e-b978-8027f2915d37"
        }
      ],
      "id": "new_topic_e08ca9c3dbb6430b8ebcd6c79837aebe",
      "displayName": "Dialog for Como envio um e-mail para um canal em Equipas?",
      "createdTime": "2021-04-07T18:37:12.8795986Z",
      "updatedTime": "2021-04-07T18:37:12.8795986Z",
      "createdUserId": "704dbbff-ed42-4ede-b8c8-2ac7c33773ac",
      "updatedUserId": "704dbbff-ed42-4ede-b8c8-2ac7c33773ac"
    }
  ],
  "botMessages": [
    {
      "channelContent": {
        "web": {
          "contentFormat": "Markdown",
          "content": "Melhor:\r\n\r\nSelecione o botão \"Partilhar para Equipas\" diretamente a partir de uma mensagem no Outlook.\r\n\r\nSe não tiver este botão:\r\n\r\nCada canal tem um endereço de e-mail e pode enviar e-mails diretamente para uma Equipa c [hannel.](https://support.microsoft.com/en-us/office/skicka-e-post-till-en-kanal-i-teams-d91db004-d9d7-4a47-82e6-fb1b16dfd51e?ui=en-us&rs=en-us&ad=se)  Para isso, encontre o canal que gostaria de enviar por e-mail e clique no nome do  canal. Selecione  Mais opções  e selecione  Obter endereço de e-mail  e cópia.\r\n\r\nNo Outlook, reencaminha o seu e-mail para o endereço de e-mail do canal. Verá o e-mail no canal para o qual o envia. Quaisquer anexos são extraídos e guardados em  Ficheiros  no canal.\r\n\r\nDica:\r\n\r\nPode guardar o endereço de e-mail do seu canal no Outlook para encaminhar rapidamente todos os e-mails recebidos para esse endereço de e-mail."
        }
      },
      "id": "fdf99216-c1aa-47d5-bce6-9c1fb5e8a34a",
      "createdTime": "2021-04-07T18:37:12.8795986Z",
      "updatedTime": "2021-04-07T18:37:12.8795986Z",
      "createdUserId": "704dbbff-ed42-4ede-b8c8-2ac7c33773ac",
      "updatedUserId": "704dbbff-ed42-4ede-b8c8-2ac7c33773ac"
    }
  ],
  "createdUtc": "0001-01-01T00:00:00Z"
}