<bot_botcomponentset>
  <bot_botcomponent botid.schemaname="new_bot_ff75c3680c434d8cba423897663a537e" botcomponentid.schemaname="new_topic_cdbf0eb280884722988b5a2fcf210c0b">
    <iscustomizable>1</iscustomizable>
  </bot_botcomponent>
  <bot_botcomponent botcomponentid.schemaname="new_topic_b3a2b42ea07a429da692c3ac8d3e93c5" botid.schemaname="new_bot_ff75c3680c434d8cba423897663a537e">
    <iscustomizable>1</iscustomizable>
  </bot_botcomponent>
  <bot_botcomponent botid.schemaname="new_bot_ff75c3680c434d8cba423897663a537e" botcomponentid.schemaname="new_topic_950f235e0cbc44c49543a0a90a340e34">
    <iscustomizable>1</iscustomizable>
  </bot_botcomponent>
  <bot_botcomponent botcomponentid.schemaname="new_topic_c1252d2d6f0c41dc8fc6378490869935" botid.schemaname="new_bot_ff75c3680c434d8cba423897663a537e">
    <iscustomizable>1</iscustomizable>
  </bot_botcomponent>
  <bot_botcomponent botcomponentid.schemaname="new_topic_0121286933d9429280e34faf75e20867" botid.schemaname="new_bot_ff75c3680c434d8cba423897663a537e">
    <iscustomizable>1</iscustomizable>
  </bot_botcomponent>
  <bot_botcomponent botcomponentid.schemaname="new_topic_15ba53c916e74ed6b5ad838ef6c0331f" botid.schemaname="new_bot_ff75c3680c434d8cba423897663a537e">
    <iscustomizable>1</iscustomizable>
  </bot_botcomponent>
  <bot_botcomponent botcomponentid.schemaname="new_topic_8365e834ad034213b505871aded4c3f8" botid.schemaname="new_bot_ff75c3680c434d8cba423897663a537e">
    <iscustomizable>1</iscustomizable>
  </bot_botcomponent>
  <bot_botcomponent botid.schemaname="new_bot_ff75c3680c434d8cba423897663a537e" botcomponentid.schemaname="new_topic_662b7849ad624b0ea087bdecc7d1b365">
    <iscustomizable>1</iscustomizable>
  </bot_botcomponent>
  <bot_botcomponent botcomponentid.schemaname="new_topic_23fea76ea3d749a6887d75d28f8908b8" botid.schemaname="new_bot_ff75c3680c434d8cba423897663a537e">
    <iscustomizable>1</iscustomizable>
  </bot_botcomponent>
  <bot_botcomponent botcomponentid.schemaname="new_topic_67ad0d1ef73e49008d98e60498caba8e" botid.schemaname="new_bot_ff75c3680c434d8cba423897663a537e">
    <iscustomizable>1</iscustomizable>
  </bot_botcomponent>
  <bot_botcomponent botcomponentid.schemaname="new_topic_a02aa561813241cd9aaeb5cf72bd492f" botid.schemaname="new_bot_ff75c3680c434d8cba423897663a537e">
    <iscustomizable>1</iscustomizable>
  </bot_botcomponent>
  <bot_botcomponent botcomponentid.schemaname="new_topic_75ac6484537a4d8598314b921dc008e6" botid.schemaname="new_bot_ff75c3680c434d8cba423897663a537e">
    <iscustomizable>1</iscustomizable>
  </bot_botcomponent>
  <bot_botcomponent botid.schemaname="new_bot_ff75c3680c434d8cba423897663a537e" botcomponentid.schemaname="new_topic_8339692e53684e359fa684e1ebe538a4">
    <iscustomizable>1</iscustomizable>
  </bot_botcomponent>
  <bot_botcomponent botid.schemaname="new_bot_ff75c3680c434d8cba423897663a537e" botcomponentid.schemaname="new_topic_ea0e924235e24bf4a938681cc82b73ec">
    <iscustomizable>1</iscustomizable>
  </bot_botcomponent>
  <bot_botcomponent botid.schemaname="new_bot_ff75c3680c434d8cba423897663a537e" botcomponentid.schemaname="new_topic_243418e83f0d41f8863f7581f91f09e0">
    <iscustomizable>1</iscustomizable>
  </bot_botcomponent>
  <bot_botcomponent botid.schemaname="new_bot_ff75c3680c434d8cba423897663a537e" botcomponentid.schemaname="new_topic_a6ac8dd98aaa4796a2b25240bfd163ff">
    <iscustomizable>1</iscustomizable>
  </bot_botcomponent>
  <bot_botcomponent botid.schemaname="new_bot_ff75c3680c434d8cba423897663a537e" botcomponentid.schemaname="new_topic_a0a4f4bb1913477aa8f89148f8874b68">
    <iscustomizable>1</iscustomizable>
  </bot_botcomponent>
  <bot_botcomponent botcomponentid.schemaname="new_topic_f6648fe8ee974972a3b64e2e96fa07a2" botid.schemaname="new_bot_ff75c3680c434d8cba423897663a537e">
    <iscustomizable>1</iscustomizable>
  </bot_botcomponent>
  <bot_botcomponent botcomponentid.schemaname="new_topic_9ce83cb811d5428f8d62c8adf956813d" botid.schemaname="new_bot_ff75c3680c434d8cba423897663a537e">
    <iscustomizable>1</iscustomizable>
  </bot_botcomponent>
  <bot_botcomponent botcomponentid.schemaname="new_topic_9a9cae635ce744a9839ce724afd91473" botid.schemaname="new_bot_ff75c3680c434d8cba423897663a537e">
    <iscustomizable>1</iscustomizable>
  </bot_botcomponent>
  <bot_botcomponent botcomponentid.schemaname="new_topic_d1de0b4a6ad9467da5880557f5dc66ab" botid.schemaname="new_bot_ff75c3680c434d8cba423897663a537e">
    <iscustomizable>1</iscustomizable>
  </bot_botcomponent>
  <bot_botcomponent botid.schemaname="new_bot_ff75c3680c434d8cba423897663a537e" botcomponentid.schemaname="new_topic_add35c1e96844eab80a831f5d6413f76">
    <iscustomizable>1</iscustomizable>
  </bot_botcomponent>
  <bot_botcomponent botcomponentid.schemaname="new_topic_d927e1daea6f4a00a1010e1b32012925" botid.schemaname="new_bot_ff75c3680c434d8cba423897663a537e">
    <iscustomizable>1</iscustomizable>
  </bot_botcomponent>
  <bot_botcomponent botid.schemaname="new_bot_ff75c3680c434d8cba423897663a537e" botcomponentid.schemaname="new_topic_cc18f7b39f7b467082da95eb5d366d9e">
    <iscustomizable>1</iscustomizable>
  </bot_botcomponent>
  <bot_botcomponent botid.schemaname="new_bot_ff75c3680c434d8cba423897663a537e" botcomponentid.schemaname="new_topic_f5629938d7df4f1497a57220585be934">
    <iscustomizable>1</iscustomizable>
  </bot_botcomponent>
  <bot_botcomponent botcomponentid.schemaname="new_topic_9022f071868740b584173c52e64e2ddf" botid.schemaname="new_bot_ff75c3680c434d8cba423897663a537e">
    <iscustomizable>1</iscustomizable>
  </bot_botcomponent>
  <bot_botcomponent botcomponentid.schemaname="new_topic_c68d3dc61b3445269eb94fc8ddf38c20" botid.schemaname="new_bot_ff75c3680c434d8cba423897663a537e">
    <iscustomizable>1</iscustomizable>
  </bot_botcomponent>
  <bot_botcomponent botid.schemaname="new_bot_ff75c3680c434d8cba423897663a537e" botcomponentid.schemaname="new_topic_ccea3caec0b54636bee3478f28d1dab8">
    <iscustomizable>1</iscustomizable>
  </bot_botcomponent>
  <bot_botcomponent botcomponentid.schemaname="new_topic_cb35700e248945f28ea929d9901004f5" botid.schemaname="new_bot_ff75c3680c434d8cba423897663a537e">
    <iscustomizable>1</iscustomizable>
  </bot_botcomponent>
  <bot_botcomponent botcomponentid.schemaname="new_topic_85c39730925442bd8d7800ec0d0ab4ef" botid.schemaname="new_bot_ff75c3680c434d8cba423897663a537e">
    <iscustomizable>1</iscustomizable>
  </bot_botcomponent>
  <bot_botcomponent botcomponentid.schemaname="new_topic_0ed5d4efbede4769b3e2b380fdd6ffa6" botid.schemaname="new_bot_ff75c3680c434d8cba423897663a537e">
    <iscustomizable>1</iscustomizable>
  </bot_botcomponent>
  <bot_botcomponent botcomponentid.schemaname="new_topic_e4a345d456194d17b24a95eb81b28255" botid.schemaname="new_bot_ff75c3680c434d8cba423897663a537e">
    <iscustomizable>1</iscustomizable>
  </bot_botcomponent>
  <bot_botcomponent botid.schemaname="new_bot_ff75c3680c434d8cba423897663a537e" botcomponentid.schemaname="new_topic_36fa079233bc4bd6a252444c3f3d1cfd">
    <iscustomizable>1</iscustomizable>
  </bot_botcomponent>
  <bot_botcomponent botcomponentid.schemaname="new_topic_6f7febf06aa84ce5845932206f6776a1" botid.schemaname="new_bot_ff75c3680c434d8cba423897663a537e">
    <iscustomizable>1</iscustomizable>
  </bot_botcomponent>
  <bot_botcomponent botcomponentid.schemaname="new_topic_244e7dc98dc949379895639d256e7f9a" botid.schemaname="new_bot_ff75c3680c434d8cba423897663a537e">
    <iscustomizable>1</iscustomizable>
  </bot_botcomponent>
  <bot_botcomponent botid.schemaname="new_bot_ff75c3680c434d8cba423897663a537e" botcomponentid.schemaname="new_topic_3aa6587f8af4476db696755ac9f4ee28">
    <iscustomizable>1</iscustomizable>
  </bot_botcomponent>
  <bot_botcomponent botcomponentid.schemaname="new_topic_67d49facfa334ce58f27de4c9bd66aa6" botid.schemaname="new_bot_ff75c3680c434d8cba423897663a537e">
    <iscustomizable>1</iscustomizable>
  </bot_botcomponent>
  <bot_botcomponent botid.schemaname="new_bot_ff75c3680c434d8cba423897663a537e" botcomponentid.schemaname="new_topic_5c353964922c49c8adbd5e0063ef48f6">
    <iscustomizable>1</iscustomizable>
  </bot_botcomponent>
  <bot_botcomponent botcomponentid.schemaname="new_topic_c98a3ac210ba4f47b620cc558df81abf" botid.schemaname="new_bot_ff75c3680c434d8cba423897663a537e">
    <iscustomizable>1</iscustomizable>
  </bot_botcomponent>
  <bot_botcomponent botcomponentid.schemaname="new_topic_0a8aed84d51c41cf85a24aac372bfd2b" botid.schemaname="new_bot_ff75c3680c434d8cba423897663a537e">
    <iscustomizable>1</iscustomizable>
  </bot_botcomponent>
  <bot_botcomponent botid.schemaname="new_bot_ff75c3680c434d8cba423897663a537e" botcomponentid.schemaname="new_topic_8ff76cb8e79d468da92c21e23acf5d54">
    <iscustomizable>1</iscustomizable>
  </bot_botcomponent>
  <bot_botcomponent botid.schemaname="new_bot_ff75c3680c434d8cba423897663a537e" botcomponentid.schemaname="new_topic_047f710430ca4e979496ed1017e2cadc">
    <iscustomizable>1</iscustomizable>
  </bot_botcomponent>
  <bot_botcomponent botid.schemaname="new_bot_ff75c3680c434d8cba423897663a537e" botcomponentid.schemaname="new_topic_bec89464d28b41c692c270ba2de3a579">
    <iscustomizable>1</iscustomizable>
  </bot_botcomponent>
  <bot_botcomponent botcomponentid.schemaname="new_topic_8bae782e29634a6f81fda7d6bcd41694" botid.schemaname="new_bot_ff75c3680c434d8cba423897663a537e">
    <iscustomizable>1</iscustomizable>
  </bot_botcomponent>
  <bot_botcomponent botid.schemaname="new_bot_ff75c3680c434d8cba423897663a537e" botcomponentid.schemaname="new_topic_77651c82623040d59ef5b4d59c2fe3a0">
    <iscustomizable>1</iscustomizable>
  </bot_botcomponent>
  <bot_botcomponent botid.schemaname="new_bot_ff75c3680c434d8cba423897663a537e" botcomponentid.schemaname="new_topic_a56e97bf92cd4f5ab52e58eb4a4e5020">
    <iscustomizable>1</iscustomizable>
  </bot_botcomponent>
  <bot_botcomponent botcomponentid.schemaname="new_topic_29ea1c9cbcee476b9432905391df04d3" botid.schemaname="new_bot_ff75c3680c434d8cba423897663a537e">
    <iscustomizable>1</iscustomizable>
  </bot_botcomponent>
  <bot_botcomponent botcomponentid.schemaname="new_topic_aefd4131d5a94c0b8af3fcc6bddb090b" botid.schemaname="new_bot_ff75c3680c434d8cba423897663a537e">
    <iscustomizable>1</iscustomizable>
  </bot_botcomponent>
  <bot_botcomponent botcomponentid.schemaname="new_topic_2be01f1886ac4fdfb8ee05cbff422818" botid.schemaname="new_bot_ff75c3680c434d8cba423897663a537e">
    <iscustomizable>1</iscustomizable>
  </bot_botcomponent>
  <bot_botcomponent botcomponentid.schemaname="new_topic_13ca22001790445285011beda5b22193" botid.schemaname="new_bot_ff75c3680c434d8cba423897663a537e">
    <iscustomizable>1</iscustomizable>
  </bot_botcomponent>
  <bot_botcomponent botid.schemaname="new_bot_ff75c3680c434d8cba423897663a537e" botcomponentid.schemaname="new_topic_276e252d84c4406498bf6d6ace48a0bc">
    <iscustomizable>1</iscustomizable>
  </bot_botcomponent>
  <bot_botcomponent botid.schemaname="new_bot_ff75c3680c434d8cba423897663a537e" botcomponentid.schemaname="new_topic_13220c1a0a8547f0a4ceee89494791c7">
    <iscustomizable>1</iscustomizable>
  </bot_botcomponent>
  <bot_botcomponent botcomponentid.schemaname="new_topic_14d30be1d6334af3a8b4383a3fd1f498" botid.schemaname="new_bot_ff75c3680c434d8cba423897663a537e">
    <iscustomizable>1</iscustomizable>
  </bot_botcomponent>
  <bot_botcomponent botcomponentid.schemaname="new_topic_c1934501084c457bac307357da7e58ff" botid.schemaname="new_bot_ff75c3680c434d8cba423897663a537e">
    <iscustomizable>1</iscustomizable>
  </bot_botcomponent>
  <bot_botcomponent botcomponentid.schemaname="new_topic_ff75c3680c434d8cba423897663a537e_ba7b967c97ba4c39bca58a8bb6a72d59_conversationstart" botid.schemaname="new_bot_ff75c3680c434d8cba423897663a537e">
    <iscustomizable>1</iscustomizable>
  </bot_botcomponent>
  <bot_botcomponent botid.schemaname="new_bot_ff75c3680c434d8cba423897663a537e" botcomponentid.schemaname="new_topic_ff75c3680c434d8cba423897663a537e_954135cafcd647eaae5999ad91fc08cf_talktoagent">
    <iscustomizable>1</iscustomizable>
  </bot_botcomponent>
  <bot_botcomponent botcomponentid.schemaname="new_topic_ff75c3680c434d8cba423897663a537e_aeabea4d071f415c8c107e1cb7af5424_assumedsuccess" botid.schemaname="new_bot_ff75c3680c434d8cba423897663a537e">
    <iscustomizable>1</iscustomizable>
  </bot_botcomponent>
  <bot_botcomponent botid.schemaname="new_bot_ff75c3680c434d8cba423897663a537e" botcomponentid.schemaname="new_topic_5f60fc7ec9e145ce895846577637d92c">
    <iscustomizable>1</iscustomizable>
  </bot_botcomponent>
  <bot_botcomponent botid.schemaname="new_bot_ff75c3680c434d8cba423897663a537e" botcomponentid.schemaname="new_topic_cdf4d5f9a243486fb6b050e013eb3860">
    <iscustomizable>1</iscustomizable>
  </bot_botcomponent>
  <bot_botcomponent botcomponentid.schemaname="new_topic_ff75c3680c434d8cba423897663a537e_db1f76b081dc43389df9dd2df7518737_confirmedsuccess" botid.schemaname="new_bot_ff75c3680c434d8cba423897663a537e">
    <iscustomizable>1</iscustomizable>
  </bot_botcomponent>
  <bot_botcomponent botcomponentid.schemaname="new_topic_ff75c3680c434d8cba423897663a537e_d2198a5ee41a48a5bf70ab8970145a9f_confirmedfailure" botid.schemaname="new_bot_ff75c3680c434d8cba423897663a537e">
    <iscustomizable>1</iscustomizable>
  </bot_botcomponent>
  <bot_botcomponent botid.schemaname="new_bot_ff75c3680c434d8cba423897663a537e" botcomponentid.schemaname="new_topic_ff75c3680c434d8cba423897663a537e_f56d1a3e522740c78f9fac0939332dbd_goodbye">
    <iscustomizable>1</iscustomizable>
  </bot_botcomponent>
  <bot_botcomponent botid.schemaname="new_bot_ff75c3680c434d8cba423897663a537e" botcomponentid.schemaname="new_topic_807a80b89ddf4e8ab8752e7dc14b2eb8">
    <iscustomizable>1</iscustomizable>
  </bot_botcomponent>
  <bot_botcomponent botid.schemaname="new_bot_ff75c3680c434d8cba423897663a537e" botcomponentid.schemaname="new_topic_ff75c3680c434d8cba423897663a537e_8a4964498f83424bb3a86295bf7d0952_startover">
    <iscustomizable>1</iscustomizable>
  </bot_botcomponent>
  <bot_botcomponent botcomponentid.schemaname="new_topic_06f9472dcb8e4450aac0aea6ecb2ec95" botid.schemaname="new_bot_ff75c3680c434d8cba423897663a537e">
    <iscustomizable>1</iscustomizable>
  </bot_botcomponent>
  <bot_botcomponent botid.schemaname="new_bot_ff75c3680c434d8cba423897663a537e" botcomponentid.schemaname="new_topic_ff75c3680c434d8cba423897663a537e_3d2584ec30914684839527e05e7be172_thankyou">
    <iscustomizable>1</iscustomizable>
  </bot_botcomponent>
  <bot_botcomponent botcomponentid.schemaname="new_topic_07d66e3924574e32997ffdf79182255a" botid.schemaname="new_bot_ff75c3680c434d8cba423897663a537e">
    <iscustomizable>1</iscustomizable>
  </bot_botcomponent>
  <bot_botcomponent botid.schemaname="new_bot_ff75c3680c434d8cba423897663a537e" botcomponentid.schemaname="new_topic_ff75c3680c434d8cba423897663a537e_33d5123770ba4daeafae51b361ddc80a">
    <iscustomizable>1</iscustomizable>
  </bot_botcomponent>
  <bot_botcomponent botid.schemaname="new_bot_ff75c3680c434d8cba423897663a537e" botcomponentid.schemaname="new_topic_acea264c84984fcb843bd82b9221d8fc">
    <iscustomizable>1</iscustomizable>
  </bot_botcomponent>
  <bot_botcomponent botid.schemaname="new_bot_ff75c3680c434d8cba423897663a537e" botcomponentid.schemaname="new_topic_ff75c3680c434d8cba423897663a537e_21a34f1673a24096a99ba0effb63cc1d">
    <iscustomizable>1</iscustomizable>
  </bot_botcomponent>
  <bot_botcomponent botcomponentid.schemaname="new_topic_ff75c3680c434d8cba423897663a537e_dbafebd526364487911b63a2a774389f" botid.schemaname="new_bot_ff75c3680c434d8cba423897663a537e">
    <iscustomizable>1</iscustomizable>
  </bot_botcomponent>
  <bot_botcomponent botcomponentid.schemaname="new_topic_ff75c3680c434d8cba423897663a537e_85df75ce08a44a9b82cc8f3fdb25f669" botid.schemaname="new_bot_ff75c3680c434d8cba423897663a537e">
    <iscustomizable>1</iscustomizable>
  </bot_botcomponent>
  <bot_botcomponent botcomponentid.schemaname="new_customtype_ff75c3680c434d8cba423897663a537e_92610204747047ac8f788f7eecd91118" botid.schemaname="new_bot_ff75c3680c434d8cba423897663a537e">
    <iscustomizable>1</iscustomizable>
  </bot_botcomponent>
  <bot_botcomponent botid.schemaname="new_bot_ff75c3680c434d8cba423897663a537e" botcomponentid.schemaname="new_topic_cd5abd4ed70e4a3ea99ed62b01125da3">
    <iscustomizable>1</iscustomizable>
  </bot_botcomponent>
  <bot_botcomponent botid.schemaname="new_bot_ff75c3680c434d8cba423897663a537e" botcomponentid.schemaname="new_topic_2862db9c9062448fb359f8c201825d09">
    <iscustomizable>1</iscustomizable>
  </bot_botcomponent>
  <bot_botcomponent botid.schemaname="new_bot_ff75c3680c434d8cba423897663a537e" botcomponentid.schemaname="new_customtype_ff75c3680c434d8cba423897663a537e_f86fcadfd497444e91ed11c12b059d10">
    <iscustomizable>1</iscustomizable>
  </bot_botcomponent>
  <bot_botcomponent botid.schemaname="new_bot_ff75c3680c434d8cba423897663a537e" botcomponentid.schemaname="new_topic_69db08dbcea947e18dcae518baef3f76">
    <iscustomizable>1</iscustomizable>
  </bot_botcomponent>
  <bot_botcomponent botcomponentid.schemaname="new_topic_774155b5716f411a94e2148ba1287843" botid.schemaname="new_bot_ff75c3680c434d8cba423897663a537e">
    <iscustomizable>1</iscustomizable>
  </bot_botcomponent>
  <bot_botcomponent botcomponentid.schemaname="new_topic_3dec1a88ddaf42b69dd629b8b63f93a2" botid.schemaname="new_bot_ff75c3680c434d8cba423897663a537e">
    <iscustomizable>1</iscustomizable>
  </bot_botcomponent>
  <bot_botcomponent botid.schemaname="new_bot_ff75c3680c434d8cba423897663a537e" botcomponentid.schemaname="new_topic_1d27b0df5b9c49afb47787b4c2190898">
    <iscustomizable>1</iscustomizable>
  </bot_botcomponent>
  <bot_botcomponent botid.schemaname="new_bot_ff75c3680c434d8cba423897663a537e" botcomponentid.schemaname="new_topic_f21e891b887144b696460a174f5efa00">
    <iscustomizable>1</iscustomizable>
  </bot_botcomponent>
  <bot_botcomponent botcomponentid.schemaname="new_topic_76d62654e0974a4bb9215aa861b3aff4" botid.schemaname="new_bot_ff75c3680c434d8cba423897663a537e">
    <iscustomizable>1</iscustomizable>
  </bot_botcomponent>
  <bot_botcomponent botid.schemaname="new_bot_ff75c3680c434d8cba423897663a537e" botcomponentid.schemaname="new_topic_0bbbb300cb6546699e84ae989138c7f1">
    <iscustomizable>1</iscustomizable>
  </bot_botcomponent>
  <bot_botcomponent botid.schemaname="new_bot_ff75c3680c434d8cba423897663a537e" botcomponentid.schemaname="new_topic_3d45a3597c7c4b4d92acab89a53b5d0c">
    <iscustomizable>1</iscustomizable>
  </bot_botcomponent>
  <bot_botcomponent botid.schemaname="new_bot_ff75c3680c434d8cba423897663a537e" botcomponentid.schemaname="new_topic_9d92a7c6979a4294a6191d09d5fb6d31">
    <iscustomizable>1</iscustomizable>
  </bot_botcomponent>
  <bot_botcomponent botid.schemaname="new_bot_ff75c3680c434d8cba423897663a537e" botcomponentid.schemaname="new_topic_760c4e741a754985bd2266fcb9f5e23f">
    <iscustomizable>1</iscustomizable>
  </bot_botcomponent>
  <bot_botcomponent botcomponentid.schemaname="new_topic_b8fbda78df884b868290683e172b545c" botid.schemaname="new_bot_ff75c3680c434d8cba423897663a537e">
    <iscustomizable>1</iscustomizable>
  </bot_botcomponent>
  <bot_botcomponent botid.schemaname="new_bot_ff75c3680c434d8cba423897663a537e" botcomponentid.schemaname="new_topic_8fa38bf7cc984abab9001236492af8ec">
    <iscustomizable>1</iscustomizable>
  </bot_botcomponent>
  <bot_botcomponent botid.schemaname="new_bot_ff75c3680c434d8cba423897663a537e" botcomponentid.schemaname="new_topic_e1bbfbfb5f264fce9031481548ffc2af">
    <iscustomizable>1</iscustomizable>
  </bot_botcomponent>
  <bot_botcomponent botid.schemaname="new_bot_ff75c3680c434d8cba423897663a537e" botcomponentid.schemaname="new_topic_84fb6b7ceb4f46d581eeae8959ec457b">
    <iscustomizable>1</iscustomizable>
  </bot_botcomponent>
  <bot_botcomponent botcomponentid.schemaname="new_topic_45079c6cf8a348da96126f604813b1ac" botid.schemaname="new_bot_ff75c3680c434d8cba423897663a537e">
    <iscustomizable>1</iscustomizable>
  </bot_botcomponent>
  <bot_botcomponent botcomponentid.schemaname="new_topic_9ad26336336248cca9f287733c9b18c8" botid.schemaname="new_bot_ff75c3680c434d8cba423897663a537e">
    <iscustomizable>1</iscustomizable>
  </bot_botcomponent>
  <bot_botcomponent botid.schemaname="new_bot_ff75c3680c434d8cba423897663a537e" botcomponentid.schemaname="new_topic_3002429d43e1494db02708b58cd35d76">
    <iscustomizable>1</iscustomizable>
  </bot_botcomponent>
  <bot_botcomponent botcomponentid.schemaname="new_topic_d27be6703a45457ab4b0ac4e3934b82f" botid.schemaname="new_bot_ff75c3680c434d8cba423897663a537e">
    <iscustomizable>1</iscustomizable>
  </bot_botcomponent>
  <bot_botcomponent botcomponentid.schemaname="new_topic_06254ffcdbd44f7aa3f7249ca2d60129" botid.schemaname="new_bot_ff75c3680c434d8cba423897663a537e">
    <iscustomizable>1</iscustomizable>
  </bot_botcomponent>
  <bot_botcomponent botid.schemaname="new_bot_ff75c3680c434d8cba423897663a537e" botcomponentid.schemaname="new_topic_83796b1261f54319b53a80b4ad9591e0">
    <iscustomizable>1</iscustomizable>
  </bot_botcomponent>
  <bot_botcomponent botcomponentid.schemaname="new_topic_22a535c3a85d47f5856b1e36bac06326" botid.schemaname="new_bot_ff75c3680c434d8cba423897663a537e">
    <iscustomizable>1</iscustomizable>
  </bot_botcomponent>
  <bot_botcomponent botcomponentid.schemaname="new_topic_32c84675549f49ca93aa3156b068e8fa" botid.schemaname="new_bot_ff75c3680c434d8cba423897663a537e">
    <iscustomizable>1</iscustomizable>
  </bot_botcomponent>
  <bot_botcomponent botcomponentid.schemaname="new_topic_600a5b6b18b84cc89fff6ac686070e4e" botid.schemaname="new_bot_ff75c3680c434d8cba423897663a537e">
    <iscustomizable>1</iscustomizable>
  </bot_botcomponent>
  <bot_botcomponent botid.schemaname="new_bot_ff75c3680c434d8cba423897663a537e" botcomponentid.schemaname="new_topic_53383c20ac864a55bbc1cff8b463586f">
    <iscustomizable>1</iscustomizable>
  </bot_botcomponent>
  <bot_botcomponent botid.schemaname="new_bot_ff75c3680c434d8cba423897663a537e" botcomponentid.schemaname="new_topic_474203d5ce264d469344bb270afa04ad">
    <iscustomizable>1</iscustomizable>
  </bot_botcomponent>
  <bot_botcomponent botid.schemaname="new_bot_ff75c3680c434d8cba423897663a537e" botcomponentid.schemaname="new_topic_5ca6b70e10654886916b7cb093f3c43a">
    <iscustomizable>1</iscustomizable>
  </bot_botcomponent>
  <bot_botcomponent botcomponentid.schemaname="new_topic_0b3c4f95bdc544d081be74c404a53a57" botid.schemaname="new_bot_ff75c3680c434d8cba423897663a537e">
    <iscustomizable>1</iscustomizable>
  </bot_botcomponent>
  <bot_botcomponent botcomponentid.schemaname="new_topic_cde07d32d5f0423293dfa1f3d09c91b8" botid.schemaname="new_bot_ff75c3680c434d8cba423897663a537e">
    <iscustomizable>1</iscustomizable>
  </bot_botcomponent>
  <bot_botcomponent botcomponentid.schemaname="new_topic_f60d8175db014606ae8f9b13618941af" botid.schemaname="new_bot_ff75c3680c434d8cba423897663a537e">
    <iscustomizable>1</iscustomizable>
  </bot_botcomponent>
  <bot_botcomponent botid.schemaname="new_bot_ff75c3680c434d8cba423897663a537e" botcomponentid.schemaname="new_topic_5220a7d4e5b548ce8f58b7620e8f0d55">
    <iscustomizable>1</iscustomizable>
  </bot_botcomponent>
  <bot_botcomponent botcomponentid.schemaname="new_topic_3df7978340254a1399aa2c08f13dd8d1" botid.schemaname="new_bot_ff75c3680c434d8cba423897663a537e">
    <iscustomizable>1</iscustomizable>
  </bot_botcomponent>
  <bot_botcomponent botid.schemaname="new_bot_ff75c3680c434d8cba423897663a537e" botcomponentid.schemaname="new_topic_9d7fed8908fc46cd910b033a0352263a">
    <iscustomizable>1</iscustomizable>
  </bot_botcomponent>
  <bot_botcomponent botid.schemaname="new_bot_ff75c3680c434d8cba423897663a537e" botcomponentid.schemaname="new_topic_1b8e6f255549474d94462840e089519f">
    <iscustomizable>1</iscustomizable>
  </bot_botcomponent>
  <bot_botcomponent botid.schemaname="new_bot_ff75c3680c434d8cba423897663a537e" botcomponentid.schemaname="new_topic_465c64ea9d9c42e097751225053f92bb">
    <iscustomizable>1</iscustomizable>
  </bot_botcomponent>
  <bot_botcomponent botid.schemaname="new_bot_ff75c3680c434d8cba423897663a537e" botcomponentid.schemaname="new_topic_346437bd1d7b4a2d9db24b395636530b">
    <iscustomizable>1</iscustomizable>
  </bot_botcomponent>
  <bot_botcomponent botcomponentid.schemaname="new_topic_b02488de8a4f4db48ad65b2422f27cfb" botid.schemaname="new_bot_ff75c3680c434d8cba423897663a537e">
    <iscustomizable>1</iscustomizable>
  </bot_botcomponent>
  <bot_botcomponent botcomponentid.schemaname="new_topic_a3951525b4c940d5a80449f2649ff018" botid.schemaname="new_bot_ff75c3680c434d8cba423897663a537e">
    <iscustomizable>1</iscustomizable>
  </bot_botcomponent>
  <bot_botcomponent botid.schemaname="new_bot_ff75c3680c434d8cba423897663a537e" botcomponentid.schemaname="new_topic_f069b8940e744cbea336d1098e094105">
    <iscustomizable>1</iscustomizable>
  </bot_botcomponent>
  <bot_botcomponent botcomponentid.schemaname="new_topic_41ea233eaaf04eefa297f1ebf8b55086" botid.schemaname="new_bot_ff75c3680c434d8cba423897663a537e">
    <iscustomizable>1</iscustomizable>
  </bot_botcomponent>
  <bot_botcomponent botid.schemaname="new_bot_ff75c3680c434d8cba423897663a537e" botcomponentid.schemaname="new_topic_48d7782bcece4921b1db79d00c58ed2e">
    <iscustomizable>1</iscustomizable>
  </bot_botcomponent>
  <bot_botcomponent botcomponentid.schemaname="new_topic_678921827c4a4508b26ff132eec0a975" botid.schemaname="new_bot_ff75c3680c434d8cba423897663a537e">
    <iscustomizable>1</iscustomizable>
  </bot_botcomponent>
  <bot_botcomponent botid.schemaname="new_bot_ff75c3680c434d8cba423897663a537e" botcomponentid.schemaname="new_topic_07a97ac9610b44acb5de7f7c66a0d292">
    <iscustomizable>1</iscustomizable>
  </bot_botcomponent>
  <bot_botcomponent botid.schemaname="new_bot_ff75c3680c434d8cba423897663a537e" botcomponentid.schemaname="new_topic_aef5f747d2fe4d03b4f83648fa29426d">
    <iscustomizable>1</iscustomizable>
  </bot_botcomponent>
  <bot_botcomponent botcomponentid.schemaname="new_topic_a1723214061044dfaa1cd53d37dbbaf9" botid.schemaname="new_bot_ff75c3680c434d8cba423897663a537e">
    <iscustomizable>1</iscustomizable>
  </bot_botcomponent>
  <bot_botcomponent botid.schemaname="new_bot_ff75c3680c434d8cba423897663a537e" botcomponentid.schemaname="new_topic_8a77788e89464c47ba2aabce75c8ae55">
    <iscustomizable>1</iscustomizable>
  </bot_botcomponent>
  <bot_botcomponent botid.schemaname="new_bot_ff75c3680c434d8cba423897663a537e" botcomponentid.schemaname="new_topic_3335fbaf484c4d6295e3a41b57cd9ab7">
    <iscustomizable>1</iscustomizable>
  </bot_botcomponent>
</bot_botcomponentset>