{
  "intents": [
    {
      "triggerQueries": [
        "O que é dono de equipa?"
      ],
      "dialogId": "new_topic_07d66e3924574e32997ffdf79182255a",
      "isTriggeringEnabled": true,
      "canTriggeringBeDisabled": true,
      "id": "new_topic_07d66e3924574e32997ffdf79182255a",
      "displayName": "O que é dono de equipa?",
      "description": "https://adoptbotv2kb.blob.core.windows.net/%24web/adoptbot2021-Portuguese (Portugal).docx",
      "createdTime": "2021-03-24T18:09:18.0653521Z",
      "updatedTime": "2021-03-25T09:12:25.759995Z",
      "createdUserId": "478b1ca5-fac4-4940-bda1-873c551431ee",
      "updatedUserId": "478b1ca5-fac4-4940-bda1-873c551431ee",
      "versionNumber": 0,
      "componentId": "00000000-0000-0000-0000-000000000000"
    }
  ],
  "dialogs": [
    {
      "rootNodeId": "98fed590-856b-4c07-b09c-cdce39c42a8f",
      "messageNodes": [
        {
          "botMessageId": "cce245c6-7b69-4302-97c2-c3a2b98acb2b",
          "nodeType": "BotMessageNode",
          "id": "98fed590-856b-4c07-b09c-cdce39c42a8f",
          "defaultTargetNodeId": "a737ec2e-48dd-4e49-8b33-8b184afeeceb"
        }
      ],
      "dialogChangeNodes": [
        {
          "targetDialogId": "new_topic_ff75c3680c434d8cba423897663a537e_aeabea4d071f415c8c107e1cb7af5424_assumedsuccess",
          "nodeType": "DialogChangeNode",
          "id": "a737ec2e-48dd-4e49-8b33-8b184afeeceb"
        }
      ],
      "id": "new_topic_07d66e3924574e32997ffdf79182255a",
      "displayName": "Dialog for O que é dono de equipa?",
      "createdTime": "2021-03-24T18:09:18.0653521Z",
      "updatedTime": "2021-03-24T18:09:18.0653521Z",
      "createdUserId": "478b1ca5-fac4-4940-bda1-873c551431ee",
      "updatedUserId": "478b1ca5-fac4-4940-bda1-873c551431ee",
      "versionNumber": 0,
      "componentId": "00000000-0000-0000-0000-000000000000"
    }
  ],
  "botMessages": [
    {
      "channelContent": {
        "web": {
          "contentFormat": "Markdown",
          "content": "O dono da equipa é a pessoa que cria e/ou administra a equipa. Os donos das equipas podem transformar os membros da sua equipa em donos de equipas quando os convidam  para  a  equipa ou a qualquer momento depois de se terem  juntado à equipa. Com vários proprietários de equipas, pode partilhar a responsabilidade pela gestão de configurações e membros, incluindo convites.\r\n\r\nPonta\r\n\r\nrápida:\r\n\r\nComo proprietário, pode adicionar uma imagem de equipa, definir permissões para os membros da equipa criarem canais, adicionarem separadores, @mention toda a equipa ou canal, e controlar o uso de  GIFs, autocolantes e memes. Finalmente, certifique-se de ter pelo menos dois proprietários por  equipa. Isto garante um contacto de backup no caso de um dos proprietários não estar disponível."
        }
      },
      "id": "cce245c6-7b69-4302-97c2-c3a2b98acb2b",
      "createdTime": "2021-03-24T18:09:18.0653521Z",
      "updatedTime": "2021-03-24T18:09:18.0653521Z",
      "createdUserId": "478b1ca5-fac4-4940-bda1-873c551431ee",
      "updatedUserId": "478b1ca5-fac4-4940-bda1-873c551431ee",
      "versionNumber": 0,
      "componentId": "00000000-0000-0000-0000-000000000000"
    }
  ],
  "createdUtc": "0001-01-01T00:00:00Z"
}