{
  "intents": [
    {
      "triggerQueries": [
        "O que é SharePoint?"
      ],
      "dialogId": "new_topic_474203d5ce264d469344bb270afa04ad",
      "isTriggeringEnabled": true,
      "canTriggeringBeDisabled": true,
      "id": "new_topic_474203d5ce264d469344bb270afa04ad",
      "displayName": "O que é SharePoint?",
      "description": "https://adoptbotv2kb.blob.core.windows.net/%24web/adoptbot2021-Portuguese (Portugal).docx",
      "createdTime": "2021-03-24T18:09:18.0573466Z",
      "updatedTime": "2021-03-25T09:14:32.8921945Z",
      "createdUserId": "478b1ca5-fac4-4940-bda1-873c551431ee",
      "updatedUserId": "478b1ca5-fac4-4940-bda1-873c551431ee",
      "versionNumber": 0,
      "componentId": "00000000-0000-0000-0000-000000000000"
    }
  ],
  "dialogs": [
    {
      "rootNodeId": "a31a4490-2a79-43c6-91fa-fedbdfedd337",
      "messageNodes": [
        {
          "botMessageId": "99adb1a1-38be-45f0-b434-b863ee5f33a8",
          "nodeType": "BotMessageNode",
          "id": "a31a4490-2a79-43c6-91fa-fedbdfedd337",
          "defaultTargetNodeId": "069988ba-8b7d-4b90-a13d-916ae8c6c8c2"
        }
      ],
      "dialogChangeNodes": [
        {
          "targetDialogId": "new_topic_ff75c3680c434d8cba423897663a537e_aeabea4d071f415c8c107e1cb7af5424_assumedsuccess",
          "nodeType": "DialogChangeNode",
          "id": "069988ba-8b7d-4b90-a13d-916ae8c6c8c2"
        }
      ],
      "id": "new_topic_474203d5ce264d469344bb270afa04ad",
      "displayName": "Dialog for O que é SharePoint?",
      "createdTime": "2021-03-24T18:09:18.0573466Z",
      "updatedTime": "2021-03-24T18:09:18.0573466Z",
      "createdUserId": "478b1ca5-fac4-4940-bda1-873c551431ee",
      "updatedUserId": "478b1ca5-fac4-4940-bda1-873c551431ee",
      "versionNumber": 0,
      "componentId": "00000000-0000-0000-0000-000000000000"
    }
  ],
  "botMessages": [
    {
      "channelContent": {
        "web": {
          "contentFormat": "Markdown",
          "content": "O SharePoint é utilizado pelas organizações para criar websites. Pode utilizar o SharePoint como um local seguro para armazenar, organizar, partilhar e aceder a informações de quase todos os dispositivos. Tudo o que precisa é de um navegador web.\r\n\r\n[Consulte a lista completa das](https://support.office.com/en-za/article/What-is-SharePoint--97b915e6-651b-43b2-827d-fb25777f446f) [capacidades](https://support.office.com/en-za/article/What-is-SharePoint--97b915e6-651b-43b2-827d-fb25777f446f) do [SharePoint.](https://support.office.com/en-za/article/What-is-SharePoint--97b915e6-651b-43b2-827d-fb25777f446f)"
        }
      },
      "id": "99adb1a1-38be-45f0-b434-b863ee5f33a8",
      "createdTime": "2021-03-24T18:09:18.0573466Z",
      "updatedTime": "2021-03-24T18:09:18.0573466Z",
      "createdUserId": "478b1ca5-fac4-4940-bda1-873c551431ee",
      "updatedUserId": "478b1ca5-fac4-4940-bda1-873c551431ee",
      "versionNumber": 0,
      "componentId": "00000000-0000-0000-0000-000000000000"
    }
  ],
  "createdUtc": "0001-01-01T00:00:00Z"
}