{
  "intents": [
    {
      "triggerQueries": [
        "Posso personalizar a experiência de encontro em equipas?"
      ],
      "dialogId": "new_topic_245e3073a9664cda9e33e5e5836ed5ca",
      "isTriggeringEnabled": false,
      "id": "new_topic_245e3073a9664cda9e33e5e5836ed5ca",
      "displayName": "Posso personalizar a experiência de encontro em equipas?",
      "description": "https://myfirstbot5159226067.blob.core.windows.net/adoptbotpt/adoptbot2021-Portuguese (3).docx",
      "createdTime": "2021-04-07T18:37:12.8806065Z",
      "updatedTime": "2021-04-07T18:37:12.8806065Z",
      "createdUserId": "704dbbff-ed42-4ede-b8c8-2ac7c33773ac"
    }
  ],
  "dialogs": [
    {
      "rootNodeId": "c14c1233-c002-4dc7-a49b-73fecc2b602c",
      "messageNodes": [
        {
          "botMessageId": "d60ed886-d765-460c-b10f-7d3bdacbafd3",
          "nodeType": "BotMessageNode",
          "id": "c14c1233-c002-4dc7-a49b-73fecc2b602c",
          "defaultTargetNodeId": "e4c9c740-0a6c-4246-ac2f-8fb51b26fab5"
        }
      ],
      "dialogChangeNodes": [
        {
          "targetDialogId": "new_topic_f47de1d400dd44789efae4b80b274492_aeabea4d071f415c8c107e1cb7af5424_assumedsuccess",
          "nodeType": "DialogChangeNode",
          "id": "e4c9c740-0a6c-4246-ac2f-8fb51b26fab5"
        }
      ],
      "id": "new_topic_245e3073a9664cda9e33e5e5836ed5ca",
      "displayName": "Dialog for Posso personalizar a experiência de encontro em equipas?",
      "createdTime": "2021-04-07T18:37:12.8806065Z",
      "updatedTime": "2021-04-07T18:37:12.8806065Z",
      "createdUserId": "704dbbff-ed42-4ede-b8c8-2ac7c33773ac",
      "updatedUserId": "704dbbff-ed42-4ede-b8c8-2ac7c33773ac"
    }
  ],
  "botMessages": [
    {
      "channelContent": {
        "web": {
          "contentFormat": "Markdown",
          "content": "Existem vários aplicativos para reuniões de equipas disponíveis. Eles permitem-lhe personalizar a experiência de  reunião para atender às suas necessidades.  [Ver](https://www.microsoft.com/en-us/microsoft-teams/meetings-apps)[aplicativos projetados para melhorar](https://www.microsoft.com/en-us/microsoft-teams/meetings-apps) as reuniões no Teams\r\n\r\nSe for um desenvolvedor,pode construir a sua própria app para reuniões [de](https://docs.microsoft.com/en-us/microsoftteams/platform/apps-in-teams-meetings/teams-apps-in-meetings)[Teams.](https://docs.microsoft.com/en-us/microsoftteams/platform/apps-in-teams-meetings/teams-apps-in-meetings)"
        }
      },
      "id": "d60ed886-d765-460c-b10f-7d3bdacbafd3",
      "createdTime": "2021-04-07T18:37:12.8806065Z",
      "updatedTime": "2021-04-07T18:37:12.8806065Z",
      "createdUserId": "704dbbff-ed42-4ede-b8c8-2ac7c33773ac",
      "updatedUserId": "704dbbff-ed42-4ede-b8c8-2ac7c33773ac"
    }
  ],
  "createdUtc": "0001-01-01T00:00:00Z"
}