{
  "intents": [
    {
      "triggerQueries": [
        "Como posso intitular os meus cargos?"
      ],
      "dialogId": "new_topic_4b608cae2f5a4aaea8a55b86dc949a43",
      "isTriggeringEnabled": false,
      "id": "new_topic_4b608cae2f5a4aaea8a55b86dc949a43",
      "displayName": "Como posso intitular os meus cargos?",
      "description": "https://myfirstbot5159226067.blob.core.windows.net/adoptbotpt/adoptbot2021-Portuguese (3).docx",
      "createdTime": "2021-04-07T18:37:12.8795986Z",
      "updatedTime": "2021-04-07T18:37:12.8795986Z",
      "createdUserId": "704dbbff-ed42-4ede-b8c8-2ac7c33773ac"
    }
  ],
  "dialogs": [
    {
      "rootNodeId": "d28cfcf4-ed84-4e66-889f-233746357c37",
      "messageNodes": [
        {
          "botMessageId": "002c3a07-6b25-4f64-9cc4-2a1c040a4101",
          "nodeType": "BotMessageNode",
          "id": "d28cfcf4-ed84-4e66-889f-233746357c37",
          "defaultTargetNodeId": "d326b539-bdb4-4e1b-81cf-add14acb1454"
        }
      ],
      "dialogChangeNodes": [
        {
          "targetDialogId": "new_topic_f47de1d400dd44789efae4b80b274492_aeabea4d071f415c8c107e1cb7af5424_assumedsuccess",
          "nodeType": "DialogChangeNode",
          "id": "d326b539-bdb4-4e1b-81cf-add14acb1454"
        }
      ],
      "id": "new_topic_4b608cae2f5a4aaea8a55b86dc949a43",
      "displayName": "Dialog for Como posso intitular os meus cargos?",
      "createdTime": "2021-04-07T18:37:12.8795986Z",
      "updatedTime": "2021-04-07T18:37:12.8795986Z",
      "createdUserId": "704dbbff-ed42-4ede-b8c8-2ac7c33773ac",
      "updatedUserId": "704dbbff-ed42-4ede-b8c8-2ac7c33773ac"
    }
  ],
  "botMessages": [
    {
      "channelContent": {
        "web": {
          "contentFormat": "Markdown",
          "content": "Pode usar um título e uma legenda para destacar o seu tópico.  Vai ajudá-lo a  procurá-lo    mais tarde. Para adicionar isto, selecione o botão de formatação (parece um A com uma caneta) e adicione um título."
        }
      },
      "id": "002c3a07-6b25-4f64-9cc4-2a1c040a4101",
      "createdTime": "2021-04-07T18:37:12.8795986Z",
      "updatedTime": "2021-04-07T18:37:12.8795986Z",
      "createdUserId": "704dbbff-ed42-4ede-b8c8-2ac7c33773ac",
      "updatedUserId": "704dbbff-ed42-4ede-b8c8-2ac7c33773ac"
    }
  ],
  "createdUtc": "0001-01-01T00:00:00Z"
}