{
  "intents": [
    {
      "triggerQueries": [
        "Como adiciono um membro a uma equipa?"
      ],
      "dialogId": "new_topic_63d37cff4778442e9d7e4743d89f95b1",
      "isTriggeringEnabled": false,
      "id": "new_topic_63d37cff4778442e9d7e4743d89f95b1",
      "displayName": "Como adiciono um membro a uma equipa?",
      "description": "https://myfirstbot5159226067.blob.core.windows.net/adoptbotpt/adoptbot2021-Portuguese (3).docx",
      "createdTime": "2021-04-07T18:37:12.8785774Z",
      "updatedTime": "2021-04-07T18:37:12.8785774Z",
      "createdUserId": "704dbbff-ed42-4ede-b8c8-2ac7c33773ac"
    }
  ],
  "dialogs": [
    {
      "rootNodeId": "916652e0-e2eb-4c0a-b587-68bd18d7fe26",
      "messageNodes": [
        {
          "botMessageId": "c373ea4c-2c5f-4788-bb7d-8bff748bf2ce",
          "nodeType": "BotMessageNode",
          "id": "916652e0-e2eb-4c0a-b587-68bd18d7fe26",
          "defaultTargetNodeId": "704c08d8-a94f-4876-9ce8-1410d508d5d5"
        }
      ],
      "dialogChangeNodes": [
        {
          "targetDialogId": "new_topic_f47de1d400dd44789efae4b80b274492_aeabea4d071f415c8c107e1cb7af5424_assumedsuccess",
          "nodeType": "DialogChangeNode",
          "id": "704c08d8-a94f-4876-9ce8-1410d508d5d5"
        }
      ],
      "id": "new_topic_63d37cff4778442e9d7e4743d89f95b1",
      "displayName": "Dialog for Como adiciono um membro a uma equipa?",
      "createdTime": "2021-04-07T18:37:12.8785774Z",
      "updatedTime": "2021-04-07T18:37:12.8785774Z",
      "createdUserId": "704dbbff-ed42-4ede-b8c8-2ac7c33773ac",
      "updatedUserId": "704dbbff-ed42-4ede-b8c8-2ac7c33773ac"
    }
  ],
  "botMessages": [
    {
      "channelContent": {
        "web": {
          "contentFormat": "Markdown",
          "content": "Se for proprietário de uma equipa, vá ao nome da equipa e clique em  MaisOpções e, posteriormente , clique em Adicionar Membros . É também aqui que poderá convidadar pessoas fora da sua organização para se juntarem à equipa."
        }
      },
      "id": "c373ea4c-2c5f-4788-bb7d-8bff748bf2ce",
      "createdTime": "2021-04-07T18:37:12.8785774Z",
      "updatedTime": "2021-04-07T18:37:12.8785774Z",
      "createdUserId": "704dbbff-ed42-4ede-b8c8-2ac7c33773ac",
      "updatedUserId": "704dbbff-ed42-4ede-b8c8-2ac7c33773ac"
    }
  ],
  "createdUtc": "0001-01-01T00:00:00Z"
}