<ImportExportXml version="9.2.21033.162" SolutionPackageVersion="9.2" languagecode="1033" generatedBy="CrmLive" xmlns:xsi="http://www.w3.org/2001/XMLSchema-instance">
  <SolutionManifest>
    <UniqueName>BotAdocaoTeams</UniqueName>
    <LocalizedNames>
      <LocalizedName description="Bot Adocao Teams" languagecode="1033" />
    </LocalizedNames>
    <Descriptions />
    <Version>1.0.0.1</Version>
    <Managed>0</Managed>
    <Publisher>
      <UniqueName>Cr1b97a</UniqueName>
      <LocalizedNames>
        <LocalizedName description="CDS Default Publisher" languagecode="1033" />
      </LocalizedNames>
      <Descriptions />
      <EMailAddress xsi:nil="true"></EMailAddress>
      <SupportingWebsiteUrl xsi:nil="true"></SupportingWebsiteUrl>
      <CustomizationPrefix>cr29a</CustomizationPrefix>
      <CustomizationOptionValuePrefix>83680</CustomizationOptionValuePrefix>
    </Publisher>
    <RootComponents>
      <RootComponent type="29" id="{0a83be74-b297-eb11-b1ac-000d3a2ed259}" behavior="0" />
      <RootComponent type="29" id="{27fedb6b-af97-eb11-b1ac-000d3a2ed259}" behavior="0" />
    </RootComponents>
    <MissingDependencies />
  </SolutionManifest>
</ImportExportXml>