{
  "intents": [
    {
      "triggerQueries": [
        "O Office será idêntico num pc, Mac e dispositivo móvel?"
      ],
      "dialogId": "new_topic_b02488de8a4f4db48ad65b2422f27cfb",
      "isTriggeringEnabled": true,
      "canTriggeringBeDisabled": true,
      "id": "new_topic_b02488de8a4f4db48ad65b2422f27cfb",
      "displayName": "O Office será idêntico num pc, Mac e dispositivo móvel?",
      "description": "https://adoptbotv2kb.blob.core.windows.net/%24web/adoptbot2021-Portuguese (Portugal).docx",
      "createdTime": "2021-03-24T18:09:18.0573466Z",
      "updatedTime": "2021-03-25T09:14:05.8711593Z",
      "createdUserId": "478b1ca5-fac4-4940-bda1-873c551431ee",
      "updatedUserId": "478b1ca5-fac4-4940-bda1-873c551431ee",
      "versionNumber": 0,
      "componentId": "00000000-0000-0000-0000-000000000000"
    }
  ],
  "dialogs": [
    {
      "rootNodeId": "68da7d1e-1848-4fd3-8484-e7f58941b2bf",
      "messageNodes": [
        {
          "botMessageId": "abbd4bf7-cd75-4dfe-8c86-91367d040f1b",
          "nodeType": "BotMessageNode",
          "id": "68da7d1e-1848-4fd3-8484-e7f58941b2bf",
          "defaultTargetNodeId": "9980656a-7eb9-4aea-bc12-84488eb3df85"
        }
      ],
      "dialogChangeNodes": [
        {
          "targetDialogId": "new_topic_ff75c3680c434d8cba423897663a537e_aeabea4d071f415c8c107e1cb7af5424_assumedsuccess",
          "nodeType": "DialogChangeNode",
          "id": "9980656a-7eb9-4aea-bc12-84488eb3df85"
        }
      ],
      "id": "new_topic_b02488de8a4f4db48ad65b2422f27cfb",
      "displayName": "Dialog for O Office será idêntico num pc, Mac e dispositivo móvel?",
      "createdTime": "2021-03-24T18:09:18.0573466Z",
      "updatedTime": "2021-03-24T18:09:18.0573466Z",
      "createdUserId": "478b1ca5-fac4-4940-bda1-873c551431ee",
      "updatedUserId": "478b1ca5-fac4-4940-bda1-873c551431ee",
      "versionNumber": 0,
      "componentId": "00000000-0000-0000-0000-000000000000"
    }
  ],
  "botMessages": [
    {
      "channelContent": {
        "web": {
          "contentFormat": "Markdown",
          "content": "As aplicações do office são adaptadas para funcionar melhor em cada plataforma e dispositivo. As aplicações do Office disponíveis para utilizadores de Mac ou no  seu telefone e números de versão podem ser diferentes das disponíveis para utilizadores de  PC."
        }
      },
      "id": "abbd4bf7-cd75-4dfe-8c86-91367d040f1b",
      "createdTime": "2021-03-24T18:09:18.0573466Z",
      "updatedTime": "2021-03-24T18:09:18.0573466Z",
      "createdUserId": "478b1ca5-fac4-4940-bda1-873c551431ee",
      "updatedUserId": "478b1ca5-fac4-4940-bda1-873c551431ee",
      "versionNumber": 0,
      "componentId": "00000000-0000-0000-0000-000000000000"
    }
  ],
  "createdUtc": "0001-01-01T00:00:00Z"
}