{
  "intents": [
    {
      "triggerQueries": [
        "Um utilizador pode receber assistência do operador durante uma reunião?"
      ],
      "dialogId": "new_topic_aefd4131d5a94c0b8af3fcc6bddb090b",
      "isTriggeringEnabled": true,
      "canTriggeringBeDisabled": true,
      "id": "new_topic_aefd4131d5a94c0b8af3fcc6bddb090b",
      "displayName": "Um utilizador pode receber assistência do operador durante uma reunião?",
      "description": "https://adoptbotv2kb.blob.core.windows.net/%24web/adoptbot2021-Portuguese (Portugal).docx",
      "createdTime": "2021-03-24T18:09:18.0583447Z",
      "updatedTime": "2021-03-25T09:13:36.4776512Z",
      "createdUserId": "478b1ca5-fac4-4940-bda1-873c551431ee",
      "updatedUserId": "478b1ca5-fac4-4940-bda1-873c551431ee",
      "versionNumber": 0,
      "componentId": "00000000-0000-0000-0000-000000000000"
    }
  ],
  "dialogs": [
    {
      "rootNodeId": "d01e1d90-bc5f-4467-8383-c234f425b01a",
      "messageNodes": [
        {
          "botMessageId": "d5f35445-ad1c-4146-9433-1450661da69d",
          "nodeType": "BotMessageNode",
          "id": "d01e1d90-bc5f-4467-8383-c234f425b01a",
          "defaultTargetNodeId": "cf252be5-08c6-45e3-83fb-27b87136c2f8"
        }
      ],
      "dialogChangeNodes": [
        {
          "targetDialogId": "new_topic_ff75c3680c434d8cba423897663a537e_aeabea4d071f415c8c107e1cb7af5424_assumedsuccess",
          "nodeType": "DialogChangeNode",
          "id": "cf252be5-08c6-45e3-83fb-27b87136c2f8"
        }
      ],
      "id": "new_topic_aefd4131d5a94c0b8af3fcc6bddb090b",
      "displayName": "Dialog for Um utilizador pode receber assistência do operador durante uma reunião?",
      "createdTime": "2021-03-24T18:09:18.0583447Z",
      "updatedTime": "2021-03-24T18:09:18.0583447Z",
      "createdUserId": "478b1ca5-fac4-4940-bda1-873c551431ee",
      "updatedUserId": "478b1ca5-fac4-4940-bda1-873c551431ee",
      "versionNumber": 0,
      "componentId": "00000000-0000-0000-0000-000000000000"
    }
  ],
  "botMessages": [
    {
      "channelContent": {
        "web": {
          "contentFormat": "Markdown",
          "content": "Um utilizador não pode obter ajuda ou suporte do operador premindo \\*0 durante a reunião. Se houver   problemas de conferência sonora,  um administrador da organização pode contactar o Microsoft Support para o [Office 365](https://docs.microsoft.com/en-us/microsoft-365/admin/contact-support-for-business-products?redirectSourcePath=%252farticle%252fMicrosoft-support-for-Office-365-32a17ca7-6fa0-4870-8a8d-e25ba4ccfd4b&view=o365-worldwide)"
        }
      },
      "id": "d5f35445-ad1c-4146-9433-1450661da69d",
      "createdTime": "2021-03-24T18:09:18.0583447Z",
      "updatedTime": "2021-03-24T18:09:18.0583447Z",
      "createdUserId": "478b1ca5-fac4-4940-bda1-873c551431ee",
      "updatedUserId": "478b1ca5-fac4-4940-bda1-873c551431ee",
      "versionNumber": 0,
      "componentId": "00000000-0000-0000-0000-000000000000"
    }
  ],
  "createdUtc": "0001-01-01T00:00:00Z"
}