{
  "intents": [
    {
      "triggerQueries": [
        "Posso organizar tarefas no Teams?"
      ],
      "dialogId": "new_topic_7d7eeb9f4fe148ce96e566ce011b66dc",
      "isTriggeringEnabled": false,
      "id": "new_topic_7d7eeb9f4fe148ce96e566ce011b66dc",
      "displayName": "Posso organizar tarefas no Teams?",
      "description": "https://myfirstbot5159226067.blob.core.windows.net/adoptbotpt/adoptbot2021-Portuguese (3).docx",
      "createdTime": "2021-04-07T18:37:12.8785774Z",
      "updatedTime": "2021-04-07T18:37:12.8785774Z",
      "createdUserId": "704dbbff-ed42-4ede-b8c8-2ac7c33773ac"
    }
  ],
  "dialogs": [
    {
      "rootNodeId": "2db8bd6f-440f-4674-877c-0b6df549eed3",
      "messageNodes": [
        {
          "botMessageId": "ae95f3d1-1679-4d85-9e18-1743ae353384",
          "nodeType": "BotMessageNode",
          "id": "2db8bd6f-440f-4674-877c-0b6df549eed3",
          "defaultTargetNodeId": "e1427576-09d8-4463-9bac-861ebf56eee7"
        }
      ],
      "dialogChangeNodes": [
        {
          "targetDialogId": "new_topic_f47de1d400dd44789efae4b80b274492_aeabea4d071f415c8c107e1cb7af5424_assumedsuccess",
          "nodeType": "DialogChangeNode",
          "id": "e1427576-09d8-4463-9bac-861ebf56eee7"
        }
      ],
      "id": "new_topic_7d7eeb9f4fe148ce96e566ce011b66dc",
      "displayName": "Dialog for Posso organizar tarefas no Teams?",
      "createdTime": "2021-04-07T18:37:12.8785774Z",
      "updatedTime": "2021-04-07T18:37:12.8785774Z",
      "createdUserId": "704dbbff-ed42-4ede-b8c8-2ac7c33773ac",
      "updatedUserId": "704dbbff-ed42-4ede-b8c8-2ac7c33773ac"
    }
  ],
  "botMessages": [
    {
      "channelContent": {
        "web": {
          "contentFormat": "Markdown",
          "content": "Boas notícias para os fãs de organização e colaboração, o Microsoft Teams e Planner andam de mãos dadas!\r\n\r\nPara começar a utilizá-los de forma integrada, adicione um separador Planner  à sua equipa. Basta clicar em Adicionar um  novo separador, ao lado dos separadores na parte superior de um canal. Selecione  Planner , em seguida, selecione uma das seguintes opções:\r\n\r\n- Clique em Criar um Novo Plano e atríbua um título .\r\n- Clique em Utilizar um Plano Existente e selecione um dos planos já existentes e em utilização .\r\n\r\n\r\nSe quiser aprofundar os detalhes para gerir as suas tarefas, no Microsoft Planner, através de uma equipa Microsoft Teams, consulte microsoft Teams: Using Planner para se manter organizado."
        }
      },
      "id": "ae95f3d1-1679-4d85-9e18-1743ae353384",
      "createdTime": "2021-04-07T18:37:12.8785774Z",
      "updatedTime": "2021-04-07T18:37:12.8785774Z",
      "createdUserId": "704dbbff-ed42-4ede-b8c8-2ac7c33773ac",
      "updatedUserId": "704dbbff-ed42-4ede-b8c8-2ac7c33773ac"
    }
  ],
  "createdUtc": "0001-01-01T00:00:00Z"
}