{
  "intents": [
    {
      "triggerQueries": [
        "Como crio uma nova equipa?"
      ],
      "dialogId": "new_topic_f069b8940e744cbea336d1098e094105",
      "isTriggeringEnabled": true,
      "canTriggeringBeDisabled": true,
      "id": "new_topic_f069b8940e744cbea336d1098e094105",
      "displayName": "Como crio uma nova equipa?",
      "description": "https://adoptbotv2kb.blob.core.windows.net/%24web/adoptbot2021-Portuguese (Portugal).docx",
      "createdTime": "2021-03-24T18:09:18.0573466Z",
      "updatedTime": "2021-03-25T09:13:39.6513147Z",
      "createdUserId": "478b1ca5-fac4-4940-bda1-873c551431ee",
      "updatedUserId": "478b1ca5-fac4-4940-bda1-873c551431ee",
      "versionNumber": 0,
      "componentId": "00000000-0000-0000-0000-000000000000"
    }
  ],
  "dialogs": [
    {
      "rootNodeId": "e43b1b39-2f3e-4986-9e94-204d312b9f97",
      "messageNodes": [
        {
          "botMessageId": "1c47f48d-620c-4419-9d93-23219f1100f4",
          "nodeType": "BotMessageNode",
          "id": "e43b1b39-2f3e-4986-9e94-204d312b9f97",
          "defaultTargetNodeId": "37c334d8-3c38-4f27-9577-e018c0628791"
        }
      ],
      "dialogChangeNodes": [
        {
          "targetDialogId": "new_topic_ff75c3680c434d8cba423897663a537e_aeabea4d071f415c8c107e1cb7af5424_assumedsuccess",
          "nodeType": "DialogChangeNode",
          "id": "37c334d8-3c38-4f27-9577-e018c0628791"
        }
      ],
      "id": "new_topic_f069b8940e744cbea336d1098e094105",
      "displayName": "Dialog for Como crio uma nova equipa?",
      "createdTime": "2021-03-24T18:09:18.0573466Z",
      "updatedTime": "2021-03-24T18:09:18.0573466Z",
      "createdUserId": "478b1ca5-fac4-4940-bda1-873c551431ee",
      "updatedUserId": "478b1ca5-fac4-4940-bda1-873c551431ee",
      "versionNumber": 0,
      "componentId": "00000000-0000-0000-0000-000000000000"
    }
  ],
  "botMessages": [
    {
      "channelContent": {
        "web": {
          "contentFormat": "Markdown",
          "content": "Clique no botão Equipas no lado esquerdo da  aplicação e, em seguida, clique em Juntar ou criar umaequipa na parte inferior da lista de  equipas. Clique em  CriarumaEquipa. A partir daí, pode convidar pessoas ou até grupos de contacto inteiros (também conhecidos como \"listas de distribuição\") para se juntarem à sua equipa.\r\n\r\nAgora que tem uma nova equipa, pode [adicionar um novo canal](https://support.microsoft.com/en-us/office/create-a-channel-in-teams-fda0b75e-5b90-4fb8-8857-7e102b014525)  (só se servir um propósito). Ou talvez  [convidar convidados](https://support.microsoft.com/en-us/office/add-guests-to-a-team-in-teams-fccb4fa6-f864-4508-bdde-256e7384a14f)  de fora da sua organização para ajudar com um projeto.\r\n\r\nPor favor, note! O seu empregador pode ter ajustado estas opções."
        }
      },
      "id": "1c47f48d-620c-4419-9d93-23219f1100f4",
      "createdTime": "2021-03-24T18:09:18.0573466Z",
      "updatedTime": "2021-03-24T18:09:18.0573466Z",
      "createdUserId": "478b1ca5-fac4-4940-bda1-873c551431ee",
      "updatedUserId": "478b1ca5-fac4-4940-bda1-873c551431ee",
      "versionNumber": 0,
      "componentId": "00000000-0000-0000-0000-000000000000"
    }
  ],
  "createdUtc": "0001-01-01T00:00:00Z"
}