{
  "intents": [
    {
      "triggerQueries": [
        "Como envio um e-mail para um canal em Equipas?"
      ],
      "dialogId": "new_topic_d27be6703a45457ab4b0ac4e3934b82f",
      "isTriggeringEnabled": true,
      "canTriggeringBeDisabled": true,
      "id": "new_topic_d27be6703a45457ab4b0ac4e3934b82f",
      "displayName": "Como envio um e-mail para um canal em Equipas?",
      "description": "https://adoptbotv2kb.blob.core.windows.net/%24web/adoptbot2021-Portuguese (Portugal).docx",
      "createdTime": "2021-03-24T18:09:18.0653521Z",
      "updatedTime": "2021-03-25T09:12:20.878833Z",
      "createdUserId": "478b1ca5-fac4-4940-bda1-873c551431ee",
      "updatedUserId": "478b1ca5-fac4-4940-bda1-873c551431ee",
      "versionNumber": 0,
      "componentId": "00000000-0000-0000-0000-000000000000"
    }
  ],
  "dialogs": [
    {
      "rootNodeId": "68a59427-2eac-4b22-85b5-8c291ed1454e",
      "messageNodes": [
        {
          "botMessageId": "ab442a28-7747-443a-8d86-b965dc519845",
          "nodeType": "BotMessageNode",
          "id": "68a59427-2eac-4b22-85b5-8c291ed1454e",
          "defaultTargetNodeId": "805f785a-3253-4cca-bbf9-da93cdcb8729"
        }
      ],
      "dialogChangeNodes": [
        {
          "targetDialogId": "new_topic_ff75c3680c434d8cba423897663a537e_aeabea4d071f415c8c107e1cb7af5424_assumedsuccess",
          "nodeType": "DialogChangeNode",
          "id": "805f785a-3253-4cca-bbf9-da93cdcb8729"
        }
      ],
      "id": "new_topic_d27be6703a45457ab4b0ac4e3934b82f",
      "displayName": "Dialog for Como envio um e-mail para um canal em Equipas?",
      "createdTime": "2021-03-24T18:09:18.0653521Z",
      "updatedTime": "2021-03-24T18:09:18.0653521Z",
      "createdUserId": "478b1ca5-fac4-4940-bda1-873c551431ee",
      "updatedUserId": "478b1ca5-fac4-4940-bda1-873c551431ee",
      "versionNumber": 0,
      "componentId": "00000000-0000-0000-0000-000000000000"
    }
  ],
  "botMessages": [
    {
      "channelContent": {
        "web": {
          "contentFormat": "Markdown",
          "content": "Melhor:\r\n\r\nSelecione o botão \"Partilhar para Equipas\" diretamente a partir de uma mensagem no Outlook.\r\n\r\nSe não tiver este botão:\r\n\r\nCada canal tem um endereço de e-mail e pode [enviar e-mails diretamente para uma Equipa c](https://support.microsoft.com/en-us/office/skicka-e-post-till-en-kanal-i-teams-d91db004-d9d7-4a47-82e6-fb1b16dfd51e?ui=en-us&rs=en-us&ad=se) [hannel.](https://support.microsoft.com/en-us/office/skicka-e-post-till-en-kanal-i-teams-d91db004-d9d7-4a47-82e6-fb1b16dfd51e?ui=en-us&rs=en-us&ad=se)  Para isso, encontre o canal que gostaria de enviar por e-mail e clique no nome do  canal. Selecione  Mais opções  e selecione  Obter endereço de e-mail  e cópia.\r\n\r\nNo Outlook, reencaminha o seu e-mail para o endereço de e-mail do canal. Verá o e-mail no canal para o qual o envia. Quaisquer anexos são extraídos e guardados em  Ficheiros  no canal.\r\n\r\nDica:\r\n\r\nPode guardar o endereço de e-mail do seu canal no Outlook para encaminhar rapidamente todos os e-mails recebidos para esse endereço de e-mail."
        }
      },
      "id": "ab442a28-7747-443a-8d86-b965dc519845",
      "createdTime": "2021-03-24T18:09:18.0653521Z",
      "updatedTime": "2021-03-24T18:09:18.0653521Z",
      "createdUserId": "478b1ca5-fac4-4940-bda1-873c551431ee",
      "updatedUserId": "478b1ca5-fac4-4940-bda1-873c551431ee",
      "versionNumber": 0,
      "componentId": "00000000-0000-0000-0000-000000000000"
    }
  ],
  "createdUtc": "0001-01-01T00:00:00Z"
}