{
  "intents": [
    {
      "triggerQueries": [
        "Como abro um ficheiro das equipas no meu telemóvel?"
      ],
      "dialogId": "new_topic_a56e97bf92cd4f5ab52e58eb4a4e5020",
      "isTriggeringEnabled": true,
      "canTriggeringBeDisabled": true,
      "id": "new_topic_a56e97bf92cd4f5ab52e58eb4a4e5020",
      "displayName": "Como abro um ficheiro das equipas no meu telemóvel?",
      "description": "https://adoptbotv2kb.blob.core.windows.net/%24web/adoptbot2021-Portuguese (Portugal).docx",
      "createdTime": "2021-03-24T18:09:18.0573466Z",
      "updatedTime": "2021-03-25T09:14:02.7008892Z",
      "createdUserId": "478b1ca5-fac4-4940-bda1-873c551431ee",
      "updatedUserId": "478b1ca5-fac4-4940-bda1-873c551431ee",
      "versionNumber": 0,
      "componentId": "00000000-0000-0000-0000-000000000000"
    }
  ],
  "dialogs": [
    {
      "rootNodeId": "bb804974-55f4-4b01-a2e7-2564189ee800",
      "messageNodes": [
        {
          "botMessageId": "b05a56ed-e2e3-4d56-a556-e7350c527390",
          "nodeType": "BotMessageNode",
          "id": "bb804974-55f4-4b01-a2e7-2564189ee800",
          "defaultTargetNodeId": "61495444-62cd-47f5-950c-9fca51e90492"
        }
      ],
      "dialogChangeNodes": [
        {
          "targetDialogId": "new_topic_ff75c3680c434d8cba423897663a537e_aeabea4d071f415c8c107e1cb7af5424_assumedsuccess",
          "nodeType": "DialogChangeNode",
          "id": "61495444-62cd-47f5-950c-9fca51e90492"
        }
      ],
      "id": "new_topic_a56e97bf92cd4f5ab52e58eb4a4e5020",
      "displayName": "Dialog for Como abro um ficheiro das equipas no meu telemóvel?",
      "createdTime": "2021-03-24T18:09:18.0573466Z",
      "updatedTime": "2021-03-24T18:09:18.0573466Z",
      "createdUserId": "478b1ca5-fac4-4940-bda1-873c551431ee",
      "updatedUserId": "478b1ca5-fac4-4940-bda1-873c551431ee",
      "versionNumber": 0,
      "componentId": "00000000-0000-0000-0000-000000000000"
    }
  ],
  "botMessages": [
    {
      "channelContent": {
        "web": {
          "contentFormat": "Markdown",
          "content": "As equipas são um ótimo local para gerir ficheiros a partir do seu telemóvel. Se entrar num ficheiro de canal a partir da sua aplicação móvel Teams, tem a opção de abrir ou enviar uma cópia a alguém."
        }
      },
      "id": "b05a56ed-e2e3-4d56-a556-e7350c527390",
      "createdTime": "2021-03-24T18:09:18.0573466Z",
      "updatedTime": "2021-03-24T18:09:18.0573466Z",
      "createdUserId": "478b1ca5-fac4-4940-bda1-873c551431ee",
      "updatedUserId": "478b1ca5-fac4-4940-bda1-873c551431ee",
      "versionNumber": 0,
      "componentId": "00000000-0000-0000-0000-000000000000"
    }
  ],
  "createdUtc": "0001-01-01T00:00:00Z"
}