{
  "intents": [
    {
      "triggerQueries": [
        "Como mudo o nome da equipa?"
      ],
      "dialogId": "new_topic_c1934501084c457bac307357da7e58ff",
      "isTriggeringEnabled": true,
      "canTriggeringBeDisabled": true,
      "id": "new_topic_c1934501084c457bac307357da7e58ff",
      "displayName": "Como mudo o nome da equipa?",
      "description": "https://adoptbotv2kb.blob.core.windows.net/%24web/adoptbot2021-Portuguese (Portugal).docx",
      "createdTime": "2021-03-24T18:09:18.0573466Z",
      "updatedTime": "2021-03-25T09:13:59.9844701Z",
      "createdUserId": "478b1ca5-fac4-4940-bda1-873c551431ee",
      "updatedUserId": "478b1ca5-fac4-4940-bda1-873c551431ee",
      "versionNumber": 0,
      "componentId": "00000000-0000-0000-0000-000000000000"
    }
  ],
  "dialogs": [
    {
      "rootNodeId": "17ca8095-a561-418f-b6a8-6b69c845a624",
      "messageNodes": [
        {
          "botMessageId": "b886376b-5472-4eae-9e9d-079122c60610",
          "nodeType": "BotMessageNode",
          "id": "17ca8095-a561-418f-b6a8-6b69c845a624",
          "defaultTargetNodeId": "6d0234db-a8ba-448a-acb9-f4c0111cb02d"
        }
      ],
      "dialogChangeNodes": [
        {
          "targetDialogId": "new_topic_ff75c3680c434d8cba423897663a537e_aeabea4d071f415c8c107e1cb7af5424_assumedsuccess",
          "nodeType": "DialogChangeNode",
          "id": "6d0234db-a8ba-448a-acb9-f4c0111cb02d"
        }
      ],
      "id": "new_topic_c1934501084c457bac307357da7e58ff",
      "displayName": "Dialog for Como mudo o nome da equipa?",
      "createdTime": "2021-03-24T18:09:18.0573466Z",
      "updatedTime": "2021-03-24T18:09:18.0573466Z",
      "createdUserId": "478b1ca5-fac4-4940-bda1-873c551431ee",
      "updatedUserId": "478b1ca5-fac4-4940-bda1-873c551431ee",
      "versionNumber": 0,
      "componentId": "00000000-0000-0000-0000-000000000000"
    }
  ],
  "botMessages": [
    {
      "channelContent": {
        "web": {
          "contentFormat": "Markdown",
          "content": "Vá ao nome da equipa e clique em Maisopções  &gt;  Editar a equipa. A partir daí, pode  definir o nome da equipa, descrição e definições de privacidade, se necessário."
        }
      },
      "id": "b886376b-5472-4eae-9e9d-079122c60610",
      "createdTime": "2021-03-24T18:09:18.0573466Z",
      "updatedTime": "2021-03-24T18:09:18.0573466Z",
      "createdUserId": "478b1ca5-fac4-4940-bda1-873c551431ee",
      "updatedUserId": "478b1ca5-fac4-4940-bda1-873c551431ee",
      "versionNumber": 0,
      "componentId": "00000000-0000-0000-0000-000000000000"
    }
  ],
  "createdUtc": "0001-01-01T00:00:00Z"
}