{
  "intents": [
    {
      "triggerQueries": [
        "Como uso as Breakout Rooms?"
      ],
      "dialogId": "new_topic_85b6929c074845b7bf24d8673fc44061",
      "isTriggeringEnabled": false,
      "id": "new_topic_85b6929c074845b7bf24d8673fc44061",
      "displayName": "Como uso as Breakout Rooms?",
      "description": "https://myfirstbot5159226067.blob.core.windows.net/adoptbotpt/adoptbot2021-Portuguese (3).docx",
      "createdTime": "2021-04-07T18:37:12.8806065Z",
      "updatedTime": "2021-04-07T18:37:12.8806065Z",
      "createdUserId": "704dbbff-ed42-4ede-b8c8-2ac7c33773ac"
    }
  ],
  "dialogs": [
    {
      "rootNodeId": "6d37ebdb-e5bd-4d75-8e81-bf904935dc02",
      "messageNodes": [
        {
          "botMessageId": "4d4d93ea-6d77-4553-bf2d-49f34df590f6",
          "nodeType": "BotMessageNode",
          "id": "6d37ebdb-e5bd-4d75-8e81-bf904935dc02",
          "defaultTargetNodeId": "62e7e667-843e-4056-bef6-f289b5cc7688"
        }
      ],
      "dialogChangeNodes": [
        {
          "targetDialogId": "new_topic_f47de1d400dd44789efae4b80b274492_aeabea4d071f415c8c107e1cb7af5424_assumedsuccess",
          "nodeType": "DialogChangeNode",
          "id": "62e7e667-843e-4056-bef6-f289b5cc7688"
        }
      ],
      "id": "new_topic_85b6929c074845b7bf24d8673fc44061",
      "displayName": "Dialog for Como uso as Breakout Rooms?",
      "createdTime": "2021-04-07T18:37:12.8806065Z",
      "updatedTime": "2021-04-07T18:37:12.8806065Z",
      "createdUserId": "704dbbff-ed42-4ede-b8c8-2ac7c33773ac",
      "updatedUserId": "704dbbff-ed42-4ede-b8c8-2ac7c33773ac"
    }
  ],
  "botMessages": [
    {
      "channelContent": {
        "web": {
          "contentFormat": "Markdown",
          "content": "Breakout Rooms são úteis em muitos cenários.  [Verifique o](https://support.microsoft.com/en-us/office/use-breakout-rooms-in-teams-meetings-7de1f48a-da07-466c-a5ab-4ebace28e461)[seu guia sempre atualizado sobre como usar](https://support.microsoft.com/en-us/office/use-breakout-rooms-in-teams-meetings-7de1f48a-da07-466c-a5ab-4ebace28e461) Breakout Rooms no Teams."
        }
      },
      "id": "4d4d93ea-6d77-4553-bf2d-49f34df590f6",
      "createdTime": "2021-04-07T18:37:12.8806065Z",
      "updatedTime": "2021-04-07T18:37:12.8806065Z",
      "createdUserId": "704dbbff-ed42-4ede-b8c8-2ac7c33773ac",
      "updatedUserId": "704dbbff-ed42-4ede-b8c8-2ac7c33773ac"
    }
  ],
  "createdUtc": "0001-01-01T00:00:00Z"
}