{
  "intents": [
    {
      "triggerQueries": [
        "Posso conversar com utilizadores externos em Equipas?"
      ],
      "dialogId": "new_topic_8a77788e89464c47ba2aabce75c8ae55",
      "isTriggeringEnabled": true,
      "canTriggeringBeDisabled": true,
      "id": "new_topic_8a77788e89464c47ba2aabce75c8ae55",
      "displayName": "Posso conversar com utilizadores externos em Equipas?",
      "description": "https://adoptbotv2kb.blob.core.windows.net/%24web/adoptbot2021-Portuguese (Portugal).docx",
      "createdTime": "2021-03-24T18:09:18.0653521Z",
      "updatedTime": "2021-03-25T09:12:58.6124204Z",
      "createdUserId": "478b1ca5-fac4-4940-bda1-873c551431ee",
      "updatedUserId": "478b1ca5-fac4-4940-bda1-873c551431ee",
      "versionNumber": 0,
      "componentId": "00000000-0000-0000-0000-000000000000"
    }
  ],
  "dialogs": [
    {
      "rootNodeId": "8c80c93f-18c1-4e59-bef7-5108ca69a518",
      "messageNodes": [
        {
          "botMessageId": "e5c10f85-77d9-4b26-973b-25ca30d96701",
          "nodeType": "BotMessageNode",
          "id": "8c80c93f-18c1-4e59-bef7-5108ca69a518",
          "defaultTargetNodeId": "beab0735-3693-4ecf-af28-1b35af2c57a4"
        }
      ],
      "dialogChangeNodes": [
        {
          "targetDialogId": "new_topic_ff75c3680c434d8cba423897663a537e_aeabea4d071f415c8c107e1cb7af5424_assumedsuccess",
          "nodeType": "DialogChangeNode",
          "id": "beab0735-3693-4ecf-af28-1b35af2c57a4"
        }
      ],
      "id": "new_topic_8a77788e89464c47ba2aabce75c8ae55",
      "displayName": "Dialog for Posso conversar com utilizadores externos em Equipas?",
      "createdTime": "2021-03-24T18:09:18.0653521Z",
      "updatedTime": "2021-03-24T18:09:18.0653521Z",
      "createdUserId": "478b1ca5-fac4-4940-bda1-873c551431ee",
      "updatedUserId": "478b1ca5-fac4-4940-bda1-873c551431ee",
      "versionNumber": 0,
      "componentId": "00000000-0000-0000-0000-000000000000"
    }
  ],
  "botMessages": [
    {
      "channelContent": {
        "web": {
          "contentFormat": "Markdown",
          "content": "Quando precisa de comunicar e colaborar com pessoas fora da sua organização, pode utilizar o Acesso Externo das Equipas do Microsoft (também conhecido comoeraçãofed)  para  encontrar, ligar e conversar com os utilizadores noutros domínios (por exemplo,  contoso.com).\r\n\r\nPode tentar escrever  no e-mail do utilizador externo na barra de pesquisa do Teams. Se a pessoa aparecer, selecione o endereço externo e tente conversar.\r\n\r\nPorfavor, não ote! Isto requer que  determinadas opções sejam habilitados  nas  respetivas organizações:\r\n\r\n[Comunicar com utilizadores de outras organizações em Microsoft Teams](https://docs.microsoft.com/en-us/microsoftteams/communicate-with-users-from-other-organizations)"
        }
      },
      "id": "e5c10f85-77d9-4b26-973b-25ca30d96701",
      "createdTime": "2021-03-24T18:09:18.0653521Z",
      "updatedTime": "2021-03-24T18:09:18.0653521Z",
      "createdUserId": "478b1ca5-fac4-4940-bda1-873c551431ee",
      "updatedUserId": "478b1ca5-fac4-4940-bda1-873c551431ee",
      "versionNumber": 0,
      "componentId": "00000000-0000-0000-0000-000000000000"
    }
  ],
  "createdUtc": "0001-01-01T00:00:00Z"
}