{
  "intents": [
    {
      "triggerQueries": [
        "Como começo uma conversa em equipa?"
      ],
      "dialogId": "new_topic_a3951525b4c940d5a80449f2649ff018",
      "isTriggeringEnabled": true,
      "canTriggeringBeDisabled": true,
      "id": "new_topic_a3951525b4c940d5a80449f2649ff018",
      "displayName": "Como começo uma conversa em equipa?",
      "description": "https://adoptbotv2kb.blob.core.windows.net/%24web/adoptbot2021-Portuguese (Portugal).docx",
      "createdTime": "2021-03-24T18:09:18.0653521Z",
      "updatedTime": "2021-03-25T09:12:25.5959616Z",
      "createdUserId": "478b1ca5-fac4-4940-bda1-873c551431ee",
      "updatedUserId": "478b1ca5-fac4-4940-bda1-873c551431ee",
      "versionNumber": 0,
      "componentId": "00000000-0000-0000-0000-000000000000"
    }
  ],
  "dialogs": [
    {
      "rootNodeId": "a8d93ad1-c476-4a9f-ac99-d03b720cd721",
      "messageNodes": [
        {
          "botMessageId": "6b66b747-12d2-4fe5-8520-0a34ef2d55c1",
          "nodeType": "BotMessageNode",
          "id": "a8d93ad1-c476-4a9f-ac99-d03b720cd721",
          "defaultTargetNodeId": "76a5cc85-4f3f-4f5f-a1f6-2e111f1bca1d"
        }
      ],
      "dialogChangeNodes": [
        {
          "targetDialogId": "new_topic_ff75c3680c434d8cba423897663a537e_aeabea4d071f415c8c107e1cb7af5424_assumedsuccess",
          "nodeType": "DialogChangeNode",
          "id": "76a5cc85-4f3f-4f5f-a1f6-2e111f1bca1d"
        }
      ],
      "id": "new_topic_a3951525b4c940d5a80449f2649ff018",
      "displayName": "Dialog for Como começo uma conversa em equipa?",
      "createdTime": "2021-03-24T18:09:18.0653521Z",
      "updatedTime": "2021-03-24T18:09:18.0653521Z",
      "createdUserId": "478b1ca5-fac4-4940-bda1-873c551431ee",
      "updatedUserId": "478b1ca5-fac4-4940-bda1-873c551431ee",
      "versionNumber": 0,
      "componentId": "00000000-0000-0000-0000-000000000000"
    }
  ],
  "botMessages": [
    {
      "channelContent": {
        "web": {
          "contentFormat": "Markdown",
          "content": "Em todos os canais em Equipas, o primeiro separador  é  \"Posts\". Pense nisto como uma grande conversa de grupo.  Todos os  que têm acesso  à  equipa  podem  ver mensagens  noseparador Posts.\r\n\r\n[Siga os passos para enviar uma mensagem a todos no](https://support.microsoft.com/en-us/office/skicka-ett-meddelande-till-en-kanal-i-teams-5c8131ce-eaad-4798-bc73-e33f4652a9c4) canal:\r\n\r\n- Primeiro, selecione o canal que pretende digitar.\r\n- Em seguida, clique em \"Responder\" para responder  ao  fio existente  ou  prima o botão \"Nova onversação  c\" para iniciar uma nova.\r\n- Digite a sua mensagem na caixa e selecione Enviar.\r\n\r\n\r\nVoila, voila!  A sua mensagem está agora em direto no canal.\r\n\r\nDica:\r\n\r\nSe quiser falar apenas com uma pessoa ou um grupo pequeno, inicie uma [conversa](https://support.microsoft.com/en-us/office/starta-en-chatt-i-teams-0c71b32b-c050-4930-a887-5afbe742b3d8) ."
        }
      },
      "id": "6b66b747-12d2-4fe5-8520-0a34ef2d55c1",
      "createdTime": "2021-03-24T18:09:18.0653521Z",
      "updatedTime": "2021-03-24T18:09:18.0653521Z",
      "createdUserId": "478b1ca5-fac4-4940-bda1-873c551431ee",
      "updatedUserId": "478b1ca5-fac4-4940-bda1-873c551431ee",
      "versionNumber": 0,
      "componentId": "00000000-0000-0000-0000-000000000000"
    }
  ],
  "createdUtc": "0001-01-01T00:00:00Z"
}