{
  "intents": [
    {
      "triggerQueries": [
        "Como posso @mention um canal?"
      ],
      "dialogId": "new_topic_45079c6cf8a348da96126f604813b1ac",
      "isTriggeringEnabled": true,
      "canTriggeringBeDisabled": true,
      "id": "new_topic_45079c6cf8a348da96126f604813b1ac",
      "displayName": "Como posso @mention um canal?",
      "description": "https://adoptbotv2kb.blob.core.windows.net/%24web/adoptbot2021-Portuguese (Portugal).docx",
      "createdTime": "2021-03-24T18:09:18.0653521Z",
      "updatedTime": "2021-03-25T09:12:33.6446402Z",
      "createdUserId": "478b1ca5-fac4-4940-bda1-873c551431ee",
      "updatedUserId": "478b1ca5-fac4-4940-bda1-873c551431ee",
      "versionNumber": 0,
      "componentId": "00000000-0000-0000-0000-000000000000"
    }
  ],
  "dialogs": [
    {
      "rootNodeId": "f9061818-ea9c-4849-b45b-1f9b48d594dc",
      "messageNodes": [
        {
          "botMessageId": "e9ac3ae3-093a-4e51-aecc-7051d398ac84",
          "nodeType": "BotMessageNode",
          "id": "f9061818-ea9c-4849-b45b-1f9b48d594dc",
          "defaultTargetNodeId": "76e36752-e978-4911-882f-04a2b4887abf"
        }
      ],
      "dialogChangeNodes": [
        {
          "targetDialogId": "new_topic_ff75c3680c434d8cba423897663a537e_aeabea4d071f415c8c107e1cb7af5424_assumedsuccess",
          "nodeType": "DialogChangeNode",
          "id": "76e36752-e978-4911-882f-04a2b4887abf"
        }
      ],
      "id": "new_topic_45079c6cf8a348da96126f604813b1ac",
      "displayName": "Dialog for Como posso @mention um canal?",
      "createdTime": "2021-03-24T18:09:18.0653521Z",
      "updatedTime": "2021-03-24T18:09:18.0653521Z",
      "createdUserId": "478b1ca5-fac4-4940-bda1-873c551431ee",
      "updatedUserId": "478b1ca5-fac4-4940-bda1-873c551431ee",
      "versionNumber": 0,
      "componentId": "00000000-0000-0000-0000-000000000000"
    }
  ],
  "botMessages": [
    {
      "channelContent": {
        "web": {
          "contentFormat": "Markdown",
          "content": "Para chamar a atenção de todos num  canal, @mention o canal.\r\n\r\nBasta escrever @ antes do nome do canal e, em seguida, selecionar o canal a partir do menu que aparece. Ao utilizar  @channel nome, cada membro que mostra o canal recebe  uma  notificação.\r\n\r\nO tipo de notificação depende das    configurações de cada indivíduo. Use esta opção com moderação porque é como  usar  \"responder a todos\" no e-mail."
        }
      },
      "id": "e9ac3ae3-093a-4e51-aecc-7051d398ac84",
      "createdTime": "2021-03-24T18:09:18.0653521Z",
      "updatedTime": "2021-03-24T18:09:18.0653521Z",
      "createdUserId": "478b1ca5-fac4-4940-bda1-873c551431ee",
      "updatedUserId": "478b1ca5-fac4-4940-bda1-873c551431ee",
      "versionNumber": 0,
      "componentId": "00000000-0000-0000-0000-000000000000"
    }
  ],
  "createdUtc": "0001-01-01T00:00:00Z"
}