{
  "intents": [
    {
      "triggerQueries": [
        "O que é um convidado em Equipas?"
      ],
      "dialogId": "new_topic_125d5b7dad504359bb400864335305ca",
      "isTriggeringEnabled": false,
      "id": "new_topic_125d5b7dad504359bb400864335305ca",
      "displayName": "O que é um convidado em Equipas?",
      "description": "https://myfirstbot5159226067.blob.core.windows.net/adoptbotpt/adoptbot2021-Portuguese (3).docx",
      "createdTime": "2021-04-07T18:37:12.8795986Z",
      "updatedTime": "2021-04-07T18:37:12.8795986Z",
      "createdUserId": "704dbbff-ed42-4ede-b8c8-2ac7c33773ac"
    }
  ],
  "dialogs": [
    {
      "rootNodeId": "a4bc975a-4d40-42e4-8ed2-ab9edecb120e",
      "messageNodes": [
        {
          "botMessageId": "8b189841-f58e-4910-8bc3-edc24262b318",
          "nodeType": "BotMessageNode",
          "id": "a4bc975a-4d40-42e4-8ed2-ab9edecb120e",
          "defaultTargetNodeId": "ea94e547-34d4-40ac-a670-b09d5f070913"
        }
      ],
      "dialogChangeNodes": [
        {
          "targetDialogId": "new_topic_f47de1d400dd44789efae4b80b274492_aeabea4d071f415c8c107e1cb7af5424_assumedsuccess",
          "nodeType": "DialogChangeNode",
          "id": "ea94e547-34d4-40ac-a670-b09d5f070913"
        }
      ],
      "id": "new_topic_125d5b7dad504359bb400864335305ca",
      "displayName": "Dialog for O que é um convidado em Equipas?",
      "createdTime": "2021-04-07T18:37:12.8795986Z",
      "updatedTime": "2021-04-07T18:37:12.8795986Z",
      "createdUserId": "704dbbff-ed42-4ede-b8c8-2ac7c33773ac",
      "updatedUserId": "704dbbff-ed42-4ede-b8c8-2ac7c33773ac"
    }
  ],
  "botMessages": [
    {
      "channelContent": {
        "web": {
          "contentFormat": "Markdown",
          "content": "O acesso ao hóspede permite que as equipas da sua organização colaborem com pessoas fora da sua organização, dando-lhes acesso às equipas e canais existentes em Equipas.\r\n\r\nQualquer pessoa que tenha uma conta de e-mail empresarial ou regular, como o Outlook, o Gmail, ou outros, pode [ser convidada como convidado em](https://support.microsoft.com/en-us/office/l%C3%A4gga-till-g%C3%A4ster-till-ett-team-i-teams-fccb4fa6-f864-4508-bdde-256e7384a14f) [Equipas](https://support.microsoft.com/en-us/office/l%C3%A4gga-till-g%C3%A4ster-till-ett-team-i-teams-fccb4fa6-f864-4508-bdde-256e7384a14f) e participar [de](https://support.microsoft.com/en-us/office/l%C3%A4gga-till-g%C3%A4ster-till-ett-team-i-teams-fccb4fa6-f864-4508-bdde-256e7384a14f) conversas de equipa,  reuniões e ficheiros."
        }
      },
      "id": "8b189841-f58e-4910-8bc3-edc24262b318",
      "createdTime": "2021-04-07T18:37:12.8795986Z",
      "updatedTime": "2021-04-07T18:37:12.8795986Z",
      "createdUserId": "704dbbff-ed42-4ede-b8c8-2ac7c33773ac",
      "updatedUserId": "704dbbff-ed42-4ede-b8c8-2ac7c33773ac"
    }
  ],
  "createdUtc": "0001-01-01T00:00:00Z"
}