{
  "intents": [
    {
      "triggerQueries": [
        "Dicas simples para melhores reuniões de equipas?"
      ],
      "dialogId": "new_topic_cc18f7b39f7b467082da95eb5d366d9e",
      "isTriggeringEnabled": true,
      "canTriggeringBeDisabled": true,
      "id": "new_topic_cc18f7b39f7b467082da95eb5d366d9e",
      "displayName": "Dicas simples para melhores reuniões de equipas?",
      "description": "https://adoptbotv2kb.blob.core.windows.net/%24web/adoptbot2021-Portuguese (Portugal).docx",
      "createdTime": "2021-03-24T18:09:18.0583447Z",
      "updatedTime": "2021-03-25T09:13:31.5380315Z",
      "createdUserId": "478b1ca5-fac4-4940-bda1-873c551431ee",
      "updatedUserId": "478b1ca5-fac4-4940-bda1-873c551431ee",
      "versionNumber": 0,
      "componentId": "00000000-0000-0000-0000-000000000000"
    }
  ],
  "dialogs": [
    {
      "rootNodeId": "a721b27b-78a1-48d7-bea1-f93d3dd77461",
      "messageNodes": [
        {
          "botMessageId": "37611eea-ca1e-4ffa-8f04-466290b38e8e",
          "nodeType": "BotMessageNode",
          "id": "a721b27b-78a1-48d7-bea1-f93d3dd77461",
          "defaultTargetNodeId": "82f003d1-7b5a-47e1-9bd3-b180e10c5fa6"
        }
      ],
      "dialogChangeNodes": [
        {
          "targetDialogId": "new_topic_ff75c3680c434d8cba423897663a537e_aeabea4d071f415c8c107e1cb7af5424_assumedsuccess",
          "nodeType": "DialogChangeNode",
          "id": "82f003d1-7b5a-47e1-9bd3-b180e10c5fa6"
        }
      ],
      "id": "new_topic_cc18f7b39f7b467082da95eb5d366d9e",
      "displayName": "Dialog for Dicas simples para melhores reuniões de equipas?",
      "createdTime": "2021-03-24T18:09:18.0583447Z",
      "updatedTime": "2021-03-24T18:09:18.0583447Z",
      "createdUserId": "478b1ca5-fac4-4940-bda1-873c551431ee",
      "updatedUserId": "478b1ca5-fac4-4940-bda1-873c551431ee",
      "versionNumber": 0,
      "componentId": "00000000-0000-0000-0000-000000000000"
    }
  ],
  "botMessages": [
    {
      "channelContent": {
        "web": {
          "contentFormat": "Markdown",
          "content": "Aqui estão [algumas ips](https://support.microsoft.com/en-us/office/tips-f%C3%B6r-b%C3%A4ttre-m%C3%B6ten-80640ac4-b009-42ea-abcb-660e729e63e5)  simples para melhores reuniões com as Equipas da Microsoft  (com  legendas)"
        }
      },
      "id": "37611eea-ca1e-4ffa-8f04-466290b38e8e",
      "createdTime": "2021-03-24T18:09:18.0583447Z",
      "updatedTime": "2021-03-24T18:09:18.0583447Z",
      "createdUserId": "478b1ca5-fac4-4940-bda1-873c551431ee",
      "updatedUserId": "478b1ca5-fac4-4940-bda1-873c551431ee",
      "versionNumber": 0,
      "componentId": "00000000-0000-0000-0000-000000000000"
    }
  ],
  "createdUtc": "0001-01-01T00:00:00Z"
}