{
  "intents": [
    {
      "triggerQueries": [
        "Como é que um utilizador acede ou altera o seu PIN?"
      ],
      "dialogId": "new_topic_bcd4925dd82d487280b07b9dd77ad51b",
      "isTriggeringEnabled": false,
      "id": "new_topic_bcd4925dd82d487280b07b9dd77ad51b",
      "displayName": "Como é que um utilizador acede ou altera o seu PIN?",
      "description": "https://myfirstbot5159226067.blob.core.windows.net/adoptbotpt/adoptbot2021-Portuguese (3).docx",
      "createdTime": "2021-04-07T18:37:12.8785774Z",
      "updatedTime": "2021-04-07T18:37:12.8785774Z",
      "createdUserId": "704dbbff-ed42-4ede-b8c8-2ac7c33773ac"
    }
  ],
  "dialogs": [
    {
      "rootNodeId": "86bc700c-6f9e-4a7d-a221-280f6ce0011a",
      "messageNodes": [
        {
          "botMessageId": "7b22dd3a-4ea8-4941-adbb-7efdb77d77d2",
          "nodeType": "BotMessageNode",
          "id": "86bc700c-6f9e-4a7d-a221-280f6ce0011a",
          "defaultTargetNodeId": "fc71cb55-9b21-4970-8dc2-615f384862b3"
        }
      ],
      "dialogChangeNodes": [
        {
          "targetDialogId": "new_topic_f47de1d400dd44789efae4b80b274492_aeabea4d071f415c8c107e1cb7af5424_assumedsuccess",
          "nodeType": "DialogChangeNode",
          "id": "fc71cb55-9b21-4970-8dc2-615f384862b3"
        }
      ],
      "id": "new_topic_bcd4925dd82d487280b07b9dd77ad51b",
      "displayName": "Dialog for Como é que um utilizador acede ou altera o seu PIN?",
      "createdTime": "2021-04-07T18:37:12.8785774Z",
      "updatedTime": "2021-04-07T18:37:12.8785774Z",
      "createdUserId": "704dbbff-ed42-4ede-b8c8-2ac7c33773ac",
      "updatedUserId": "704dbbff-ed42-4ede-b8c8-2ac7c33773ac"
    }
  ],
  "botMessages": [
    {
      "channelContent": {
        "web": {
          "contentFormat": "Markdown",
          "content": "O PIN  só pode ser reiniciado pelo Administrador para a organização."
        }
      },
      "id": "7b22dd3a-4ea8-4941-adbb-7efdb77d77d2",
      "createdTime": "2021-04-07T18:37:12.8785774Z",
      "updatedTime": "2021-04-07T18:37:12.8785774Z",
      "createdUserId": "704dbbff-ed42-4ede-b8c8-2ac7c33773ac",
      "updatedUserId": "704dbbff-ed42-4ede-b8c8-2ac7c33773ac"
    }
  ],
  "createdUtc": "0001-01-01T00:00:00Z"
}