{
  "intents": [
    {
      "triggerQueries": [
        "As equipas estão suficientemente seguras para a minha informação?"
      ],
      "dialogId": "new_topic_20f32cae1de2426daf399c9e0ba02bfa",
      "isTriggeringEnabled": false,
      "id": "new_topic_20f32cae1de2426daf399c9e0ba02bfa",
      "displayName": "As equipas estão suficientemente seguras para a minha informação?",
      "description": "https://myfirstbot5159226067.blob.core.windows.net/adoptbotpt/adoptbot2021-Portuguese (3).docx",
      "createdTime": "2021-04-07T18:37:12.8806065Z",
      "updatedTime": "2021-04-07T18:37:12.8806065Z",
      "createdUserId": "704dbbff-ed42-4ede-b8c8-2ac7c33773ac"
    }
  ],
  "dialogs": [
    {
      "rootNodeId": "3cded0a0-84ca-404b-9570-be7798851086",
      "messageNodes": [
        {
          "botMessageId": "d7e79733-0824-4df4-8057-5d21d7ce18e7",
          "nodeType": "BotMessageNode",
          "id": "3cded0a0-84ca-404b-9570-be7798851086",
          "defaultTargetNodeId": "4f4c3d21-42c0-4d04-802b-b975aa401739"
        }
      ],
      "dialogChangeNodes": [
        {
          "targetDialogId": "new_topic_f47de1d400dd44789efae4b80b274492_aeabea4d071f415c8c107e1cb7af5424_assumedsuccess",
          "nodeType": "DialogChangeNode",
          "id": "4f4c3d21-42c0-4d04-802b-b975aa401739"
        }
      ],
      "id": "new_topic_20f32cae1de2426daf399c9e0ba02bfa",
      "displayName": "Dialog for As equipas estão suficientemente seguras para a minha informação?",
      "createdTime": "2021-04-07T18:37:12.8806065Z",
      "updatedTime": "2021-04-07T18:37:12.8806065Z",
      "createdUserId": "704dbbff-ed42-4ede-b8c8-2ac7c33773ac",
      "updatedUserId": "704dbbff-ed42-4ede-b8c8-2ac7c33773ac"
    }
  ],
  "botMessages": [
    {
      "channelContent": {
        "web": {
          "contentFormat": "Markdown",
          "content": "[As equipas oferecem segurança de classe mundial](https://www.microsoft.com/en-us/microsoft-teams/security) e cumprem os requisitos do RGPD e mais de 90 outras certificações, incluindo as normas ISO.\r\n\r\nPor favor, note que a sua organização pode ter as suas próprias políticas para onde guardar informações sensíveis.\r\n\r\nOs seus dados em Equipas já estão seguros, mas caso a sua organização tenha políticas específicas pode ajudar/impedir que os utilizadores escrevam informações sensíveis no chat ou em ficheiros. Por exemplo, os números de segurança social, os números de passaportes da UE, os dados de saúde ou os conteúdos definidos personalizados podem ser automaticamente impedidos de serem partilhados em equipas. [Pode ler mais sobre como o seu empregador pode configurar aqui.](https://docs.microsoft.com/en-us/microsoft-365/compliance/dlp-microsoft-teams?view=o365-worldwide)"
        }
      },
      "id": "d7e79733-0824-4df4-8057-5d21d7ce18e7",
      "createdTime": "2021-04-07T18:37:12.8806065Z",
      "updatedTime": "2021-04-07T18:37:12.8806065Z",
      "createdUserId": "704dbbff-ed42-4ede-b8c8-2ac7c33773ac",
      "updatedUserId": "704dbbff-ed42-4ede-b8c8-2ac7c33773ac"
    }
  ],
  "createdUtc": "0001-01-01T00:00:00Z"
}