{
  "intents": [
    {
      "triggerQueries": [
        "Como posso bloquear um bot?"
      ],
      "dialogId": "new_topic_f5629938d7df4f1497a57220585be934",
      "isTriggeringEnabled": true,
      "canTriggeringBeDisabled": true,
      "id": "new_topic_f5629938d7df4f1497a57220585be934",
      "displayName": "Como posso bloquear um bot?",
      "description": "https://adoptbotv2kb.blob.core.windows.net/%24web/adoptbot2021-Portuguese (Portugal).docx",
      "createdTime": "2021-03-24T18:09:18.0573466Z",
      "updatedTime": "2021-03-25T09:13:58.2590115Z",
      "createdUserId": "478b1ca5-fac4-4940-bda1-873c551431ee",
      "updatedUserId": "478b1ca5-fac4-4940-bda1-873c551431ee",
      "versionNumber": 0,
      "componentId": "00000000-0000-0000-0000-000000000000"
    }
  ],
  "dialogs": [
    {
      "rootNodeId": "26d054f0-fa80-4414-8dcf-d6127c6be5be",
      "messageNodes": [
        {
          "botMessageId": "855672c6-7c9f-442e-9a18-a64abf8edb2b",
          "nodeType": "BotMessageNode",
          "id": "26d054f0-fa80-4414-8dcf-d6127c6be5be",
          "defaultTargetNodeId": "297db1bf-a710-4c27-a3ea-e38dc495d8c8"
        }
      ],
      "dialogChangeNodes": [
        {
          "targetDialogId": "new_topic_ff75c3680c434d8cba423897663a537e_aeabea4d071f415c8c107e1cb7af5424_assumedsuccess",
          "nodeType": "DialogChangeNode",
          "id": "297db1bf-a710-4c27-a3ea-e38dc495d8c8"
        }
      ],
      "id": "new_topic_f5629938d7df4f1497a57220585be934",
      "displayName": "Dialog for Como posso bloquear um bot?",
      "createdTime": "2021-03-24T18:09:18.0573466Z",
      "updatedTime": "2021-03-24T18:09:18.0573466Z",
      "createdUserId": "478b1ca5-fac4-4940-bda1-873c551431ee",
      "updatedUserId": "478b1ca5-fac4-4940-bda1-873c551431ee",
      "versionNumber": 0,
      "componentId": "00000000-0000-0000-0000-000000000000"
    }
  ],
  "botMessages": [
    {
      "channelContent": {
        "web": {
          "contentFormat": "Markdown",
          "content": "Se não tiverouvido falar de um bot,apenas  relax.  Temopções.\r\n\r\nPara impedir que um bot fale, encontre o nome do seu chat com o bot na sua lista de chat, clique em Mais opções  e, em seguida,  Mute .\r\n\r\nSe procura uma solução mais permanente,pode remover um bot de um canal inteiramente.  Find o nome do canal, em seguida, clique em Mais opções  e, em seguida,  Gerir a equipa .\r\n\r\nNo  separador Apps, clique em  Desinstalar  ao lado do nome do bot que pretende remover."
        }
      },
      "id": "855672c6-7c9f-442e-9a18-a64abf8edb2b",
      "createdTime": "2021-03-24T18:09:18.0573466Z",
      "updatedTime": "2021-03-24T18:09:18.0573466Z",
      "createdUserId": "478b1ca5-fac4-4940-bda1-873c551431ee",
      "updatedUserId": "478b1ca5-fac4-4940-bda1-873c551431ee",
      "versionNumber": 0,
      "componentId": "00000000-0000-0000-0000-000000000000"
    }
  ],
  "createdUtc": "0001-01-01T00:00:00Z"
}