{
  "intents": [
    {
      "triggerQueries": [
        "Como posso criar uma equipa de uma equipa existente?"
      ],
      "dialogId": "new_topic_9d92a7c6979a4294a6191d09d5fb6d31",
      "isTriggeringEnabled": true,
      "canTriggeringBeDisabled": true,
      "id": "new_topic_9d92a7c6979a4294a6191d09d5fb6d31",
      "displayName": "Como posso criar uma equipa de uma equipa existente?",
      "description": "https://adoptbotv2kb.blob.core.windows.net/%24web/adoptbot2021-Portuguese (Portugal).docx",
      "createdTime": "2021-03-24T18:09:18.0653521Z",
      "updatedTime": "2021-03-25T09:12:32.4577476Z",
      "createdUserId": "478b1ca5-fac4-4940-bda1-873c551431ee",
      "updatedUserId": "478b1ca5-fac4-4940-bda1-873c551431ee",
      "versionNumber": 0,
      "componentId": "00000000-0000-0000-0000-000000000000"
    }
  ],
  "dialogs": [
    {
      "rootNodeId": "150a416f-0fca-4323-ad07-8b8244389d17",
      "messageNodes": [
        {
          "botMessageId": "bd42270f-0ec2-4db0-a3cf-6098b709bc52",
          "nodeType": "BotMessageNode",
          "id": "150a416f-0fca-4323-ad07-8b8244389d17",
          "defaultTargetNodeId": "36dd3c10-d9f8-4db7-876f-fe81276a3049"
        }
      ],
      "dialogChangeNodes": [
        {
          "targetDialogId": "new_topic_ff75c3680c434d8cba423897663a537e_aeabea4d071f415c8c107e1cb7af5424_assumedsuccess",
          "nodeType": "DialogChangeNode",
          "id": "36dd3c10-d9f8-4db7-876f-fe81276a3049"
        }
      ],
      "id": "new_topic_9d92a7c6979a4294a6191d09d5fb6d31",
      "displayName": "Dialog for Como posso criar uma equipa de uma equipa existente?",
      "createdTime": "2021-03-24T18:09:18.0653521Z",
      "updatedTime": "2021-03-24T18:09:18.0653521Z",
      "createdUserId": "478b1ca5-fac4-4940-bda1-873c551431ee",
      "updatedUserId": "478b1ca5-fac4-4940-bda1-873c551431ee",
      "versionNumber": 0,
      "componentId": "00000000-0000-0000-0000-000000000000"
    }
  ],
  "botMessages": [
    {
      "channelContent": {
        "web": {
          "contentFormat": "Markdown",
          "content": "[Criar uma equipa de uma equipa existente](https://support.microsoft.com/en-us/office/skapa-ett-team-fr%C3%A5n-ett-befintligt-team-f41a759b-3101-4af6-93bd-6aba0e5d7635)\r\n\r\nPode reutilizar a estrutura e as configurações existentes para uma nova equipa.\r\n\r\nPara criar uma equipa: Na barra lateral das Equipas, clique em Equipas.  A t na parte inferior da lista da  sua  equipa, clique em  \" Junte-seou crie umaequipa \"  e, em seguida, clique em Criar uma nova equipa.\r\n\r\nSelecione a opção \" De um grupo ou equipa \". Selecione a equipa existente ou  o  grupo Microsoft 3 65 a partir do grupo microsoft [3](https://support.microsoft.com/en-us/office/skapa-ett-team-fr%C3%A5n-en-befintlig-grupp-24ec428e-40d7-4a1a-ab87-29be7d145865) [65](https://support.microsoft.com/en-us/office/skapa-ett-team-fr%C3%A5n-en-befintlig-grupp-24ec428e-40d7-4a1a-ab87-29be7d145865) a partir de . Escolha um novo nome e reveja as suas definições.\r\n\r\nDepois de criares a tua equipa, podes convidar  as pessoas. Pode adicionar utilizadores individuais, grupos e até grupos de contacto inteiros (listas de distribuição).\r\n\r\nTip: Não se esqueça que deve ser pelo menos  dois  donos  de equipas  em  cada equipa."
        }
      },
      "id": "bd42270f-0ec2-4db0-a3cf-6098b709bc52",
      "createdTime": "2021-03-24T18:09:18.0653521Z",
      "updatedTime": "2021-03-24T18:09:18.0653521Z",
      "createdUserId": "478b1ca5-fac4-4940-bda1-873c551431ee",
      "updatedUserId": "478b1ca5-fac4-4940-bda1-873c551431ee",
      "versionNumber": 0,
      "componentId": "00000000-0000-0000-0000-000000000000"
    }
  ],
  "createdUtc": "0001-01-01T00:00:00Z"
}