{
  "intents": [
    {
      "triggerQueries": [
        "Os meus documentos guardados no OneDrive também estão disponíveis offline?"
      ],
      "dialogId": "new_topic_75ac6484537a4d8598314b921dc008e6",
      "isTriggeringEnabled": true,
      "canTriggeringBeDisabled": true,
      "id": "new_topic_75ac6484537a4d8598314b921dc008e6",
      "displayName": "Os meus documentos guardados no OneDrive também estão disponíveis offline?",
      "description": "https://adoptbotv2kb.blob.core.windows.net/%24web/adoptbot2021-Portuguese (Portugal).docx",
      "createdTime": "2021-03-24T18:09:18.0583447Z",
      "updatedTime": "2021-03-25T09:13:26.2066708Z",
      "createdUserId": "478b1ca5-fac4-4940-bda1-873c551431ee",
      "updatedUserId": "478b1ca5-fac4-4940-bda1-873c551431ee",
      "versionNumber": 0,
      "componentId": "00000000-0000-0000-0000-000000000000"
    }
  ],
  "dialogs": [
    {
      "rootNodeId": "e75ef47c-e5af-439e-b14b-f0b517a39358",
      "messageNodes": [
        {
          "botMessageId": "1d75b772-1d15-4237-87cb-dc53d29ac978",
          "nodeType": "BotMessageNode",
          "id": "e75ef47c-e5af-439e-b14b-f0b517a39358",
          "defaultTargetNodeId": "1e93e000-91c2-48aa-afc7-4fd4beb3575c"
        }
      ],
      "dialogChangeNodes": [
        {
          "targetDialogId": "new_topic_ff75c3680c434d8cba423897663a537e_aeabea4d071f415c8c107e1cb7af5424_assumedsuccess",
          "nodeType": "DialogChangeNode",
          "id": "1e93e000-91c2-48aa-afc7-4fd4beb3575c"
        }
      ],
      "id": "new_topic_75ac6484537a4d8598314b921dc008e6",
      "displayName": "Dialog for Os meus documentos guardados no OneDrive também estão disponíveis offline?",
      "createdTime": "2021-03-24T18:09:18.0583447Z",
      "updatedTime": "2021-03-24T18:09:18.0583447Z",
      "createdUserId": "478b1ca5-fac4-4940-bda1-873c551431ee",
      "updatedUserId": "478b1ca5-fac4-4940-bda1-873c551431ee",
      "versionNumber": 0,
      "componentId": "00000000-0000-0000-0000-000000000000"
    }
  ],
  "botMessages": [
    {
      "channelContent": {
        "web": {
          "contentFormat": "Markdown",
          "content": "Se estiver a utilizar o Windows 10, o OneDrive está pré-instalado. Para aceder aos seus documentos quando não estiver ligado à Internet, abra o File Explorer no seu PC e aceda à pasta OneDrive. Quando reconecta, o OneDrive atualiza as versões online com as alterações que fez offline.\r\n\r\nVisite [o OneDrive para obter](https://go.microsoft.com/fwlink/p/?LinkID=717896) mais detalhes."
        }
      },
      "id": "1d75b772-1d15-4237-87cb-dc53d29ac978",
      "createdTime": "2021-03-24T18:09:18.0583447Z",
      "updatedTime": "2021-03-24T18:09:18.0583447Z",
      "createdUserId": "478b1ca5-fac4-4940-bda1-873c551431ee",
      "updatedUserId": "478b1ca5-fac4-4940-bda1-873c551431ee",
      "versionNumber": 0,
      "componentId": "00000000-0000-0000-0000-000000000000"
    }
  ],
  "createdUtc": "0001-01-01T00:00:00Z"
}