{
  "intents": [
    {
      "triggerQueries": [
        "Como mudo a minha imagem de equipa?"
      ],
      "dialogId": "new_topic_13ca22001790445285011beda5b22193",
      "isTriggeringEnabled": true,
      "canTriggeringBeDisabled": true,
      "id": "new_topic_13ca22001790445285011beda5b22193",
      "displayName": "Como mudo a minha imagem de equipa?",
      "description": "https://adoptbotv2kb.blob.core.windows.net/%24web/adoptbot2021-Portuguese (Portugal).docx",
      "createdTime": "2021-03-24T18:09:18.0573466Z",
      "updatedTime": "2021-03-25T09:14:03.619438Z",
      "createdUserId": "478b1ca5-fac4-4940-bda1-873c551431ee",
      "updatedUserId": "478b1ca5-fac4-4940-bda1-873c551431ee",
      "versionNumber": 0,
      "componentId": "00000000-0000-0000-0000-000000000000"
    }
  ],
  "dialogs": [
    {
      "rootNodeId": "15f73963-c503-4c71-8f7d-b75263e5bdc1",
      "messageNodes": [
        {
          "botMessageId": "8a4b7bb3-d0e0-413e-9188-e3f16854dda6",
          "nodeType": "BotMessageNode",
          "id": "15f73963-c503-4c71-8f7d-b75263e5bdc1",
          "defaultTargetNodeId": "cfb8661d-032b-4596-a2b0-20decf02e619"
        }
      ],
      "dialogChangeNodes": [
        {
          "targetDialogId": "new_topic_ff75c3680c434d8cba423897663a537e_aeabea4d071f415c8c107e1cb7af5424_assumedsuccess",
          "nodeType": "DialogChangeNode",
          "id": "cfb8661d-032b-4596-a2b0-20decf02e619"
        }
      ],
      "id": "new_topic_13ca22001790445285011beda5b22193",
      "displayName": "Dialog for Como mudo a minha imagem de equipa?",
      "createdTime": "2021-03-24T18:09:18.0573466Z",
      "updatedTime": "2021-03-24T18:09:18.0573466Z",
      "createdUserId": "478b1ca5-fac4-4940-bda1-873c551431ee",
      "updatedUserId": "478b1ca5-fac4-4940-bda1-873c551431ee",
      "versionNumber": 0,
      "componentId": "00000000-0000-0000-0000-000000000000"
    }
  ],
  "botMessages": [
    {
      "channelContent": {
        "web": {
          "contentFormat": "Markdown",
          "content": "Vá ao nome da equipa e clique em Maisopções  &gt;  Gerir a equipa.  In no separador  Definições,  clique na imagem de equipa  &gt; Change Picture."
        }
      },
      "id": "8a4b7bb3-d0e0-413e-9188-e3f16854dda6",
      "createdTime": "2021-03-24T18:09:18.0573466Z",
      "updatedTime": "2021-03-24T18:09:18.0573466Z",
      "createdUserId": "478b1ca5-fac4-4940-bda1-873c551431ee",
      "updatedUserId": "478b1ca5-fac4-4940-bda1-873c551431ee",
      "versionNumber": 0,
      "componentId": "00000000-0000-0000-0000-000000000000"
    }
  ],
  "createdUtc": "0001-01-01T00:00:00Z"
}