{
  "intents": [
    {
      "triggerQueries": [
        "Como vejo um canal escondido?"
      ],
      "dialogId": "new_topic_3002429d43e1494db02708b58cd35d76",
      "isTriggeringEnabled": true,
      "canTriggeringBeDisabled": true,
      "id": "new_topic_3002429d43e1494db02708b58cd35d76",
      "displayName": "Como vejo um canal escondido?",
      "description": "https://adoptbotv2kb.blob.core.windows.net/%24web/adoptbot2021-Portuguese (Portugal).docx",
      "createdTime": "2021-03-24T18:09:18.0573466Z",
      "updatedTime": "2021-03-25T09:14:04.8783481Z",
      "createdUserId": "478b1ca5-fac4-4940-bda1-873c551431ee",
      "updatedUserId": "478b1ca5-fac4-4940-bda1-873c551431ee",
      "versionNumber": 0,
      "componentId": "00000000-0000-0000-0000-000000000000"
    }
  ],
  "dialogs": [
    {
      "rootNodeId": "a9ea0e11-a32e-4c74-b678-53e60a86a558",
      "messageNodes": [
        {
          "botMessageId": "e20e0772-6e95-4dd1-bd87-40cc23aecf99",
          "nodeType": "BotMessageNode",
          "id": "a9ea0e11-a32e-4c74-b678-53e60a86a558",
          "defaultTargetNodeId": "b05454c7-27b2-4e65-b22d-be48d55fa41e"
        }
      ],
      "dialogChangeNodes": [
        {
          "targetDialogId": "new_topic_ff75c3680c434d8cba423897663a537e_aeabea4d071f415c8c107e1cb7af5424_assumedsuccess",
          "nodeType": "DialogChangeNode",
          "id": "b05454c7-27b2-4e65-b22d-be48d55fa41e"
        }
      ],
      "id": "new_topic_3002429d43e1494db02708b58cd35d76",
      "displayName": "Dialog for Como vejo um canal escondido?",
      "createdTime": "2021-03-24T18:09:18.0573466Z",
      "updatedTime": "2021-03-24T18:09:18.0573466Z",
      "createdUserId": "478b1ca5-fac4-4940-bda1-873c551431ee",
      "updatedUserId": "478b1ca5-fac4-4940-bda1-873c551431ee",
      "versionNumber": 0,
      "componentId": "00000000-0000-0000-0000-000000000000"
    }
  ],
  "botMessages": [
    {
      "channelContent": {
        "web": {
          "contentFormat": "Markdown",
          "content": "Vá ao nome da sua equipa e clique em Canais Ocultos. Selecione Show em qualquer canal que pretenda ver  na sua lista de canais."
        }
      },
      "id": "e20e0772-6e95-4dd1-bd87-40cc23aecf99",
      "createdTime": "2021-03-24T18:09:18.0573466Z",
      "updatedTime": "2021-03-24T18:09:18.0573466Z",
      "createdUserId": "478b1ca5-fac4-4940-bda1-873c551431ee",
      "updatedUserId": "478b1ca5-fac4-4940-bda1-873c551431ee",
      "versionNumber": 0,
      "componentId": "00000000-0000-0000-0000-000000000000"
    }
  ],
  "createdUtc": "0001-01-01T00:00:00Z"
}