{
  "intents": [
    {
      "triggerQueries": [
        "Onde posso mudar as definições da minha equipa?"
      ],
      "dialogId": "new_topic_d8ff550541ce453ca69b4b9b2c7692c9",
      "isTriggeringEnabled": false,
      "id": "new_topic_d8ff550541ce453ca69b4b9b2c7692c9",
      "displayName": "Onde posso mudar as definições da minha equipa?",
      "description": "https://myfirstbot5159226067.blob.core.windows.net/adoptbotpt/adoptbot2021-Portuguese (3).docx",
      "createdTime": "2021-04-07T18:37:12.8795986Z",
      "updatedTime": "2021-04-07T18:37:12.8795986Z",
      "createdUserId": "704dbbff-ed42-4ede-b8c8-2ac7c33773ac"
    }
  ],
  "dialogs": [
    {
      "rootNodeId": "f81795ce-04c6-46e2-87e7-b9bf0f70c587",
      "messageNodes": [
        {
          "botMessageId": "6c0f9703-7777-4eb4-aeab-865cad6640de",
          "nodeType": "BotMessageNode",
          "id": "f81795ce-04c6-46e2-87e7-b9bf0f70c587",
          "defaultTargetNodeId": "00bc0bd3-8cdd-4027-9729-b5922b956359"
        }
      ],
      "dialogChangeNodes": [
        {
          "targetDialogId": "new_topic_f47de1d400dd44789efae4b80b274492_aeabea4d071f415c8c107e1cb7af5424_assumedsuccess",
          "nodeType": "DialogChangeNode",
          "id": "00bc0bd3-8cdd-4027-9729-b5922b956359"
        }
      ],
      "id": "new_topic_d8ff550541ce453ca69b4b9b2c7692c9",
      "displayName": "Dialog for Onde posso mudar as definições da minha equipa?",
      "createdTime": "2021-04-07T18:37:12.8795986Z",
      "updatedTime": "2021-04-07T18:37:12.8795986Z",
      "createdUserId": "704dbbff-ed42-4ede-b8c8-2ac7c33773ac",
      "updatedUserId": "704dbbff-ed42-4ede-b8c8-2ac7c33773ac"
    }
  ],
  "botMessages": [
    {
      "channelContent": {
        "web": {
          "contentFormat": "Markdown",
          "content": "Vá ao nome da equipa e clique em Maisopções  &gt;  Manage Team . A partir daí pode aceder às Definições da sua equipa, o que  lhe permite:\r\n\r\n- Mude a imagem da equipa.\r\n- Definir permissões de membros.\r\n- Ativar @team menções num canal.\r\n- Permite que os membros da equipa enviem Gifs, emojis e autocolantes.\r\n- E mais"
        }
      },
      "id": "6c0f9703-7777-4eb4-aeab-865cad6640de",
      "createdTime": "2021-04-07T18:37:12.8795986Z",
      "updatedTime": "2021-04-07T18:37:12.8795986Z",
      "createdUserId": "704dbbff-ed42-4ede-b8c8-2ac7c33773ac",
      "updatedUserId": "704dbbff-ed42-4ede-b8c8-2ac7c33773ac"
    }
  ],
  "createdUtc": "0001-01-01T00:00:00Z"
}