{
  "intents": [
    {
      "triggerQueries": [
        "O que é o Microsoft 365?"
      ],
      "dialogId": "new_topic_17ab9744ef434e8eb4e59c5a4a21bce6",
      "isTriggeringEnabled": false,
      "id": "new_topic_17ab9744ef434e8eb4e59c5a4a21bce6",
      "displayName": "O que é o Microsoft 365?",
      "description": "https://myfirstbot5159226067.blob.core.windows.net/adoptbotpt/adoptbot2021-Portuguese (3).docx",
      "createdTime": "2021-04-07T18:37:12.8785774Z",
      "updatedTime": "2021-04-07T18:37:12.8785774Z",
      "createdUserId": "704dbbff-ed42-4ede-b8c8-2ac7c33773ac"
    }
  ],
  "dialogs": [
    {
      "rootNodeId": "e2310f0d-06d8-496b-b778-8588d43f1214",
      "messageNodes": [
        {
          "botMessageId": "6d7cd7e7-5886-40d1-8740-5514955a18eb",
          "nodeType": "BotMessageNode",
          "id": "e2310f0d-06d8-496b-b778-8588d43f1214",
          "defaultTargetNodeId": "dee74fcc-74d6-43f8-915c-576bd8a3c9d7"
        }
      ],
      "dialogChangeNodes": [
        {
          "targetDialogId": "new_topic_f47de1d400dd44789efae4b80b274492_aeabea4d071f415c8c107e1cb7af5424_assumedsuccess",
          "nodeType": "DialogChangeNode",
          "id": "dee74fcc-74d6-43f8-915c-576bd8a3c9d7"
        }
      ],
      "id": "new_topic_17ab9744ef434e8eb4e59c5a4a21bce6",
      "displayName": "Dialog for O que é o Microsoft 365?",
      "createdTime": "2021-04-07T18:37:12.8785774Z",
      "updatedTime": "2021-04-07T18:37:12.8785774Z",
      "createdUserId": "704dbbff-ed42-4ede-b8c8-2ac7c33773ac",
      "updatedUserId": "704dbbff-ed42-4ede-b8c8-2ac7c33773ac"
    }
  ],
  "botMessages": [
    {
      "channelContent": {
        "web": {
          "contentFormat": "Markdown",
          "content": "O Microsoft 365 é o conjunto de ferramentas universal para colaboração. Saiba mais aqui!"
        }
      },
      "id": "6d7cd7e7-5886-40d1-8740-5514955a18eb",
      "createdTime": "2021-04-07T18:37:12.8785774Z",
      "updatedTime": "2021-04-07T18:37:12.8785774Z",
      "createdUserId": "704dbbff-ed42-4ede-b8c8-2ac7c33773ac",
      "updatedUserId": "704dbbff-ed42-4ede-b8c8-2ac7c33773ac"
    }
  ],
  "createdUtc": "0001-01-01T00:00:00Z"
}