{
  "intents": [
    {
      "triggerQueries": [
        "Quaich in-meeting comandos de linha de marcação são suportados?"
      ],
      "dialogId": "new_topic_2862db9c9062448fb359f8c201825d09",
      "isTriggeringEnabled": true,
      "canTriggeringBeDisabled": true,
      "id": "new_topic_2862db9c9062448fb359f8c201825d09",
      "displayName": "Quaich in-meeting comandos de linha de marcação são suportados?",
      "description": "https://adoptbotv2kb.blob.core.windows.net/%24web/adoptbot2021-Portuguese (Portugal).docx",
      "createdTime": "2021-03-24T18:09:18.0583447Z",
      "updatedTime": "2021-03-25T09:13:46.7876215Z",
      "createdUserId": "478b1ca5-fac4-4940-bda1-873c551431ee",
      "updatedUserId": "478b1ca5-fac4-4940-bda1-873c551431ee",
      "versionNumber": 0,
      "componentId": "00000000-0000-0000-0000-000000000000"
    }
  ],
  "dialogs": [
    {
      "rootNodeId": "b1ba9207-1024-4509-b512-eda64476f6b4",
      "messageNodes": [
        {
          "botMessageId": "ddb36105-2667-4a77-ac31-2f8e6e55ba0a",
          "nodeType": "BotMessageNode",
          "id": "b1ba9207-1024-4509-b512-eda64476f6b4",
          "defaultTargetNodeId": "324f9ba9-700d-452c-a403-3a0a2c276472"
        }
      ],
      "dialogChangeNodes": [
        {
          "targetDialogId": "new_topic_ff75c3680c434d8cba423897663a537e_aeabea4d071f415c8c107e1cb7af5424_assumedsuccess",
          "nodeType": "DialogChangeNode",
          "id": "324f9ba9-700d-452c-a403-3a0a2c276472"
        }
      ],
      "id": "new_topic_2862db9c9062448fb359f8c201825d09",
      "displayName": "Dialog for Quaich in-meeting comandos de linha de marcação são suportados?",
      "createdTime": "2021-03-24T18:09:18.0583447Z",
      "updatedTime": "2021-03-24T18:09:18.0583447Z",
      "createdUserId": "478b1ca5-fac4-4940-bda1-873c551431ee",
      "updatedUserId": "478b1ca5-fac4-4940-bda1-873c551431ee",
      "versionNumber": 0,
      "componentId": "00000000-0000-0000-0000-000000000000"
    }
  ],
  "botMessages": [
    {
      "channelContent": {
        "web": {
          "contentFormat": "Markdown",
          "content": "\\*6 (Mute/Unmute Yourself)\r\n\r\n\\*1 (Reproduz as descrições dos comandos do teclado disponíveis)"
        }
      },
      "id": "ddb36105-2667-4a77-ac31-2f8e6e55ba0a",
      "createdTime": "2021-03-24T18:09:18.0583447Z",
      "updatedTime": "2021-03-24T18:09:18.0583447Z",
      "createdUserId": "478b1ca5-fac4-4940-bda1-873c551431ee",
      "updatedUserId": "478b1ca5-fac4-4940-bda1-873c551431ee",
      "versionNumber": 0,
      "componentId": "00000000-0000-0000-0000-000000000000"
    }
  ],
  "createdUtc": "0001-01-01T00:00:00Z"
}