{
  "intents": [
    {
      "triggerQueries": [
        "O que é um canal de equipas?"
      ],
      "dialogId": "new_topic_adb3f8a7cd61421fa848867d074faeed",
      "isTriggeringEnabled": false,
      "id": "new_topic_adb3f8a7cd61421fa848867d074faeed",
      "displayName": "O que é um canal de equipas?",
      "description": "https://myfirstbot5159226067.blob.core.windows.net/adoptbotpt/adoptbot2021-Portuguese (3).docx",
      "createdTime": "2021-04-07T18:37:12.8795986Z",
      "updatedTime": "2021-04-07T18:37:12.8795986Z",
      "createdUserId": "704dbbff-ed42-4ede-b8c8-2ac7c33773ac"
    }
  ],
  "dialogs": [
    {
      "rootNodeId": "98e5b4c8-3281-492f-ad68-d349c497faf6",
      "messageNodes": [
        {
          "botMessageId": "5a208656-393f-4c5f-8c9f-f3823b23d636",
          "nodeType": "BotMessageNode",
          "id": "98e5b4c8-3281-492f-ad68-d349c497faf6",
          "defaultTargetNodeId": "63d5d8f5-a7d7-4c39-95d6-2b538f3e3c2e"
        }
      ],
      "dialogChangeNodes": [
        {
          "targetDialogId": "new_topic_f47de1d400dd44789efae4b80b274492_aeabea4d071f415c8c107e1cb7af5424_assumedsuccess",
          "nodeType": "DialogChangeNode",
          "id": "63d5d8f5-a7d7-4c39-95d6-2b538f3e3c2e"
        }
      ],
      "id": "new_topic_adb3f8a7cd61421fa848867d074faeed",
      "displayName": "Dialog for O que é um canal de equipas?",
      "createdTime": "2021-04-07T18:37:12.8795986Z",
      "updatedTime": "2021-04-07T18:37:12.8795986Z",
      "createdUserId": "704dbbff-ed42-4ede-b8c8-2ac7c33773ac",
      "updatedUserId": "704dbbff-ed42-4ede-b8c8-2ac7c33773ac"
    }
  ],
  "botMessages": [
    {
      "channelContent": {
        "web": {
          "contentFormat": "Markdown",
          "content": "Os canais são espaços de colaboração dentro de uma equipa onde o trabalho em si é feito. Os canais são secções dedicadas dentro de uma equipa para manter conversas organizadas por tópicos específicos, projetos, disciplinas, o que funcionar para a sua equipa! Um canal é o lugar onde todos na sua equipa podem ter conversas abertamente.\r\n\r\nOs ficheiros que partilhas no  chat num canal,  são organizadossob  a conta  Files em cada canal."
        }
      },
      "id": "5a208656-393f-4c5f-8c9f-f3823b23d636",
      "createdTime": "2021-04-07T18:37:12.8795986Z",
      "updatedTime": "2021-04-07T18:37:12.8795986Z",
      "createdUserId": "704dbbff-ed42-4ede-b8c8-2ac7c33773ac",
      "updatedUserId": "704dbbff-ed42-4ede-b8c8-2ac7c33773ac"
    }
  ],
  "createdUtc": "0001-01-01T00:00:00Z"
}