{
  "intents": [
    {
      "triggerQueries": [
        "Como faço belos posts?"
      ],
      "dialogId": "new_topic_b3a2b42ea07a429da692c3ac8d3e93c5",
      "isTriggeringEnabled": true,
      "canTriggeringBeDisabled": true,
      "id": "new_topic_b3a2b42ea07a429da692c3ac8d3e93c5",
      "displayName": "Como faço belos posts?",
      "description": "https://adoptbotv2kb.blob.core.windows.net/%24web/adoptbot2021-Portuguese (Portugal).docx",
      "createdTime": "2021-03-24T18:09:18.0653521Z",
      "updatedTime": "2021-03-25T09:12:40.3755155Z",
      "createdUserId": "478b1ca5-fac4-4940-bda1-873c551431ee",
      "updatedUserId": "478b1ca5-fac4-4940-bda1-873c551431ee",
      "versionNumber": 0,
      "componentId": "00000000-0000-0000-0000-000000000000"
    }
  ],
  "dialogs": [
    {
      "rootNodeId": "41cf84c9-c095-4d5b-8650-b63e2394a3b4",
      "messageNodes": [
        {
          "botMessageId": "c0523d6f-3860-4f00-b7fa-2250cee2e1a2",
          "nodeType": "BotMessageNode",
          "id": "41cf84c9-c095-4d5b-8650-b63e2394a3b4",
          "defaultTargetNodeId": "8f4525f3-9788-41a0-8903-13c7dbe011b9"
        }
      ],
      "dialogChangeNodes": [
        {
          "targetDialogId": "new_topic_ff75c3680c434d8cba423897663a537e_aeabea4d071f415c8c107e1cb7af5424_assumedsuccess",
          "nodeType": "DialogChangeNode",
          "id": "8f4525f3-9788-41a0-8903-13c7dbe011b9"
        }
      ],
      "id": "new_topic_b3a2b42ea07a429da692c3ac8d3e93c5",
      "displayName": "Dialog for Como faço belos posts?",
      "createdTime": "2021-03-24T18:09:18.0653521Z",
      "updatedTime": "2021-03-24T18:09:18.0653521Z",
      "createdUserId": "478b1ca5-fac4-4940-bda1-873c551431ee",
      "updatedUserId": "478b1ca5-fac4-4940-bda1-873c551431ee",
      "versionNumber": 0,
      "componentId": "00000000-0000-0000-0000-000000000000"
    }
  ],
  "botMessages": [
    {
      "channelContent": {
        "web": {
          "contentFormat": "Markdown",
          "content": "Pode adicionar imagens, emojis, GIFs animados, autocolantes e muito mais.\r\n\r\nPode usar um título  para destacar o seu  posto.    Vai  ajudá-lo a encontrá-lo  mais tarde."
        }
      },
      "id": "c0523d6f-3860-4f00-b7fa-2250cee2e1a2",
      "createdTime": "2021-03-24T18:09:18.0653521Z",
      "updatedTime": "2021-03-24T18:09:18.0653521Z",
      "createdUserId": "478b1ca5-fac4-4940-bda1-873c551431ee",
      "updatedUserId": "478b1ca5-fac4-4940-bda1-873c551431ee",
      "versionNumber": 0,
      "componentId": "00000000-0000-0000-0000-000000000000"
    }
  ],
  "createdUtc": "0001-01-01T00:00:00Z"
}