{
  "intents": [
    {
      "triggerQueries": [
        "Como me junto a uma reunião em equipas do meu telefone?"
      ],
      "dialogId": "new_topic_262e48dbf862403d85af0944b3dca3d7",
      "isTriggeringEnabled": false,
      "id": "new_topic_262e48dbf862403d85af0944b3dca3d7",
      "displayName": "Como me junto a uma reunião em equipas do meu telefone?",
      "description": "https://myfirstbot5159226067.blob.core.windows.net/adoptbotpt/adoptbot2021-Portuguese (3).docx",
      "createdTime": "2021-04-07T18:37:12.8795986Z",
      "updatedTime": "2021-04-07T18:37:12.8795986Z",
      "createdUserId": "704dbbff-ed42-4ede-b8c8-2ac7c33773ac"
    }
  ],
  "dialogs": [
    {
      "rootNodeId": "0fbf5ec4-0877-43c5-aa61-857536289b87",
      "messageNodes": [
        {
          "botMessageId": "cddd1c7c-0b33-4c1d-a852-fdb50d0b9e91",
          "nodeType": "BotMessageNode",
          "id": "0fbf5ec4-0877-43c5-aa61-857536289b87",
          "defaultTargetNodeId": "64c7ffab-6a73-456d-b5e5-d1b01437f467"
        }
      ],
      "dialogChangeNodes": [
        {
          "targetDialogId": "new_topic_f47de1d400dd44789efae4b80b274492_aeabea4d071f415c8c107e1cb7af5424_assumedsuccess",
          "nodeType": "DialogChangeNode",
          "id": "64c7ffab-6a73-456d-b5e5-d1b01437f467"
        }
      ],
      "id": "new_topic_262e48dbf862403d85af0944b3dca3d7",
      "displayName": "Dialog for Como me junto a uma reunião em equipas do meu telefone?",
      "createdTime": "2021-04-07T18:37:12.8795986Z",
      "updatedTime": "2021-04-07T18:37:12.8795986Z",
      "createdUserId": "704dbbff-ed42-4ede-b8c8-2ac7c33773ac",
      "updatedUserId": "704dbbff-ed42-4ede-b8c8-2ac7c33773ac"
    }
  ],
  "botMessages": [
    {
      "channelContent": {
        "web": {
          "contentFormat": "Markdown",
          "content": "A partir do seu dispositivo móvel, abra a app Teams e toque no Calendário.  Then clique no botão 'Juntar',  para a reunião desejada.  [Consulte](https://support.microsoft.com/en-us/office/ansluta-till-ett-m%C3%B6te-i-teams-1613bb53-f3fa-431e-85a9-d6a91e3468c9)[este](https://support.microsoft.com/en-us/office/ansluta-till-ett-m%C3%B6te-i-teams-1613bb53-f3fa-431e-85a9-d6a91e3468c9) link para [mais opções](https://support.microsoft.com/en-us/office/ansluta-till-ett-m%C3%B6te-i-teams-1613bb53-f3fa-431e-85a9-d6a91e3468c9)"
        }
      },
      "id": "cddd1c7c-0b33-4c1d-a852-fdb50d0b9e91",
      "createdTime": "2021-04-07T18:37:12.8795986Z",
      "updatedTime": "2021-04-07T18:37:12.8795986Z",
      "createdUserId": "704dbbff-ed42-4ede-b8c8-2ac7c33773ac",
      "updatedUserId": "704dbbff-ed42-4ede-b8c8-2ac7c33773ac"
    }
  ],
  "createdUtc": "0001-01-01T00:00:00Z"
}