{
  "intents": [
    {
      "triggerQueries": [
        "O que são eventos ao vivo?"
      ],
      "dialogId": "new_topic_48d7782bcece4921b1db79d00c58ed2e",
      "isTriggeringEnabled": true,
      "canTriggeringBeDisabled": true,
      "id": "new_topic_48d7782bcece4921b1db79d00c58ed2e",
      "displayName": "O que são eventos ao vivo?",
      "description": "https://adoptbotv2kb.blob.core.windows.net/%24web/adoptbot2021-Portuguese (Portugal).docx",
      "createdTime": "2021-03-24T18:09:18.0653521Z",
      "updatedTime": "2021-03-25T09:12:59.1806204Z",
      "createdUserId": "478b1ca5-fac4-4940-bda1-873c551431ee",
      "updatedUserId": "478b1ca5-fac4-4940-bda1-873c551431ee",
      "versionNumber": 0,
      "componentId": "00000000-0000-0000-0000-000000000000"
    }
  ],
  "dialogs": [
    {
      "rootNodeId": "3881fb1b-8fdf-48a2-b805-190bb34a0927",
      "messageNodes": [
        {
          "botMessageId": "c2945c96-7a50-4671-b4f0-f5381b6adb0e",
          "nodeType": "BotMessageNode",
          "id": "3881fb1b-8fdf-48a2-b805-190bb34a0927",
          "defaultTargetNodeId": "60e48c35-7141-4662-b7dc-fbdebed41d3d"
        }
      ],
      "dialogChangeNodes": [
        {
          "targetDialogId": "new_topic_ff75c3680c434d8cba423897663a537e_aeabea4d071f415c8c107e1cb7af5424_assumedsuccess",
          "nodeType": "DialogChangeNode",
          "id": "60e48c35-7141-4662-b7dc-fbdebed41d3d"
        }
      ],
      "id": "new_topic_48d7782bcece4921b1db79d00c58ed2e",
      "displayName": "Dialog for O que são eventos ao vivo?",
      "createdTime": "2021-03-24T18:09:18.0653521Z",
      "updatedTime": "2021-03-24T18:09:18.0653521Z",
      "createdUserId": "478b1ca5-fac4-4940-bda1-873c551431ee",
      "updatedUserId": "478b1ca5-fac4-4940-bda1-873c551431ee",
      "versionNumber": 0,
      "componentId": "00000000-0000-0000-0000-000000000000"
    }
  ],
  "botMessages": [
    {
      "channelContent": {
        "web": {
          "contentFormat": "Markdown",
          "content": "Com o Teams live  events, os utilizadores da sua organização podem transmitir vídeo e reuniões de conteúdos para grandes grupos. Veja  [o que são eventos ao vivo da Microsoft Teams](https://docs.microsoft.com/en-us/microsoftteams/teams-live-events/what-are-teams-live-events)"
        }
      },
      "id": "c2945c96-7a50-4671-b4f0-f5381b6adb0e",
      "createdTime": "2021-03-24T18:09:18.0653521Z",
      "updatedTime": "2021-03-24T18:09:18.0653521Z",
      "createdUserId": "478b1ca5-fac4-4940-bda1-873c551431ee",
      "updatedUserId": "478b1ca5-fac4-4940-bda1-873c551431ee",
      "versionNumber": 0,
      "componentId": "00000000-0000-0000-0000-000000000000"
    }
  ],
  "createdUtc": "0001-01-01T00:00:00Z"
}