{
  "intents": [
    {
      "triggerQueries": [
        "Como me ligo / envio mensagem a um canal?"
      ],
      "dialogId": "new_topic_cb9372d096c14f33a0433b05bfd7955c",
      "isTriggeringEnabled": false,
      "id": "new_topic_cb9372d096c14f33a0433b05bfd7955c",
      "displayName": "Como me ligo / envio mensagem a um canal?",
      "description": "https://myfirstbot5159226067.blob.core.windows.net/adoptbotpt/adoptbot2021-Portuguese (3).docx",
      "createdTime": "2021-04-07T18:37:12.8806065Z",
      "updatedTime": "2021-04-07T18:37:12.8806065Z",
      "createdUserId": "704dbbff-ed42-4ede-b8c8-2ac7c33773ac"
    }
  ],
  "dialogs": [
    {
      "rootNodeId": "b2497614-b5f6-4085-9189-c96e692556a5",
      "messageNodes": [
        {
          "botMessageId": "a98536f9-788b-4c29-9450-5adcb8a5fe90",
          "nodeType": "BotMessageNode",
          "id": "b2497614-b5f6-4085-9189-c96e692556a5",
          "defaultTargetNodeId": "d555b111-1f84-4228-905c-63c68515d7ec"
        }
      ],
      "dialogChangeNodes": [
        {
          "targetDialogId": "new_topic_f47de1d400dd44789efae4b80b274492_aeabea4d071f415c8c107e1cb7af5424_assumedsuccess",
          "nodeType": "DialogChangeNode",
          "id": "d555b111-1f84-4228-905c-63c68515d7ec"
        }
      ],
      "id": "new_topic_cb9372d096c14f33a0433b05bfd7955c",
      "displayName": "Dialog for Como me ligo / envio mensagem a um canal?",
      "createdTime": "2021-04-07T18:37:12.8806065Z",
      "updatedTime": "2021-04-07T18:37:12.8806065Z",
      "createdUserId": "704dbbff-ed42-4ede-b8c8-2ac7c33773ac",
      "updatedUserId": "704dbbff-ed42-4ede-b8c8-2ac7c33773ac"
    }
  ],
  "botMessages": [
    {
      "channelContent": {
        "web": {
          "contentFormat": "Markdown",
          "content": "R:  Apenas se pode ligar a um canal de cada equipa de cada vez. Para ouvir ou falar num canal diferente, tem de mudar de canal. Para isso aceda a walkie talkie na barra de navegação inferir no ecrã do telemóvel. Toque na seta para a direita junto a Canal. Selecione um canal. Carregue em ligar."
        }
      },
      "id": "a98536f9-788b-4c29-9450-5adcb8a5fe90",
      "createdTime": "2021-04-07T18:37:12.8806065Z",
      "updatedTime": "2021-04-07T18:37:12.8806065Z",
      "createdUserId": "704dbbff-ed42-4ede-b8c8-2ac7c33773ac",
      "updatedUserId": "704dbbff-ed42-4ede-b8c8-2ac7c33773ac"
    }
  ],
  "createdUtc": "0001-01-01T00:00:00Z"
}