{
  "intents": [
    {
      "triggerQueries": [
        "Onde posso mudar as definições da minha equipa?"
      ],
      "dialogId": "new_topic_41ea233eaaf04eefa297f1ebf8b55086",
      "isTriggeringEnabled": true,
      "canTriggeringBeDisabled": true,
      "id": "new_topic_41ea233eaaf04eefa297f1ebf8b55086",
      "displayName": "Onde posso mudar as definições da minha equipa?",
      "description": "https://adoptbotv2kb.blob.core.windows.net/%24web/adoptbot2021-Portuguese (Portugal).docx",
      "createdTime": "2021-03-24T18:09:18.0653521Z",
      "updatedTime": "2021-03-25T09:12:44.8212127Z",
      "createdUserId": "478b1ca5-fac4-4940-bda1-873c551431ee",
      "updatedUserId": "478b1ca5-fac4-4940-bda1-873c551431ee",
      "versionNumber": 0,
      "componentId": "00000000-0000-0000-0000-000000000000"
    }
  ],
  "dialogs": [
    {
      "rootNodeId": "d14bf4a8-51a7-45c2-b1e9-fa01b940c883",
      "messageNodes": [
        {
          "botMessageId": "85ada693-6953-4633-a569-a019422b002f",
          "nodeType": "BotMessageNode",
          "id": "d14bf4a8-51a7-45c2-b1e9-fa01b940c883",
          "defaultTargetNodeId": "2c8ec430-e42f-4a0c-ab0b-e684387a9638"
        }
      ],
      "dialogChangeNodes": [
        {
          "targetDialogId": "new_topic_ff75c3680c434d8cba423897663a537e_aeabea4d071f415c8c107e1cb7af5424_assumedsuccess",
          "nodeType": "DialogChangeNode",
          "id": "2c8ec430-e42f-4a0c-ab0b-e684387a9638"
        }
      ],
      "id": "new_topic_41ea233eaaf04eefa297f1ebf8b55086",
      "displayName": "Dialog for Onde posso mudar as definições da minha equipa?",
      "createdTime": "2021-03-24T18:09:18.0653521Z",
      "updatedTime": "2021-03-24T18:09:18.0653521Z",
      "createdUserId": "478b1ca5-fac4-4940-bda1-873c551431ee",
      "updatedUserId": "478b1ca5-fac4-4940-bda1-873c551431ee",
      "versionNumber": 0,
      "componentId": "00000000-0000-0000-0000-000000000000"
    }
  ],
  "botMessages": [
    {
      "channelContent": {
        "web": {
          "contentFormat": "Markdown",
          "content": "Vá ao nome da equipa e clique em Maisopções  &gt;  Manage Team . A partir daí pode aceder às Definições da sua equipa, o que  lhe permite:\r\n\r\n- Mude a imagem da equipa.\r\n- Definir permissões de membros.\r\n- Ativar @team menções num canal.\r\n- Permite que os membros da equipa enviem Gifs, emojis e autocolantes.\r\n- E mais"
        }
      },
      "id": "85ada693-6953-4633-a569-a019422b002f",
      "createdTime": "2021-03-24T18:09:18.0653521Z",
      "updatedTime": "2021-03-24T18:09:18.0653521Z",
      "createdUserId": "478b1ca5-fac4-4940-bda1-873c551431ee",
      "updatedUserId": "478b1ca5-fac4-4940-bda1-873c551431ee",
      "versionNumber": 0,
      "componentId": "00000000-0000-0000-0000-000000000000"
    }
  ],
  "createdUtc": "0001-01-01T00:00:00Z"
}