{
  "intents": [
    {
      "triggerQueries": [
        "Posso marcar uma reunião diretamente das equipas?"
      ],
      "dialogId": "new_topic_5be9d0a362c24ec28c6bab4cc50b7e7e",
      "isTriggeringEnabled": false,
      "id": "new_topic_5be9d0a362c24ec28c6bab4cc50b7e7e",
      "displayName": "Posso marcar uma reunião diretamente das equipas?",
      "description": "https://myfirstbot5159226067.blob.core.windows.net/adoptbotpt/adoptbot2021-Portuguese (3).docx",
      "createdTime": "2021-04-07T18:37:12.8795986Z",
      "updatedTime": "2021-04-07T18:37:12.8795986Z",
      "createdUserId": "704dbbff-ed42-4ede-b8c8-2ac7c33773ac"
    }
  ],
  "dialogs": [
    {
      "rootNodeId": "9de2cbbe-0a0e-4ecc-b324-2f531559f4d0",
      "messageNodes": [
        {
          "botMessageId": "08a2c5bb-ffbd-474e-a8a0-d5b7f89eaa01",
          "nodeType": "BotMessageNode",
          "id": "9de2cbbe-0a0e-4ecc-b324-2f531559f4d0",
          "defaultTargetNodeId": "b712a4aa-de36-4d37-a89c-8dcb13815010"
        }
      ],
      "dialogChangeNodes": [
        {
          "targetDialogId": "new_topic_f47de1d400dd44789efae4b80b274492_aeabea4d071f415c8c107e1cb7af5424_assumedsuccess",
          "nodeType": "DialogChangeNode",
          "id": "b712a4aa-de36-4d37-a89c-8dcb13815010"
        }
      ],
      "id": "new_topic_5be9d0a362c24ec28c6bab4cc50b7e7e",
      "displayName": "Dialog for Posso marcar uma reunião diretamente das equipas?",
      "createdTime": "2021-04-07T18:37:12.8795986Z",
      "updatedTime": "2021-04-07T18:37:12.8795986Z",
      "createdUserId": "704dbbff-ed42-4ede-b8c8-2ac7c33773ac",
      "updatedUserId": "704dbbff-ed42-4ede-b8c8-2ac7c33773ac"
    }
  ],
  "botMessages": [
    {
      "channelContent": {
        "web": {
          "contentFormat": "Markdown",
          "content": "As reuniões podem ser configuradas através do Microsoft Teams ou do Outlook. A reunião será vista da mesma forma. Não pode marcar o  [seu](https://support.microsoft.com/en-us/office/schemal%C3%A4gga-ett-m%C3%B6te-i-teams-943507a9-8583-4c58-b5d2-8ec8265e04e5) encontro diretamente em Equipas!\r\n\r\nPara agendar uma reunião diretamente das Equipas:\r\n\r\n- De Equipas, vá ao Calendário  e clique em Nova reunião.\r\n- Selecione as pessoas e/ou canal que deseja convidar.\r\n- Use o Assistente de Agenda para encontrar um tempo que se adeque à maioria das pessoas.\r\n- Escolha a frequência com que deseja que a reunião se repita(se for uma série de reuniões)\r\n\r\n\r\nPara agendar uma reunião do Outlook:\r\n\r\n- No separador 'Encontro' no Outlook, selecione Teams Meeting in the Outlook toolbar\r\n- Insira os detalhes  da reunião e use o Assistente de Agenda para encontrar  uma  hora apropriada.\r\n- Inclua uma sala de conferências, se for relevante."
        }
      },
      "id": "08a2c5bb-ffbd-474e-a8a0-d5b7f89eaa01",
      "createdTime": "2021-04-07T18:37:12.8795986Z",
      "updatedTime": "2021-04-07T18:37:12.8795986Z",
      "createdUserId": "704dbbff-ed42-4ede-b8c8-2ac7c33773ac",
      "updatedUserId": "704dbbff-ed42-4ede-b8c8-2ac7c33773ac"
    }
  ],
  "createdUtc": "0001-01-01T00:00:00Z"
}