{
  "intents": [
    {
      "triggerQueries": [
        "Como fazer um anúncio?"
      ],
      "dialogId": "new_topic_67ad0d1ef73e49008d98e60498caba8e",
      "isTriggeringEnabled": true,
      "canTriggeringBeDisabled": true,
      "id": "new_topic_67ad0d1ef73e49008d98e60498caba8e",
      "displayName": "Como fazer um anúncio?",
      "description": "https://adoptbotv2kb.blob.core.windows.net/%24web/adoptbot2021-Portuguese (Portugal).docx",
      "createdTime": "2021-03-24T18:09:18.0653521Z",
      "updatedTime": "2021-03-25T09:12:41.5795316Z",
      "createdUserId": "478b1ca5-fac4-4940-bda1-873c551431ee",
      "updatedUserId": "478b1ca5-fac4-4940-bda1-873c551431ee",
      "versionNumber": 0,
      "componentId": "00000000-0000-0000-0000-000000000000"
    }
  ],
  "dialogs": [
    {
      "rootNodeId": "ea81e8b7-0393-4145-b3e1-210f54c45a6b",
      "messageNodes": [
        {
          "botMessageId": "2c762ee6-2ec6-4af5-9bb0-923cf3d01bb0",
          "nodeType": "BotMessageNode",
          "id": "ea81e8b7-0393-4145-b3e1-210f54c45a6b",
          "defaultTargetNodeId": "9714b683-d5ee-4c63-8d9d-40b86d357368"
        }
      ],
      "dialogChangeNodes": [
        {
          "targetDialogId": "new_topic_ff75c3680c434d8cba423897663a537e_aeabea4d071f415c8c107e1cb7af5424_assumedsuccess",
          "nodeType": "DialogChangeNode",
          "id": "9714b683-d5ee-4c63-8d9d-40b86d357368"
        }
      ],
      "id": "new_topic_67ad0d1ef73e49008d98e60498caba8e",
      "displayName": "Dialog for Como fazer um anúncio?",
      "createdTime": "2021-03-24T18:09:18.0653521Z",
      "updatedTime": "2021-03-24T18:09:18.0653521Z",
      "createdUserId": "478b1ca5-fac4-4940-bda1-873c551431ee",
      "updatedUserId": "478b1ca5-fac4-4940-bda1-873c551431ee",
      "versionNumber": 0,
      "componentId": "00000000-0000-0000-0000-000000000000"
    }
  ],
  "botMessages": [
    {
      "channelContent": {
        "web": {
          "contentFormat": "Markdown",
          "content": "Pode fazer um anúncio que se destaca do resto das conversas e ser realmente ouvido\r\n\r\nPara criar um  anúncio,  selecione o botão de formatação (parece um A com uma caneta) e deixe cair o menu ! Nova Conversa e escolha Anúncio.\r\n\r\nChoose uma imagem de fundo para mais efeito"
        }
      },
      "id": "2c762ee6-2ec6-4af5-9bb0-923cf3d01bb0",
      "createdTime": "2021-03-24T18:09:18.0653521Z",
      "updatedTime": "2021-03-24T18:09:18.0653521Z",
      "createdUserId": "478b1ca5-fac4-4940-bda1-873c551431ee",
      "updatedUserId": "478b1ca5-fac4-4940-bda1-873c551431ee",
      "versionNumber": 0,
      "componentId": "00000000-0000-0000-0000-000000000000"
    }
  ],
  "createdUtc": "0001-01-01T00:00:00Z"
}