{
  "intents": [
    {
      "triggerQueries": [
        "O que é OneDrive?"
      ],
      "dialogId": "new_topic_c1252d2d6f0c41dc8fc6378490869935",
      "isTriggeringEnabled": true,
      "canTriggeringBeDisabled": true,
      "id": "new_topic_c1252d2d6f0c41dc8fc6378490869935",
      "displayName": "O que é OneDrive?",
      "description": "https://adoptbotv2kb.blob.core.windows.net/%24web/adoptbot2021-Portuguese (Portugal).docx",
      "createdTime": "2021-03-24T18:09:18.0573466Z",
      "updatedTime": "2021-03-25T09:14:31.3952136Z",
      "createdUserId": "478b1ca5-fac4-4940-bda1-873c551431ee",
      "updatedUserId": "478b1ca5-fac4-4940-bda1-873c551431ee",
      "versionNumber": 0,
      "componentId": "00000000-0000-0000-0000-000000000000"
    }
  ],
  "dialogs": [
    {
      "rootNodeId": "3173efe2-42ae-46f0-94e5-ad8b23f0c3bd",
      "messageNodes": [
        {
          "botMessageId": "f3f609cb-9f6d-4f7e-b255-8471d205c5b1",
          "nodeType": "BotMessageNode",
          "id": "3173efe2-42ae-46f0-94e5-ad8b23f0c3bd",
          "defaultTargetNodeId": "424bc0c6-2245-48af-9e78-d5214bf2c9c8"
        }
      ],
      "dialogChangeNodes": [
        {
          "targetDialogId": "new_topic_ff75c3680c434d8cba423897663a537e_aeabea4d071f415c8c107e1cb7af5424_assumedsuccess",
          "nodeType": "DialogChangeNode",
          "id": "424bc0c6-2245-48af-9e78-d5214bf2c9c8"
        }
      ],
      "id": "new_topic_c1252d2d6f0c41dc8fc6378490869935",
      "displayName": "Dialog for O que é OneDrive?",
      "createdTime": "2021-03-24T18:09:18.0573466Z",
      "updatedTime": "2021-03-24T18:09:18.0573466Z",
      "createdUserId": "478b1ca5-fac4-4940-bda1-873c551431ee",
      "updatedUserId": "478b1ca5-fac4-4940-bda1-873c551431ee",
      "versionNumber": 0,
      "componentId": "00000000-0000-0000-0000-000000000000"
    }
  ],
  "botMessages": [
    {
      "channelContent": {
        "web": {
          "contentFormat": "Markdown",
          "content": "O OneDrive é um serviço de armazenamento online que pode utilizar para armazenar documentos, notas, fotos, música, vídeos ou outros tipos de ficheiros. Com o OneDrive pode aceder aos seus ficheiros a partir de qualquer dispositivo, podendo partilhá-los com outros."
        }
      },
      "id": "f3f609cb-9f6d-4f7e-b255-8471d205c5b1",
      "createdTime": "2021-03-24T18:09:18.0573466Z",
      "updatedTime": "2021-03-24T18:09:18.0573466Z",
      "createdUserId": "478b1ca5-fac4-4940-bda1-873c551431ee",
      "updatedUserId": "478b1ca5-fac4-4940-bda1-873c551431ee",
      "versionNumber": 0,
      "componentId": "00000000-0000-0000-0000-000000000000"
    }
  ],
  "createdUtc": "0001-01-01T00:00:00Z"
}