{
  "intents": [
    {
      "triggerQueries": [
        "Como começo uma conversa em grupo?"
      ],
      "dialogId": "new_topic_cdbf0eb280884722988b5a2fcf210c0b",
      "isTriggeringEnabled": true,
      "canTriggeringBeDisabled": true,
      "id": "new_topic_cdbf0eb280884722988b5a2fcf210c0b",
      "displayName": "Como começo uma conversa em grupo?",
      "description": "https://adoptbotv2kb.blob.core.windows.net/%24web/adoptbot2021-Portuguese (Portugal).docx",
      "createdTime": "2021-03-24T18:09:18.0573466Z",
      "updatedTime": "2021-03-25T09:13:57.3072621Z",
      "createdUserId": "478b1ca5-fac4-4940-bda1-873c551431ee",
      "updatedUserId": "478b1ca5-fac4-4940-bda1-873c551431ee",
      "versionNumber": 0,
      "componentId": "00000000-0000-0000-0000-000000000000"
    }
  ],
  "dialogs": [
    {
      "rootNodeId": "e342f992-717c-4b19-b7bf-5efa2a4caaa5",
      "messageNodes": [
        {
          "botMessageId": "b1bdae82-dd80-4a85-bd09-1c8ef29a7a9a",
          "nodeType": "BotMessageNode",
          "id": "e342f992-717c-4b19-b7bf-5efa2a4caaa5",
          "defaultTargetNodeId": "4702f07e-f2fd-4d77-883e-d1a5af26444e"
        }
      ],
      "dialogChangeNodes": [
        {
          "targetDialogId": "new_topic_ff75c3680c434d8cba423897663a537e_aeabea4d071f415c8c107e1cb7af5424_assumedsuccess",
          "nodeType": "DialogChangeNode",
          "id": "4702f07e-f2fd-4d77-883e-d1a5af26444e"
        }
      ],
      "id": "new_topic_cdbf0eb280884722988b5a2fcf210c0b",
      "displayName": "Dialog for Como começo uma conversa em grupo?",
      "createdTime": "2021-03-24T18:09:18.0573466Z",
      "updatedTime": "2021-03-24T18:09:18.0573466Z",
      "createdUserId": "478b1ca5-fac4-4940-bda1-873c551431ee",
      "updatedUserId": "478b1ca5-fac4-4940-bda1-873c551431ee",
      "versionNumber": 0,
      "componentId": "00000000-0000-0000-0000-000000000000"
    }
  ],
  "botMessages": [
    {
      "channelContent": {
        "web": {
          "contentFormat": "Markdown",
          "content": "Para enviar uma mensagem privada, clique primeiro em Novo chat no topo da app para iniciar uma nova conversação. No campo To,  escreva o nome da pessoa ou pessoas com quem quer conversar. Componha a sua mensagem e clique em  Enviar.\r\n\r\nPara adicionar alguém a uma conversa que jáestá em andamento:\r\n\r\nBasta clicar Em Adicionar pessoas.\r\n\r\nUm chat de grupo é então automaticamente  criado.\r\n\r\nVocê escolhe se a nova pessoa pode ver tudo, algum ou nada da história do chat.\r\n\r\nLembre-se de dar o nome da sua conversa de grupo.  Vai ser mais fácil de encontrar e todos entendem do que estás a falar."
        }
      },
      "id": "b1bdae82-dd80-4a85-bd09-1c8ef29a7a9a",
      "createdTime": "2021-03-24T18:09:18.0573466Z",
      "updatedTime": "2021-03-24T18:09:18.0573466Z",
      "createdUserId": "478b1ca5-fac4-4940-bda1-873c551431ee",
      "updatedUserId": "478b1ca5-fac4-4940-bda1-873c551431ee",
      "versionNumber": 0,
      "componentId": "00000000-0000-0000-0000-000000000000"
    }
  ],
  "createdUtc": "0001-01-01T00:00:00Z"
}