{
  "intents": [
    {
      "triggerQueries": [
        "Posso usar o Planejador em Equipas?"
      ],
      "dialogId": "new_topic_cb35700e248945f28ea929d9901004f5",
      "isTriggeringEnabled": true,
      "canTriggeringBeDisabled": true,
      "id": "new_topic_cb35700e248945f28ea929d9901004f5",
      "displayName": "Posso usar o Planejador em Equipas?",
      "description": "https://adoptbotv2kb.blob.core.windows.net/%24web/adoptbot2021-Portuguese (Portugal).docx",
      "createdTime": "2021-03-24T18:09:18.0573466Z",
      "updatedTime": "2021-03-25T09:13:54.483869Z",
      "createdUserId": "478b1ca5-fac4-4940-bda1-873c551431ee",
      "updatedUserId": "478b1ca5-fac4-4940-bda1-873c551431ee",
      "versionNumber": 0,
      "componentId": "00000000-0000-0000-0000-000000000000"
    }
  ],
  "dialogs": [
    {
      "rootNodeId": "7dcc27f8-0f1b-4673-a725-a782a286c17e",
      "messageNodes": [
        {
          "botMessageId": "f0468c12-bf44-4cdf-9289-f19929e71148",
          "nodeType": "BotMessageNode",
          "id": "7dcc27f8-0f1b-4673-a725-a782a286c17e",
          "defaultTargetNodeId": "6ca28296-8597-449d-8057-229c8461bbe9"
        }
      ],
      "dialogChangeNodes": [
        {
          "targetDialogId": "new_topic_ff75c3680c434d8cba423897663a537e_aeabea4d071f415c8c107e1cb7af5424_assumedsuccess",
          "nodeType": "DialogChangeNode",
          "id": "6ca28296-8597-449d-8057-229c8461bbe9"
        }
      ],
      "id": "new_topic_cb35700e248945f28ea929d9901004f5",
      "displayName": "Dialog for Posso usar o Planejador em Equipas?",
      "createdTime": "2021-03-24T18:09:18.0573466Z",
      "updatedTime": "2021-03-24T18:09:18.0573466Z",
      "createdUserId": "478b1ca5-fac4-4940-bda1-873c551431ee",
      "updatedUserId": "478b1ca5-fac4-4940-bda1-873c551431ee",
      "versionNumber": 0,
      "componentId": "00000000-0000-0000-0000-000000000000"
    }
  ],
  "botMessages": [
    {
      "channelContent": {
        "web": {
          "contentFormat": "Markdown",
          "content": "Boas notícias para os fãs de organização e colaboração, Equipas e Planejador andam de mãos dadas!\r\n\r\nPara começar a usá-los juntos, adicione um separador Planner  às Equipas. Basta clicar  Em Adicionar um separador  ao lado dos separadores no topo de um canal. Selecione  Planner , em seguida, faça um dos seguintes:\r\n\r\n- Clique em Criar um Novo Plano e digite um nome para o novo quadro de Planeamento.\r\n- Clique em Utilizar um Plano Existente e selecione uma placa de planeamento existente no menu.\r\n\r\n\r\nSe quiser aprofundar os detalhes para gerir as suas tarefas de Planner em Equipas, consulte\r\n\r\n[microsoft Teams: Using Planner para se manter organizado.](https://support.microsoft.com/en-us/office/anv%C3%A4nda-planner-i-microsoft-teams-62798a9f-e8f7-4722-a700-27dd28a06ee0)"
        }
      },
      "id": "f0468c12-bf44-4cdf-9289-f19929e71148",
      "createdTime": "2021-03-24T18:09:18.0573466Z",
      "updatedTime": "2021-03-24T18:09:18.0573466Z",
      "createdUserId": "478b1ca5-fac4-4940-bda1-873c551431ee",
      "updatedUserId": "478b1ca5-fac4-4940-bda1-873c551431ee",
      "versionNumber": 0,
      "componentId": "00000000-0000-0000-0000-000000000000"
    }
  ],
  "createdUtc": "0001-01-01T00:00:00Z"
}