{
  "intents": [
    {
      "triggerQueries": [
        "Como vejo um canal escondido?"
      ],
      "dialogId": "new_topic_7a5a427d24424741ab1f604d27af07d5",
      "isTriggeringEnabled": false,
      "id": "new_topic_7a5a427d24424741ab1f604d27af07d5",
      "displayName": "Como vejo um canal escondido?",
      "description": "https://myfirstbot5159226067.blob.core.windows.net/adoptbotpt/adoptbot2021-Portuguese (3).docx",
      "createdTime": "2021-04-07T18:37:12.8785774Z",
      "updatedTime": "2021-04-07T18:37:12.8785774Z",
      "createdUserId": "704dbbff-ed42-4ede-b8c8-2ac7c33773ac"
    }
  ],
  "dialogs": [
    {
      "rootNodeId": "17ebc102-95c7-402b-a665-a5dc5e5a6c1e",
      "messageNodes": [
        {
          "botMessageId": "9b13e225-0f96-4c94-a8ff-dcd80adf7499",
          "nodeType": "BotMessageNode",
          "id": "17ebc102-95c7-402b-a665-a5dc5e5a6c1e",
          "defaultTargetNodeId": "1268b662-0070-4f98-b065-5f10ef8785fa"
        }
      ],
      "dialogChangeNodes": [
        {
          "targetDialogId": "new_topic_f47de1d400dd44789efae4b80b274492_aeabea4d071f415c8c107e1cb7af5424_assumedsuccess",
          "nodeType": "DialogChangeNode",
          "id": "1268b662-0070-4f98-b065-5f10ef8785fa"
        }
      ],
      "id": "new_topic_7a5a427d24424741ab1f604d27af07d5",
      "displayName": "Dialog for Como vejo um canal escondido?",
      "createdTime": "2021-04-07T18:37:12.8785774Z",
      "updatedTime": "2021-04-07T18:37:12.8785774Z",
      "createdUserId": "704dbbff-ed42-4ede-b8c8-2ac7c33773ac",
      "updatedUserId": "704dbbff-ed42-4ede-b8c8-2ac7c33773ac"
    }
  ],
  "botMessages": [
    {
      "channelContent": {
        "web": {
          "contentFormat": "Markdown",
          "content": "Vá ao nome da sua equipa e clique em Canais Ocultos. Selecione Show em qualquer canal que pretenda ver  na sua lista de canais."
        }
      },
      "id": "9b13e225-0f96-4c94-a8ff-dcd80adf7499",
      "createdTime": "2021-04-07T18:37:12.8785774Z",
      "updatedTime": "2021-04-07T18:37:12.8785774Z",
      "createdUserId": "704dbbff-ed42-4ede-b8c8-2ac7c33773ac",
      "updatedUserId": "704dbbff-ed42-4ede-b8c8-2ac7c33773ac"
    }
  ],
  "createdUtc": "0001-01-01T00:00:00Z"
}