{
  "intents": [
    {
      "triggerQueries": [
        "Como altero a imagem de uma equipa?"
      ],
      "dialogId": "new_topic_f03c80d41d724f5c9428d1b4c7ef0276",
      "isTriggeringEnabled": false,
      "id": "new_topic_f03c80d41d724f5c9428d1b4c7ef0276",
      "displayName": "Como altero a imagem de uma equipa?",
      "description": "https://myfirstbot5159226067.blob.core.windows.net/adoptbotpt/adoptbot2021-Portuguese (3).docx",
      "createdTime": "2021-04-07T18:37:12.8785774Z",
      "updatedTime": "2021-04-07T18:37:12.8785774Z",
      "createdUserId": "704dbbff-ed42-4ede-b8c8-2ac7c33773ac"
    }
  ],
  "dialogs": [
    {
      "rootNodeId": "405051f4-356e-4d4c-829c-6db1a161137a",
      "messageNodes": [
        {
          "botMessageId": "482c81f5-1690-48cf-adbd-ba17383f53b9",
          "nodeType": "BotMessageNode",
          "id": "405051f4-356e-4d4c-829c-6db1a161137a",
          "defaultTargetNodeId": "0bcf0867-5145-4311-8a50-710324982b79"
        }
      ],
      "dialogChangeNodes": [
        {
          "targetDialogId": "new_topic_f47de1d400dd44789efae4b80b274492_aeabea4d071f415c8c107e1cb7af5424_assumedsuccess",
          "nodeType": "DialogChangeNode",
          "id": "0bcf0867-5145-4311-8a50-710324982b79"
        }
      ],
      "id": "new_topic_f03c80d41d724f5c9428d1b4c7ef0276",
      "displayName": "Dialog for Como altero a imagem de uma equipa?",
      "createdTime": "2021-04-07T18:37:12.8785774Z",
      "updatedTime": "2021-04-07T18:37:12.8785774Z",
      "createdUserId": "704dbbff-ed42-4ede-b8c8-2ac7c33773ac",
      "updatedUserId": "704dbbff-ed42-4ede-b8c8-2ac7c33773ac"
    }
  ],
  "botMessages": [
    {
      "channelContent": {
        "web": {
          "contentFormat": "Markdown",
          "content": "Aceda ao nome da equipa e clique em Maisopções  &gt;  Gerir a equipa.  No separador  Definições,  clique na imagem de equipa  &gt; “Alterar Imagem”."
        }
      },
      "id": "482c81f5-1690-48cf-adbd-ba17383f53b9",
      "createdTime": "2021-04-07T18:37:12.8785774Z",
      "updatedTime": "2021-04-07T18:37:12.8785774Z",
      "createdUserId": "704dbbff-ed42-4ede-b8c8-2ac7c33773ac",
      "updatedUserId": "704dbbff-ed42-4ede-b8c8-2ac7c33773ac"
    }
  ],
  "createdUtc": "0001-01-01T00:00:00Z"
}