{
  "intents": [
    {
      "triggerQueries": [
        "Que espaço tenho disponível para armazenamento no OneDrive?"
      ],
      "dialogId": "new_topic_df7dfe705c7a409eae7011a8b2f2101d",
      "isTriggeringEnabled": false,
      "id": "new_topic_df7dfe705c7a409eae7011a8b2f2101d",
      "displayName": "Que espaço tenho disponível para armazenamento no OneDrive?",
      "description": "https://myfirstbot5159226067.blob.core.windows.net/adoptbotpt/adoptbot2021-Portuguese (3).docx",
      "createdTime": "2021-04-07T18:37:12.8785774Z",
      "updatedTime": "2021-04-07T18:37:12.8785774Z",
      "createdUserId": "704dbbff-ed42-4ede-b8c8-2ac7c33773ac"
    }
  ],
  "dialogs": [
    {
      "rootNodeId": "dd611f25-243c-4027-8e3c-adf9795c998e",
      "messageNodes": [
        {
          "botMessageId": "0156eb33-7dad-4aef-9d1a-58e9d979b847",
          "nodeType": "BotMessageNode",
          "id": "dd611f25-243c-4027-8e3c-adf9795c998e",
          "defaultTargetNodeId": "f2799b2a-4923-435c-b43a-469a3c62c29c"
        }
      ],
      "dialogChangeNodes": [
        {
          "targetDialogId": "new_topic_f47de1d400dd44789efae4b80b274492_aeabea4d071f415c8c107e1cb7af5424_assumedsuccess",
          "nodeType": "DialogChangeNode",
          "id": "f2799b2a-4923-435c-b43a-469a3c62c29c"
        }
      ],
      "id": "new_topic_df7dfe705c7a409eae7011a8b2f2101d",
      "displayName": "Dialog for Que espaço tenho disponível para armazenamento no OneDrive?",
      "createdTime": "2021-04-07T18:37:12.8785774Z",
      "updatedTime": "2021-04-07T18:37:12.8785774Z",
      "createdUserId": "704dbbff-ed42-4ede-b8c8-2ac7c33773ac",
      "updatedUserId": "704dbbff-ed42-4ede-b8c8-2ac7c33773ac"
    }
  ],
  "botMessages": [
    {
      "channelContent": {
        "web": {
          "contentFormat": "Markdown",
          "content": "Cada utilizador terá acesso a 1 TB (1.000GB)  de espaço de armazenamentono  OneDrive\r\n\r\n[De acordo com o seu licenciamento](https://docs.microsoft.com/en-us/onedrive/set-default-storage-space) , este pode ser  aumentado para 5 TB (5.000 GB) por utilizador."
        }
      },
      "id": "0156eb33-7dad-4aef-9d1a-58e9d979b847",
      "createdTime": "2021-04-07T18:37:12.8785774Z",
      "updatedTime": "2021-04-07T18:37:12.8785774Z",
      "createdUserId": "704dbbff-ed42-4ede-b8c8-2ac7c33773ac",
      "updatedUserId": "704dbbff-ed42-4ede-b8c8-2ac7c33773ac"
    }
  ],
  "createdUtc": "0001-01-01T00:00:00Z"
}