{
  "intents": [
    {
      "triggerQueries": [
        "Como uso o Quadro Branco em Equipas?"
      ],
      "dialogId": "new_topic_276e252d84c4406498bf6d6ace48a0bc",
      "isTriggeringEnabled": true,
      "canTriggeringBeDisabled": true,
      "id": "new_topic_276e252d84c4406498bf6d6ace48a0bc",
      "displayName": "Como uso o Quadro Branco em Equipas?",
      "description": "https://adoptbotv2kb.blob.core.windows.net/%24web/adoptbot2021-Portuguese (Portugal).docx",
      "createdTime": "2021-03-24T18:09:18.0653521Z",
      "updatedTime": "2021-03-25T09:13:24.403008Z",
      "createdUserId": "478b1ca5-fac4-4940-bda1-873c551431ee",
      "updatedUserId": "478b1ca5-fac4-4940-bda1-873c551431ee",
      "versionNumber": 0,
      "componentId": "00000000-0000-0000-0000-000000000000"
    }
  ],
  "dialogs": [
    {
      "rootNodeId": "9cc5bf5a-e328-4749-8837-7cf70f246f87",
      "messageNodes": [
        {
          "botMessageId": "8364c19e-b0bd-4b3d-ba61-b91f18bc002b",
          "nodeType": "BotMessageNode",
          "id": "9cc5bf5a-e328-4749-8837-7cf70f246f87",
          "defaultTargetNodeId": "781453fd-6a1e-4bb1-894d-837259191687"
        }
      ],
      "dialogChangeNodes": [
        {
          "targetDialogId": "new_topic_ff75c3680c434d8cba423897663a537e_aeabea4d071f415c8c107e1cb7af5424_assumedsuccess",
          "nodeType": "DialogChangeNode",
          "id": "781453fd-6a1e-4bb1-894d-837259191687"
        }
      ],
      "id": "new_topic_276e252d84c4406498bf6d6ace48a0bc",
      "displayName": "Dialog for Como uso o Quadro Branco em Equipas?",
      "createdTime": "2021-03-24T18:09:18.0653521Z",
      "updatedTime": "2021-03-24T18:09:18.0653521Z",
      "createdUserId": "478b1ca5-fac4-4940-bda1-873c551431ee",
      "updatedUserId": "478b1ca5-fac4-4940-bda1-873c551431ee",
      "versionNumber": 0,
      "componentId": "00000000-0000-0000-0000-000000000000"
    }
  ],
  "botMessages": [
    {
      "channelContent": {
        "web": {
          "contentFormat": "Markdown",
          "content": "Há duas maneiras de o whiteboard em Equipas: utilizar o Microsoft Whiteboard ou o Freehand by Invision.\r\n\r\nUse o Quadro Branco da Microsoft\r\n\r\nCada encontro de Equipas tem um quadro dedicado onde os participantes têm espaço para esboçar em conjunto.\r\n\r\nPara obter informações detalhadas sobre a utilização do Whiteboard em Equipas, consulte [use Whiteboard em Microsoft Teams](https://support.microsoft.com/en-us/office/7a6e7218-e9dc-4ccc-89aa-b1a0bb9c31ee) .\r\n\r\nUse Freehand by Invision\r\n\r\nFreehand é uma ferramenta de whiteboarding da Invision que você pode usar em reuniões para esboçar com outros participantes.\r\n\r\nPara utilizar o Freehand numa reunião, clique em Partilhar  os controlos da reunião e, em seguida, clique em Freehand by Invision  na secção Quadro Branco.  Como partedor, terá de iniciar scontabilidade com a sua conta Invision.\r\n\r\nDepois, pode começar a desenhar e partilhar com os participantes.\r\n\r\nUma vez partilhado um quadro, a reunião terá um separador de quadros brancos para que os participantes possam facilmente referenciar mais tarde.\r\n\r\nNota:\r\n\r\nEsta funcionalidade só está disponível se um administrador o tiver ativado."
        }
      },
      "id": "8364c19e-b0bd-4b3d-ba61-b91f18bc002b",
      "createdTime": "2021-03-24T18:09:18.0653521Z",
      "updatedTime": "2021-03-24T18:09:18.0653521Z",
      "createdUserId": "478b1ca5-fac4-4940-bda1-873c551431ee",
      "updatedUserId": "478b1ca5-fac4-4940-bda1-873c551431ee",
      "versionNumber": 0,
      "componentId": "00000000-0000-0000-0000-000000000000"
    }
  ],
  "createdUtc": "0001-01-01T00:00:00Z"
}