{
  "intents": [
    {
      "triggerQueries": [
        "Como retiro alguém de uma conversa de grupo?"
      ],
      "dialogId": "new_topic_1b143c683285491eb2f44c2029e45b07",
      "isTriggeringEnabled": false,
      "id": "new_topic_1b143c683285491eb2f44c2029e45b07",
      "displayName": "Como retiro alguém de uma conversa de grupo?",
      "description": "https://myfirstbot5159226067.blob.core.windows.net/adoptbotpt/adoptbot2021-Portuguese (3).docx",
      "createdTime": "2021-04-07T18:37:12.8785774Z",
      "updatedTime": "2021-04-07T18:37:12.8785774Z",
      "createdUserId": "704dbbff-ed42-4ede-b8c8-2ac7c33773ac"
    }
  ],
  "dialogs": [
    {
      "rootNodeId": "d8eed8e7-34a3-43eb-a2f5-77de37f7b8ad",
      "messageNodes": [
        {
          "botMessageId": "3455a9a4-1e3b-4f2f-b21b-8b344bde368d",
          "nodeType": "BotMessageNode",
          "id": "d8eed8e7-34a3-43eb-a2f5-77de37f7b8ad",
          "defaultTargetNodeId": "eb13231a-7035-47d9-917b-62cbcf7346a6"
        }
      ],
      "dialogChangeNodes": [
        {
          "targetDialogId": "new_topic_f47de1d400dd44789efae4b80b274492_aeabea4d071f415c8c107e1cb7af5424_assumedsuccess",
          "nodeType": "DialogChangeNode",
          "id": "eb13231a-7035-47d9-917b-62cbcf7346a6"
        }
      ],
      "id": "new_topic_1b143c683285491eb2f44c2029e45b07",
      "displayName": "Dialog for Como retiro alguém de uma conversa de grupo?",
      "createdTime": "2021-04-07T18:37:12.8785774Z",
      "updatedTime": "2021-04-07T18:37:12.8785774Z",
      "createdUserId": "704dbbff-ed42-4ede-b8c8-2ac7c33773ac",
      "updatedUserId": "704dbbff-ed42-4ede-b8c8-2ac7c33773ac"
    }
  ],
  "botMessages": [
    {
      "channelContent": {
        "web": {
          "contentFormat": "Markdown",
          "content": "Pode [deixar uma conversa de grupo ou remover pessoas.](https://support.microsoft.com/en-us/office/l%c3%a4mna-eller-ta-bort-n%c3%a5gon-fr%c3%a5n-en-gruppchatt-7db55a67-0ba4-4409-a399-5ed502a1d094?ui=en-us&rs=en-us&ad=se)\r\n\r\n1. Abra uma conversa de grupo com três ou mais pessoas.\r\n2. Clique no número de membros e, em seguida, clique sobre o utilizador da pessoa que pretende remover.\r\n3. Selecione X  e confirme que deseja remover o participante do chat."
        }
      },
      "id": "3455a9a4-1e3b-4f2f-b21b-8b344bde368d",
      "createdTime": "2021-04-07T18:37:12.8785774Z",
      "updatedTime": "2021-04-07T18:37:12.8785774Z",
      "createdUserId": "704dbbff-ed42-4ede-b8c8-2ac7c33773ac",
      "updatedUserId": "704dbbff-ed42-4ede-b8c8-2ac7c33773ac"
    }
  ],
  "createdUtc": "0001-01-01T00:00:00Z"
}