{
  "intents": [
    {
      "triggerQueries": [
        "Posso personalizar a experiência de encontro em equipas?"
      ],
      "dialogId": "new_topic_cd5abd4ed70e4a3ea99ed62b01125da3",
      "isTriggeringEnabled": true,
      "canTriggeringBeDisabled": true,
      "id": "new_topic_cd5abd4ed70e4a3ea99ed62b01125da3",
      "displayName": "Posso personalizar a experiência de encontro em equipas?",
      "description": "https://adoptbotv2kb.blob.core.windows.net/%24web/adoptbot2021-Portuguese (Portugal).docx",
      "createdTime": "2021-03-24T18:09:18.0653521Z",
      "updatedTime": "2021-03-25T09:13:30.3751777Z",
      "createdUserId": "478b1ca5-fac4-4940-bda1-873c551431ee",
      "updatedUserId": "478b1ca5-fac4-4940-bda1-873c551431ee",
      "versionNumber": 0,
      "componentId": "00000000-0000-0000-0000-000000000000"
    }
  ],
  "dialogs": [
    {
      "rootNodeId": "da09c145-9fa6-40ad-b282-ccfdd11c4fdd",
      "messageNodes": [
        {
          "botMessageId": "1e944ac5-335c-4b74-9a7a-552e113a2dd3",
          "nodeType": "BotMessageNode",
          "id": "da09c145-9fa6-40ad-b282-ccfdd11c4fdd",
          "defaultTargetNodeId": "51cbf5c7-881e-4f34-a5ae-979b0a8553c2"
        }
      ],
      "dialogChangeNodes": [
        {
          "targetDialogId": "new_topic_ff75c3680c434d8cba423897663a537e_aeabea4d071f415c8c107e1cb7af5424_assumedsuccess",
          "nodeType": "DialogChangeNode",
          "id": "51cbf5c7-881e-4f34-a5ae-979b0a8553c2"
        }
      ],
      "id": "new_topic_cd5abd4ed70e4a3ea99ed62b01125da3",
      "displayName": "Dialog for Posso personalizar a experiência de encontro em equipas?",
      "createdTime": "2021-03-24T18:09:18.0653521Z",
      "updatedTime": "2021-03-24T18:09:18.0653521Z",
      "createdUserId": "478b1ca5-fac4-4940-bda1-873c551431ee",
      "updatedUserId": "478b1ca5-fac4-4940-bda1-873c551431ee",
      "versionNumber": 0,
      "componentId": "00000000-0000-0000-0000-000000000000"
    }
  ],
  "botMessages": [
    {
      "channelContent": {
        "web": {
          "contentFormat": "Markdown",
          "content": "Existem vários aplicativos para reuniões de equipas disponíveis.  Permitem-lhe  personalizar a experiência de  reunião para atender às suas necessidades.  [Ver](https://www.microsoft.com/en-us/microsoft-teams/meetings-apps)[aplicativos projetados para melhorar o encontro](https://www.microsoft.com/en-us/microsoft-teams/meetings-apps) de equipas [s](https://www.microsoft.com/en-us/microsoft-teams/meetings-apps) .\r\n\r\nSe for umdesenvolvedor,  pode construir a sua própria app para reuniões [de](https://docs.microsoft.com/en-us/microsoftteams/platform/apps-in-teams-meetings/teams-apps-in-meetings)[equipas.](https://docs.microsoft.com/en-us/microsoftteams/platform/apps-in-teams-meetings/teams-apps-in-meetings)"
        }
      },
      "id": "1e944ac5-335c-4b74-9a7a-552e113a2dd3",
      "createdTime": "2021-03-24T18:09:18.0653521Z",
      "updatedTime": "2021-03-24T18:09:18.0653521Z",
      "createdUserId": "478b1ca5-fac4-4940-bda1-873c551431ee",
      "updatedUserId": "478b1ca5-fac4-4940-bda1-873c551431ee",
      "versionNumber": 0,
      "componentId": "00000000-0000-0000-0000-000000000000"
    }
  ],
  "createdUtc": "0001-01-01T00:00:00Z"
}