{
  "intents": [
    {
      "triggerQueries": [
        "Gravação de reunião no Teams?"
      ],
      "dialogId": "new_topic_dcb0bdd064604dfb8e74919bf8384f76",
      "isTriggeringEnabled": false,
      "id": "new_topic_dcb0bdd064604dfb8e74919bf8384f76",
      "displayName": "Gravação de reunião no Teams?",
      "description": "https://myfirstbot5159226067.blob.core.windows.net/adoptbotpt/adoptbot2021-Portuguese (3).docx",
      "createdTime": "2021-04-07T18:37:12.8795986Z",
      "updatedTime": "2021-04-07T18:37:12.8795986Z",
      "createdUserId": "704dbbff-ed42-4ede-b8c8-2ac7c33773ac"
    }
  ],
  "dialogs": [
    {
      "rootNodeId": "ea297cf3-888f-420b-81c1-b89038fb70f7",
      "messageNodes": [
        {
          "botMessageId": "2d11a3b6-67ad-4519-a1af-a1a8f01b7a41",
          "nodeType": "BotMessageNode",
          "id": "ea297cf3-888f-420b-81c1-b89038fb70f7",
          "defaultTargetNodeId": "d2d0c875-8a29-497a-ae26-9492f91d34db"
        }
      ],
      "dialogChangeNodes": [
        {
          "targetDialogId": "new_topic_f47de1d400dd44789efae4b80b274492_aeabea4d071f415c8c107e1cb7af5424_assumedsuccess",
          "nodeType": "DialogChangeNode",
          "id": "d2d0c875-8a29-497a-ae26-9492f91d34db"
        }
      ],
      "id": "new_topic_dcb0bdd064604dfb8e74919bf8384f76",
      "displayName": "Dialog for Gravação de reunião no Teams?",
      "createdTime": "2021-04-07T18:37:12.8795986Z",
      "updatedTime": "2021-04-07T18:37:12.8795986Z",
      "createdUserId": "704dbbff-ed42-4ede-b8c8-2ac7c33773ac",
      "updatedUserId": "704dbbff-ed42-4ede-b8c8-2ac7c33773ac"
    }
  ],
  "botMessages": [
    {
      "channelContent": {
        "web": {
          "contentFormat": "Markdown",
          "content": "No Microsoft Teams, os utilizadores podem  gravar as suas reuniões de Teams e chamadas de grupo para capturar atividade de partilha de áudio, vídeo e ecrã. Existe também uma opção para que as gravações tenham transcrição automática, para que os utilizadores possam reproduzir gravações de reuniões com legendas e procurar itens de discussão importantes na transcrição.\r\n\r\nPor favor, note! As gravações  devem ser iniciadas manualmente, caso contrário nada é guardado a não ser informação partilhada no  chat.\r\n\r\nConsulte este artigo para mais detalhes: [Gravação de reuniões](https://docs.microsoft.com/en-us/microsoftteams/cloud-recording) no Teams"
        }
      },
      "id": "2d11a3b6-67ad-4519-a1af-a1a8f01b7a41",
      "createdTime": "2021-04-07T18:37:12.8795986Z",
      "updatedTime": "2021-04-07T18:37:12.8795986Z",
      "createdUserId": "704dbbff-ed42-4ede-b8c8-2ac7c33773ac",
      "updatedUserId": "704dbbff-ed42-4ede-b8c8-2ac7c33773ac"
    }
  ],
  "createdUtc": "0001-01-01T00:00:00Z"
}