{
  "intents": [
    {
      "triggerQueries": [
        "Como é que os convidados se juntam a uma equipa?"
      ],
      "dialogId": "new_topic_ea0e924235e24bf4a938681cc82b73ec",
      "isTriggeringEnabled": true,
      "canTriggeringBeDisabled": true,
      "id": "new_topic_ea0e924235e24bf4a938681cc82b73ec",
      "displayName": "Como é que os convidados se juntam a uma equipa?",
      "description": "https://adoptbotv2kb.blob.core.windows.net/%24web/adoptbot2021-Portuguese (Portugal).docx",
      "createdTime": "2021-03-24T18:09:18.0653521Z",
      "updatedTime": "2021-03-25T09:12:45.5772268Z",
      "createdUserId": "478b1ca5-fac4-4940-bda1-873c551431ee",
      "updatedUserId": "478b1ca5-fac4-4940-bda1-873c551431ee",
      "versionNumber": 0,
      "componentId": "00000000-0000-0000-0000-000000000000"
    }
  ],
  "dialogs": [
    {
      "rootNodeId": "2d788fcc-b3b8-4b4f-a5a3-e5c7c9b73610",
      "messageNodes": [
        {
          "botMessageId": "769e8b32-5b2c-4f52-a1ee-3d065e8e37a2",
          "nodeType": "BotMessageNode",
          "id": "2d788fcc-b3b8-4b4f-a5a3-e5c7c9b73610",
          "defaultTargetNodeId": "3dc09961-ce03-4328-8584-0ab0dd3e367c"
        }
      ],
      "dialogChangeNodes": [
        {
          "targetDialogId": "new_topic_ff75c3680c434d8cba423897663a537e_aeabea4d071f415c8c107e1cb7af5424_assumedsuccess",
          "nodeType": "DialogChangeNode",
          "id": "3dc09961-ce03-4328-8584-0ab0dd3e367c"
        }
      ],
      "id": "new_topic_ea0e924235e24bf4a938681cc82b73ec",
      "displayName": "Dialog for Como é que os convidados se juntam a uma equipa?",
      "createdTime": "2021-03-24T18:09:18.0653521Z",
      "updatedTime": "2021-03-24T18:09:18.0653521Z",
      "createdUserId": "478b1ca5-fac4-4940-bda1-873c551431ee",
      "updatedUserId": "478b1ca5-fac4-4940-bda1-873c551431ee",
      "versionNumber": 0,
      "componentId": "00000000-0000-0000-0000-000000000000"
    }
  ],
  "botMessages": [
    {
      "channelContent": {
        "web": {
          "contentFormat": "Markdown",
          "content": "Para adicionar um convidado à sua equipa em Equipas: Selecione Equipas e  vá para  a equipa na sua lista de equipas. Escolha  Mais opções  &gt;  Adicione membro. Insira o endereço de e-mail do hóspede."
        }
      },
      "id": "769e8b32-5b2c-4f52-a1ee-3d065e8e37a2",
      "createdTime": "2021-03-24T18:09:18.0653521Z",
      "updatedTime": "2021-03-24T18:09:18.0653521Z",
      "createdUserId": "478b1ca5-fac4-4940-bda1-873c551431ee",
      "updatedUserId": "478b1ca5-fac4-4940-bda1-873c551431ee",
      "versionNumber": 0,
      "componentId": "00000000-0000-0000-0000-000000000000"
    }
  ],
  "createdUtc": "0001-01-01T00:00:00Z"
}