{
  "intents": [
    {
      "triggerQueries": [
        "Duração máxima de uma chamada telefónica (reunião de conferência sonora)?"
      ],
      "dialogId": "new_topic_b0f6ec4eafdf40f0be99104c5062d8a4",
      "isTriggeringEnabled": false,
      "id": "new_topic_b0f6ec4eafdf40f0be99104c5062d8a4",
      "displayName": "Duração máxima de uma chamada telefónica (reunião de conferência sonora)?",
      "description": "https://myfirstbot5159226067.blob.core.windows.net/adoptbotpt/adoptbot2021-Portuguese (3).docx",
      "createdTime": "2021-04-07T18:37:12.8785774Z",
      "updatedTime": "2021-04-07T18:37:12.8785774Z",
      "createdUserId": "704dbbff-ed42-4ede-b8c8-2ac7c33773ac"
    }
  ],
  "dialogs": [
    {
      "rootNodeId": "fc09b611-ee0b-4b70-9567-4f22faf8c598",
      "messageNodes": [
        {
          "botMessageId": "525230a9-f51f-4ede-8218-ad7427b9d999",
          "nodeType": "BotMessageNode",
          "id": "fc09b611-ee0b-4b70-9567-4f22faf8c598",
          "defaultTargetNodeId": "9043bf98-0a19-4eea-9bda-d195c3e63f4b"
        }
      ],
      "dialogChangeNodes": [
        {
          "targetDialogId": "new_topic_f47de1d400dd44789efae4b80b274492_aeabea4d071f415c8c107e1cb7af5424_assumedsuccess",
          "nodeType": "DialogChangeNode",
          "id": "9043bf98-0a19-4eea-9bda-d195c3e63f4b"
        }
      ],
      "id": "new_topic_b0f6ec4eafdf40f0be99104c5062d8a4",
      "displayName": "Dialog for Duração máxima de uma chamada telefónica (reunião de conferência sonora)?",
      "createdTime": "2021-04-07T18:37:12.8785774Z",
      "updatedTime": "2021-04-07T18:37:12.8785774Z",
      "createdUserId": "704dbbff-ed42-4ede-b8c8-2ac7c33773ac",
      "updatedUserId": "704dbbff-ed42-4ede-b8c8-2ac7c33773ac"
    }
  ],
  "botMessages": [
    {
      "channelContent": {
        "web": {
          "contentFormat": "Markdown",
          "content": "A reunião termina depois de 24 horas."
        }
      },
      "id": "525230a9-f51f-4ede-8218-ad7427b9d999",
      "createdTime": "2021-04-07T18:37:12.8785774Z",
      "updatedTime": "2021-04-07T18:37:12.8785774Z",
      "createdUserId": "704dbbff-ed42-4ede-b8c8-2ac7c33773ac",
      "updatedUserId": "704dbbff-ed42-4ede-b8c8-2ac7c33773ac"
    }
  ],
  "createdUtc": "0001-01-01T00:00:00Z"
}