{
  "intents": [
    {
      "triggerQueries": [
        "Como posso obter o OneNote?"
      ],
      "dialogId": "new_topic_a6ac8dd98aaa4796a2b25240bfd163ff",
      "isTriggeringEnabled": true,
      "canTriggeringBeDisabled": true,
      "id": "new_topic_a6ac8dd98aaa4796a2b25240bfd163ff",
      "displayName": "Como posso obter o OneNote?",
      "description": "https://adoptbotv2kb.blob.core.windows.net/%24web/adoptbot2021-Portuguese (Portugal).docx",
      "createdTime": "2021-03-24T18:09:18.0583447Z",
      "updatedTime": "2021-03-25T09:13:34.7002113Z",
      "createdUserId": "478b1ca5-fac4-4940-bda1-873c551431ee",
      "updatedUserId": "478b1ca5-fac4-4940-bda1-873c551431ee",
      "versionNumber": 0,
      "componentId": "00000000-0000-0000-0000-000000000000"
    }
  ],
  "dialogs": [
    {
      "rootNodeId": "65c10087-0f35-4cef-8686-e64c39e21955",
      "messageNodes": [
        {
          "botMessageId": "ba711fbb-aef3-454c-9348-b26016417181",
          "nodeType": "BotMessageNode",
          "id": "65c10087-0f35-4cef-8686-e64c39e21955",
          "defaultTargetNodeId": "f7460ba9-7142-4639-9b19-e660e59b6956"
        }
      ],
      "dialogChangeNodes": [
        {
          "targetDialogId": "new_topic_ff75c3680c434d8cba423897663a537e_aeabea4d071f415c8c107e1cb7af5424_assumedsuccess",
          "nodeType": "DialogChangeNode",
          "id": "f7460ba9-7142-4639-9b19-e660e59b6956"
        }
      ],
      "id": "new_topic_a6ac8dd98aaa4796a2b25240bfd163ff",
      "displayName": "Dialog for Como posso obter o OneNote?",
      "createdTime": "2021-03-24T18:09:18.0583447Z",
      "updatedTime": "2021-03-24T18:09:18.0583447Z",
      "createdUserId": "478b1ca5-fac4-4940-bda1-873c551431ee",
      "updatedUserId": "478b1ca5-fac4-4940-bda1-873c551431ee",
      "versionNumber": 0,
      "componentId": "00000000-0000-0000-0000-000000000000"
    }
  ],
  "botMessages": [
    {
      "channelContent": {
        "web": {
          "contentFormat": "Markdown",
          "content": "Dependendo do dispositivo queutilizar,[existe um OneNote que se adequa às suas necessidades](https://support.microsoft.com/en-us/office/what-s-the-difference-between-the-onenote-versions-a624e692-b78b-4c09-b07f-46181958118f) .\r\n\r\n- OneNote (anteriormente chamado \"OneNote 2016\")  é uma  aplicação de desktop gratuita  e parte do Office 2019 e Microsoft 365.\r\n- OneNote for Windows 10 , está pré-instalado em todas as edições do Windows 10,  e  pode ser descarregado gratuitamente na Microsoft [Store](https://www.microsoft.com/store/productId/9WZDNCRFHVJL)"
        }
      },
      "id": "ba711fbb-aef3-454c-9348-b26016417181",
      "createdTime": "2021-03-24T18:09:18.0583447Z",
      "updatedTime": "2021-03-24T18:09:18.0583447Z",
      "createdUserId": "478b1ca5-fac4-4940-bda1-873c551431ee",
      "updatedUserId": "478b1ca5-fac4-4940-bda1-873c551431ee",
      "versionNumber": 0,
      "componentId": "00000000-0000-0000-0000-000000000000"
    }
  ],
  "createdUtc": "0001-01-01T00:00:00Z"
}