{
  "intents": [
    {
      "triggerQueries": [
        "Como posso gravar uma reunião?"
      ],
      "dialogId": "new_topic_244e7dc98dc949379895639d256e7f9a",
      "isTriggeringEnabled": true,
      "canTriggeringBeDisabled": true,
      "id": "new_topic_244e7dc98dc949379895639d256e7f9a",
      "displayName": "Como posso gravar uma reunião?",
      "description": "https://adoptbotv2kb.blob.core.windows.net/%24web/adoptbot2021-Portuguese (Portugal).docx",
      "createdTime": "2021-03-24T18:09:18.0653521Z",
      "updatedTime": "2021-03-25T09:12:46.715912Z",
      "createdUserId": "478b1ca5-fac4-4940-bda1-873c551431ee",
      "updatedUserId": "478b1ca5-fac4-4940-bda1-873c551431ee",
      "versionNumber": 0,
      "componentId": "00000000-0000-0000-0000-000000000000"
    }
  ],
  "dialogs": [
    {
      "rootNodeId": "a87a34d7-56c1-4ffa-a65c-b2fe0c69968f",
      "messageNodes": [
        {
          "botMessageId": "b023079d-0065-4152-88ab-0df3604f6281",
          "nodeType": "BotMessageNode",
          "id": "a87a34d7-56c1-4ffa-a65c-b2fe0c69968f",
          "defaultTargetNodeId": "a53014bb-3358-4cba-82d5-2a8f1beaa6c1"
        }
      ],
      "dialogChangeNodes": [
        {
          "targetDialogId": "new_topic_ff75c3680c434d8cba423897663a537e_aeabea4d071f415c8c107e1cb7af5424_assumedsuccess",
          "nodeType": "DialogChangeNode",
          "id": "a53014bb-3358-4cba-82d5-2a8f1beaa6c1"
        }
      ],
      "id": "new_topic_244e7dc98dc949379895639d256e7f9a",
      "displayName": "Dialog for Como posso gravar uma reunião?",
      "createdTime": "2021-03-24T18:09:18.0653521Z",
      "updatedTime": "2021-03-24T18:09:18.0653521Z",
      "createdUserId": "478b1ca5-fac4-4940-bda1-873c551431ee",
      "updatedUserId": "478b1ca5-fac4-4940-bda1-873c551431ee",
      "versionNumber": 0,
      "componentId": "00000000-0000-0000-0000-000000000000"
    }
  ],
  "botMessages": [
    {
      "channelContent": {
        "web": {
          "contentFormat": "Markdown",
          "content": "Comece ou junte-se à reunião.\r\n\r\nPara começar a gravar, vá a Mais opções \"...\"e selecioneIniciara gravação . Todos na reunião são informados de que a gravação já começou e uma mensagem no chat confirma isso mesmo. Termine a gravação da mesma forma.\r\n\r\nLeia mais aqui: [Como gravar um encontro em Equipas](https://support.microsoft.com/en-us/office/spela-in-ett-m%C3%B6te-i-teams-34dfbe7f-b07d-4a27-b4c6-de62f1348c24)"
        }
      },
      "id": "b023079d-0065-4152-88ab-0df3604f6281",
      "createdTime": "2021-03-24T18:09:18.0653521Z",
      "updatedTime": "2021-03-24T18:09:18.0653521Z",
      "createdUserId": "478b1ca5-fac4-4940-bda1-873c551431ee",
      "updatedUserId": "478b1ca5-fac4-4940-bda1-873c551431ee",
      "versionNumber": 0,
      "componentId": "00000000-0000-0000-0000-000000000000"
    }
  ],
  "createdUtc": "0001-01-01T00:00:00Z"
}