{
  "intents": [
    {
      "triggerQueries": [
        "O que é o Canal Geral?"
      ],
      "dialogId": "new_topic_774155b5716f411a94e2148ba1287843",
      "isTriggeringEnabled": true,
      "canTriggeringBeDisabled": true,
      "id": "new_topic_774155b5716f411a94e2148ba1287843",
      "displayName": "O que é o Canal Geral?",
      "description": "https://adoptbotv2kb.blob.core.windows.net/%24web/adoptbot2021-Portuguese (Portugal).docx",
      "createdTime": "2021-03-24T18:09:18.0653521Z",
      "updatedTime": "2021-03-25T09:12:26.3574338Z",
      "createdUserId": "478b1ca5-fac4-4940-bda1-873c551431ee",
      "updatedUserId": "478b1ca5-fac4-4940-bda1-873c551431ee",
      "versionNumber": 0,
      "componentId": "00000000-0000-0000-0000-000000000000"
    }
  ],
  "dialogs": [
    {
      "rootNodeId": "49dba4e2-5685-4c70-8982-0eb444071c8b",
      "messageNodes": [
        {
          "botMessageId": "59eaee8c-98f1-4603-9711-c671fbf38de5",
          "nodeType": "BotMessageNode",
          "id": "49dba4e2-5685-4c70-8982-0eb444071c8b",
          "defaultTargetNodeId": "fbd99aed-a9d1-49f8-9d18-790555b8f032"
        }
      ],
      "dialogChangeNodes": [
        {
          "targetDialogId": "new_topic_ff75c3680c434d8cba423897663a537e_aeabea4d071f415c8c107e1cb7af5424_assumedsuccess",
          "nodeType": "DialogChangeNode",
          "id": "fbd99aed-a9d1-49f8-9d18-790555b8f032"
        }
      ],
      "id": "new_topic_774155b5716f411a94e2148ba1287843",
      "displayName": "Dialog for O que é o Canal Geral?",
      "createdTime": "2021-03-24T18:09:18.0653521Z",
      "updatedTime": "2021-03-24T18:09:18.0653521Z",
      "createdUserId": "478b1ca5-fac4-4940-bda1-873c551431ee",
      "updatedUserId": "478b1ca5-fac4-4940-bda1-873c551431ee",
      "versionNumber": 0,
      "componentId": "00000000-0000-0000-0000-000000000000"
    }
  ],
  "botMessages": [
    {
      "channelContent": {
        "web": {
          "contentFormat": "Markdown",
          "content": "Por predefinição, o canal Geral é criado para si em cada equipa. Existem muitos propósitos úteis com o  Canal Geral:\r\n\r\n- Use-o para partilhar uma visão geral do que a  equipa quer alcançar. Por exemplo, uma visão geral do projeto  ou quem é quem na  equipa.\r\n- Use-o para o novo membro da equipa a bordo e outras informações gerais  que um novo membro da equipa acharia  útil.\r\n- Use-o para anúncios.\r\n\r\n\r\nAo nomear canais, lembre-se que os canais serão encomendados  alfabeticamente após o canal Geral. Atualmente, não é possível eliminar o canal Geral."
        }
      },
      "id": "59eaee8c-98f1-4603-9711-c671fbf38de5",
      "createdTime": "2021-03-24T18:09:18.0653521Z",
      "updatedTime": "2021-03-24T18:09:18.0653521Z",
      "createdUserId": "478b1ca5-fac4-4940-bda1-873c551431ee",
      "updatedUserId": "478b1ca5-fac4-4940-bda1-873c551431ee",
      "versionNumber": 0,
      "componentId": "00000000-0000-0000-0000-000000000000"
    }
  ],
  "createdUtc": "0001-01-01T00:00:00Z"
}