{
  "intents": [
    {
      "triggerQueries": [
        "Os meus documentos guardados no OneDrive também estão disponíveis offline?"
      ],
      "dialogId": "new_topic_236a53ede6044bd4b48eee32d9ec792b",
      "isTriggeringEnabled": false,
      "id": "new_topic_236a53ede6044bd4b48eee32d9ec792b",
      "displayName": "Os meus documentos guardados no OneDrive também estão disponíveis offline?",
      "description": "https://myfirstbot5159226067.blob.core.windows.net/adoptbotpt/adoptbot2021-Portuguese (3).docx",
      "createdTime": "2021-04-07T18:37:12.8785774Z",
      "updatedTime": "2021-04-07T18:37:12.8785774Z",
      "createdUserId": "704dbbff-ed42-4ede-b8c8-2ac7c33773ac"
    }
  ],
  "dialogs": [
    {
      "rootNodeId": "1a29d2c3-5d9d-49e2-ae83-761c2f05f691",
      "messageNodes": [
        {
          "botMessageId": "0957d63e-b1b9-4cd6-a126-6cb2477e282a",
          "nodeType": "BotMessageNode",
          "id": "1a29d2c3-5d9d-49e2-ae83-761c2f05f691",
          "defaultTargetNodeId": "a6e29ae4-2618-4401-9a56-c2e30c33d248"
        }
      ],
      "dialogChangeNodes": [
        {
          "targetDialogId": "new_topic_f47de1d400dd44789efae4b80b274492_aeabea4d071f415c8c107e1cb7af5424_assumedsuccess",
          "nodeType": "DialogChangeNode",
          "id": "a6e29ae4-2618-4401-9a56-c2e30c33d248"
        }
      ],
      "id": "new_topic_236a53ede6044bd4b48eee32d9ec792b",
      "displayName": "Dialog for Os meus documentos guardados no OneDrive também estão disponíveis offline?",
      "createdTime": "2021-04-07T18:37:12.8785774Z",
      "updatedTime": "2021-04-07T18:37:12.8785774Z",
      "createdUserId": "704dbbff-ed42-4ede-b8c8-2ac7c33773ac",
      "updatedUserId": "704dbbff-ed42-4ede-b8c8-2ac7c33773ac"
    }
  ],
  "botMessages": [
    {
      "channelContent": {
        "web": {
          "contentFormat": "Markdown",
          "content": "Se estiver a utilizar o Windows 10, o OneDrive está pré-instalado. Para aceder aos seus documentos quando não estiver ligado à Internet, abra o File Explorer no seu PC e aceda à pasta OneDrive. Quando reconecta, o OneDrive atualiza as versões online com as alterações que fez offline.\r\n\r\nVisite [o OneDrive para obter](https://go.microsoft.com/fwlink/p/?LinkID=717896) mais detalhes."
        }
      },
      "id": "0957d63e-b1b9-4cd6-a126-6cb2477e282a",
      "createdTime": "2021-04-07T18:37:12.8785774Z",
      "updatedTime": "2021-04-07T18:37:12.8785774Z",
      "createdUserId": "704dbbff-ed42-4ede-b8c8-2ac7c33773ac",
      "updatedUserId": "704dbbff-ed42-4ede-b8c8-2ac7c33773ac"
    }
  ],
  "createdUtc": "0001-01-01T00:00:00Z"
}