<bot_botcomponentset>
  <bot_botcomponent botid.schemaname="new_bot_f47de1d400dd44789efae4b80b274492" botcomponentid.schemaname="new_topic_1a32af2657934bf88e3e63cb5bc320ab">
    <iscustomizable>1</iscustomizable>
  </bot_botcomponent>
  <bot_botcomponent botcomponentid.schemaname="new_topic_e6e9601b4f1442fbbc0dd3ff1859895c" botid.schemaname="new_bot_f47de1d400dd44789efae4b80b274492">
    <iscustomizable>1</iscustomizable>
  </bot_botcomponent>
  <bot_botcomponent botid.schemaname="new_bot_f47de1d400dd44789efae4b80b274492" botcomponentid.schemaname="new_topic_84ae8a6798954486b1c6bbefe2a977e9">
    <iscustomizable>1</iscustomizable>
  </bot_botcomponent>
  <bot_botcomponent botcomponentid.schemaname="new_topic_9169cc5f47ee4dccb8f56b73434935d1" botid.schemaname="new_bot_f47de1d400dd44789efae4b80b274492">
    <iscustomizable>1</iscustomizable>
  </bot_botcomponent>
  <bot_botcomponent botid.schemaname="new_bot_f47de1d400dd44789efae4b80b274492" botcomponentid.schemaname="new_topic_d4d656b442a3456aa58183fb5e99e4bc">
    <iscustomizable>1</iscustomizable>
  </bot_botcomponent>
  <bot_botcomponent botid.schemaname="new_bot_f47de1d400dd44789efae4b80b274492" botcomponentid.schemaname="new_topic_d7a08e16d8e9410a87f91a7e82fdc386">
    <iscustomizable>1</iscustomizable>
  </bot_botcomponent>
  <bot_botcomponent botcomponentid.schemaname="new_topic_f03c80d41d724f5c9428d1b4c7ef0276" botid.schemaname="new_bot_f47de1d400dd44789efae4b80b274492">
    <iscustomizable>1</iscustomizable>
  </bot_botcomponent>
  <bot_botcomponent botcomponentid.schemaname="new_topic_68a701b795c54c0ca2e71f60cbb59972" botid.schemaname="new_bot_f47de1d400dd44789efae4b80b274492">
    <iscustomizable>1</iscustomizable>
  </bot_botcomponent>
  <bot_botcomponent botcomponentid.schemaname="new_topic_6cbab84c9d534e6c8f2c485694436933" botid.schemaname="new_bot_f47de1d400dd44789efae4b80b274492">
    <iscustomizable>1</iscustomizable>
  </bot_botcomponent>
  <bot_botcomponent botid.schemaname="new_bot_f47de1d400dd44789efae4b80b274492" botcomponentid.schemaname="new_topic_066721fc3e034d84883a7b7513e54123">
    <iscustomizable>1</iscustomizable>
  </bot_botcomponent>
  <bot_botcomponent botid.schemaname="new_bot_f47de1d400dd44789efae4b80b274492" botcomponentid.schemaname="new_topic_70313f437b114c52b9541dcb1dbddcb2">
    <iscustomizable>1</iscustomizable>
  </bot_botcomponent>
  <bot_botcomponent botcomponentid.schemaname="new_topic_92a194e59e4d4d2e91c65f91686f7952" botid.schemaname="new_bot_f47de1d400dd44789efae4b80b274492">
    <iscustomizable>1</iscustomizable>
  </bot_botcomponent>
  <bot_botcomponent botcomponentid.schemaname="new_topic_bca180b922fa4fba93be54c3daff8d9c" botid.schemaname="new_bot_f47de1d400dd44789efae4b80b274492">
    <iscustomizable>1</iscustomizable>
  </bot_botcomponent>
  <bot_botcomponent botcomponentid.schemaname="new_topic_7d339ba94b65489f9296e9939e6905ff" botid.schemaname="new_bot_f47de1d400dd44789efae4b80b274492">
    <iscustomizable>1</iscustomizable>
  </bot_botcomponent>
  <bot_botcomponent botcomponentid.schemaname="new_topic_7a5a427d24424741ab1f604d27af07d5" botid.schemaname="new_bot_f47de1d400dd44789efae4b80b274492">
    <iscustomizable>1</iscustomizable>
  </bot_botcomponent>
  <bot_botcomponent botid.schemaname="new_bot_f47de1d400dd44789efae4b80b274492" botcomponentid.schemaname="new_topic_053f49e1d52a40bc890d1e5952844fbc">
    <iscustomizable>1</iscustomizable>
  </bot_botcomponent>
  <bot_botcomponent botcomponentid.schemaname="new_topic_17ab9744ef434e8eb4e59c5a4a21bce6" botid.schemaname="new_bot_f47de1d400dd44789efae4b80b274492">
    <iscustomizable>1</iscustomizable>
  </bot_botcomponent>
  <bot_botcomponent botid.schemaname="new_bot_f47de1d400dd44789efae4b80b274492" botcomponentid.schemaname="new_topic_a1cfb9e8d39a48e6acc36b0de3c6fb98">
    <iscustomizable>1</iscustomizable>
  </bot_botcomponent>
  <bot_botcomponent botid.schemaname="new_bot_f47de1d400dd44789efae4b80b274492" botcomponentid.schemaname="new_topic_55c9ec44741743a0a7238a2722eb16a3">
    <iscustomizable>1</iscustomizable>
  </bot_botcomponent>
  <bot_botcomponent botcomponentid.schemaname="new_topic_3a7d2424ddbd4423be3b3af828f35602" botid.schemaname="new_bot_f47de1d400dd44789efae4b80b274492">
    <iscustomizable>1</iscustomizable>
  </bot_botcomponent>
  <bot_botcomponent botcomponentid.schemaname="new_topic_64377447f22a4421888a32534cb5bbea" botid.schemaname="new_bot_f47de1d400dd44789efae4b80b274492">
    <iscustomizable>1</iscustomizable>
  </bot_botcomponent>
  <bot_botcomponent botcomponentid.schemaname="new_topic_298d29441fff48e8a260cf1e6391c851" botid.schemaname="new_bot_f47de1d400dd44789efae4b80b274492">
    <iscustomizable>1</iscustomizable>
  </bot_botcomponent>
  <bot_botcomponent botcomponentid.schemaname="new_topic_edfb9284506d48cc9ca80b28fd1dbbe4" botid.schemaname="new_bot_f47de1d400dd44789efae4b80b274492">
    <iscustomizable>1</iscustomizable>
  </bot_botcomponent>
  <bot_botcomponent botid.schemaname="new_bot_f47de1d400dd44789efae4b80b274492" botcomponentid.schemaname="new_topic_39dc40e66aa5489796edde3c4a8a445c">
    <iscustomizable>1</iscustomizable>
  </bot_botcomponent>
  <bot_botcomponent botid.schemaname="new_bot_f47de1d400dd44789efae4b80b274492" botcomponentid.schemaname="new_topic_ecaf9bf6007949f8a3bf019f0680133a">
    <iscustomizable>1</iscustomizable>
  </bot_botcomponent>
  <bot_botcomponent botid.schemaname="new_bot_f47de1d400dd44789efae4b80b274492" botcomponentid.schemaname="new_topic_d8ff550541ce453ca69b4b9b2c7692c9">
    <iscustomizable>1</iscustomizable>
  </bot_botcomponent>
  <bot_botcomponent botcomponentid.schemaname="new_topic_604d3fae22664bc38a210679e740a8b4" botid.schemaname="new_bot_f47de1d400dd44789efae4b80b274492">
    <iscustomizable>1</iscustomizable>
  </bot_botcomponent>
  <bot_botcomponent botid.schemaname="new_bot_f47de1d400dd44789efae4b80b274492" botcomponentid.schemaname="new_topic_8d2c862259a74e23ab40d02401ffddc7">
    <iscustomizable>1</iscustomizable>
  </bot_botcomponent>
  <bot_botcomponent botid.schemaname="new_bot_f47de1d400dd44789efae4b80b274492" botcomponentid.schemaname="new_topic_df7dfe705c7a409eae7011a8b2f2101d">
    <iscustomizable>1</iscustomizable>
  </bot_botcomponent>
  <bot_botcomponent botid.schemaname="new_bot_f47de1d400dd44789efae4b80b274492" botcomponentid.schemaname="new_topic_deaa1d9e5121485990d7eeefc0b207a6">
    <iscustomizable>1</iscustomizable>
  </bot_botcomponent>
  <bot_botcomponent botid.schemaname="new_bot_f47de1d400dd44789efae4b80b274492" botcomponentid.schemaname="new_topic_236a53ede6044bd4b48eee32d9ec792b">
    <iscustomizable>1</iscustomizable>
  </bot_botcomponent>
  <bot_botcomponent botcomponentid.schemaname="new_topic_4b608cae2f5a4aaea8a55b86dc949a43" botid.schemaname="new_bot_f47de1d400dd44789efae4b80b274492">
    <iscustomizable>1</iscustomizable>
  </bot_botcomponent>
  <bot_botcomponent botcomponentid.schemaname="new_topic_97f0256338c84e38b080371aafd02b58" botid.schemaname="new_bot_f47de1d400dd44789efae4b80b274492">
    <iscustomizable>1</iscustomizable>
  </bot_botcomponent>
  <bot_botcomponent botid.schemaname="new_bot_f47de1d400dd44789efae4b80b274492" botcomponentid.schemaname="new_topic_c66096452a06428db323838f4f32ff9f">
    <iscustomizable>1</iscustomizable>
  </bot_botcomponent>
  <bot_botcomponent botcomponentid.schemaname="new_topic_fc31dc868ad7492bbe1fcc7bdc60d806" botid.schemaname="new_bot_f47de1d400dd44789efae4b80b274492">
    <iscustomizable>1</iscustomizable>
  </bot_botcomponent>
  <bot_botcomponent botid.schemaname="new_bot_f47de1d400dd44789efae4b80b274492" botcomponentid.schemaname="new_topic_cffd42c2dfb942a2ba5292554158bae8">
    <iscustomizable>1</iscustomizable>
  </bot_botcomponent>
  <bot_botcomponent botid.schemaname="new_bot_f47de1d400dd44789efae4b80b274492" botcomponentid.schemaname="new_topic_f631ac21bde34fe588020da34453dc0c">
    <iscustomizable>1</iscustomizable>
  </bot_botcomponent>
  <bot_botcomponent botid.schemaname="new_bot_f47de1d400dd44789efae4b80b274492" botcomponentid.schemaname="new_topic_125d5b7dad504359bb400864335305ca">
    <iscustomizable>1</iscustomizable>
  </bot_botcomponent>
  <bot_botcomponent botid.schemaname="new_bot_f47de1d400dd44789efae4b80b274492" botcomponentid.schemaname="new_topic_6d751aba277d44d5b6fb58e5d8843cde">
    <iscustomizable>1</iscustomizable>
  </bot_botcomponent>
  <bot_botcomponent botcomponentid.schemaname="new_topic_6be3b7c277b64ab0b2ff5d3dc21c7c6d" botid.schemaname="new_bot_f47de1d400dd44789efae4b80b274492">
    <iscustomizable>1</iscustomizable>
  </bot_botcomponent>
  <bot_botcomponent botid.schemaname="new_bot_f47de1d400dd44789efae4b80b274492" botcomponentid.schemaname="new_topic_4b5a908154664fa798e28d45db7ff738">
    <iscustomizable>1</iscustomizable>
  </bot_botcomponent>
  <bot_botcomponent botcomponentid.schemaname="new_topic_8dad0b62201b4374ba33bf49faffd3cf" botid.schemaname="new_bot_f47de1d400dd44789efae4b80b274492">
    <iscustomizable>1</iscustomizable>
  </bot_botcomponent>
  <bot_botcomponent botid.schemaname="new_bot_f47de1d400dd44789efae4b80b274492" botcomponentid.schemaname="new_topic_b0f6ec4eafdf40f0be99104c5062d8a4">
    <iscustomizable>1</iscustomizable>
  </bot_botcomponent>
  <bot_botcomponent botid.schemaname="new_bot_f47de1d400dd44789efae4b80b274492" botcomponentid.schemaname="new_topic_dcb0bdd064604dfb8e74919bf8384f76">
    <iscustomizable>1</iscustomizable>
  </bot_botcomponent>
  <bot_botcomponent botcomponentid.schemaname="new_topic_a0b91c1e59dc46b2a12756877b48c2ea" botid.schemaname="new_bot_f47de1d400dd44789efae4b80b274492">
    <iscustomizable>1</iscustomizable>
  </bot_botcomponent>
  <bot_botcomponent botid.schemaname="new_bot_f47de1d400dd44789efae4b80b274492" botcomponentid.schemaname="new_topic_a4d53cd14a7d49f2b3ce2280068f3666">
    <iscustomizable>1</iscustomizable>
  </bot_botcomponent>
  <bot_botcomponent botid.schemaname="new_bot_f47de1d400dd44789efae4b80b274492" botcomponentid.schemaname="new_topic_0b32424c2d6044c1b8b86d443d841578">
    <iscustomizable>1</iscustomizable>
  </bot_botcomponent>
  <bot_botcomponent botid.schemaname="new_bot_f47de1d400dd44789efae4b80b274492" botcomponentid.schemaname="new_topic_b95947cd58574948a33b524b59beb069">
    <iscustomizable>1</iscustomizable>
  </bot_botcomponent>
  <bot_botcomponent botid.schemaname="new_bot_f47de1d400dd44789efae4b80b274492" botcomponentid.schemaname="new_topic_f47de1d400dd44789efae4b80b274492_ba7b967c97ba4c39bca58a8bb6a72d59_conversationstart">
    <iscustomizable>1</iscustomizable>
  </bot_botcomponent>
  <bot_botcomponent botid.schemaname="new_bot_f47de1d400dd44789efae4b80b274492" botcomponentid.schemaname="new_topic_f47de1d400dd44789efae4b80b274492_954135cafcd647eaae5999ad91fc08cf_talktoagent">
    <iscustomizable>1</iscustomizable>
  </bot_botcomponent>
  <bot_botcomponent botid.schemaname="new_bot_f47de1d400dd44789efae4b80b274492" botcomponentid.schemaname="new_topic_f47de1d400dd44789efae4b80b274492_aeabea4d071f415c8c107e1cb7af5424_assumedsuccess">
    <iscustomizable>1</iscustomizable>
  </bot_botcomponent>
  <bot_botcomponent botid.schemaname="new_bot_f47de1d400dd44789efae4b80b274492" botcomponentid.schemaname="new_topic_8082e5024faa4393b2389dabfdead568">
    <iscustomizable>1</iscustomizable>
  </bot_botcomponent>
  <bot_botcomponent botcomponentid.schemaname="new_topic_43368bc363bc44959e0a29f15030db31" botid.schemaname="new_bot_f47de1d400dd44789efae4b80b274492">
    <iscustomizable>1</iscustomizable>
  </bot_botcomponent>
  <bot_botcomponent botid.schemaname="new_bot_f47de1d400dd44789efae4b80b274492" botcomponentid.schemaname="new_topic_f47de1d400dd44789efae4b80b274492_db1f76b081dc43389df9dd2df7518737_confirmedsuccess">
    <iscustomizable>1</iscustomizable>
  </bot_botcomponent>
  <bot_botcomponent botid.schemaname="new_bot_f47de1d400dd44789efae4b80b274492" botcomponentid.schemaname="new_topic_f47de1d400dd44789efae4b80b274492_d2198a5ee41a48a5bf70ab8970145a9f_confirmedfailure">
    <iscustomizable>1</iscustomizable>
  </bot_botcomponent>
  <bot_botcomponent botcomponentid.schemaname="new_topic_f47de1d400dd44789efae4b80b274492_f56d1a3e522740c78f9fac0939332dbd_goodbye" botid.schemaname="new_bot_f47de1d400dd44789efae4b80b274492">
    <iscustomizable>1</iscustomizable>
  </bot_botcomponent>
  <bot_botcomponent botid.schemaname="new_bot_f47de1d400dd44789efae4b80b274492" botcomponentid.schemaname="new_topic_f47de1d400dd44789efae4b80b274492_8a4964498f83424bb3a86295bf7d0952_startover">
    <iscustomizable>1</iscustomizable>
  </bot_botcomponent>
  <bot_botcomponent botid.schemaname="new_bot_f47de1d400dd44789efae4b80b274492" botcomponentid.schemaname="new_topic_e131fe51f8ea4eeabb1b9660fff8154d">
    <iscustomizable>1</iscustomizable>
  </bot_botcomponent>
  <bot_botcomponent botid.schemaname="new_bot_f47de1d400dd44789efae4b80b274492" botcomponentid.schemaname="new_topic_64c5eb5e77504c5899d4732788e8f734">
    <iscustomizable>1</iscustomizable>
  </bot_botcomponent>
  <bot_botcomponent botcomponentid.schemaname="new_topic_f47de1d400dd44789efae4b80b274492_3d2584ec30914684839527e05e7be172_thankyou" botid.schemaname="new_bot_f47de1d400dd44789efae4b80b274492">
    <iscustomizable>1</iscustomizable>
  </bot_botcomponent>
  <bot_botcomponent botcomponentid.schemaname="new_topic_f47de1d400dd44789efae4b80b274492_33d5123770ba4daeafae51b361ddc80a" botid.schemaname="new_bot_f47de1d400dd44789efae4b80b274492">
    <iscustomizable>1</iscustomizable>
  </bot_botcomponent>
  <bot_botcomponent botcomponentid.schemaname="new_topic_f47de1d400dd44789efae4b80b274492_21a34f1673a24096a99ba0effb63cc1d" botid.schemaname="new_bot_f47de1d400dd44789efae4b80b274492">
    <iscustomizable>1</iscustomizable>
  </bot_botcomponent>
  <bot_botcomponent botcomponentid.schemaname="new_topic_f47de1d400dd44789efae4b80b274492_dbafebd526364487911b63a2a774389f" botid.schemaname="new_bot_f47de1d400dd44789efae4b80b274492">
    <iscustomizable>1</iscustomizable>
  </bot_botcomponent>
  <bot_botcomponent botcomponentid.schemaname="new_topic_bcd4925dd82d487280b07b9dd77ad51b" botid.schemaname="new_bot_f47de1d400dd44789efae4b80b274492">
    <iscustomizable>1</iscustomizable>
  </bot_botcomponent>
  <bot_botcomponent botid.schemaname="new_bot_f47de1d400dd44789efae4b80b274492" botcomponentid.schemaname="new_topic_1e64d7ef1d934a6a99d3a69673330888">
    <iscustomizable>1</iscustomizable>
  </bot_botcomponent>
  <bot_botcomponent botid.schemaname="new_bot_f47de1d400dd44789efae4b80b274492" botcomponentid.schemaname="new_topic_f47de1d400dd44789efae4b80b274492_85df75ce08a44a9b82cc8f3fdb25f669">
    <iscustomizable>1</iscustomizable>
  </bot_botcomponent>
  <bot_botcomponent botcomponentid.schemaname="new_customtype_f47de1d400dd44789efae4b80b274492_92610204747047ac8f788f7eecd91118" botid.schemaname="new_bot_f47de1d400dd44789efae4b80b274492">
    <iscustomizable>1</iscustomizable>
  </bot_botcomponent>
  <bot_botcomponent botcomponentid.schemaname="new_customtype_f47de1d400dd44789efae4b80b274492_f86fcadfd497444e91ed11c12b059d10" botid.schemaname="new_bot_f47de1d400dd44789efae4b80b274492">
    <iscustomizable>1</iscustomizable>
  </bot_botcomponent>
  <bot_botcomponent botcomponentid.schemaname="new_topic_f20c8062520e4e82badf70f521c60fe5" botid.schemaname="new_bot_f47de1d400dd44789efae4b80b274492">
    <iscustomizable>1</iscustomizable>
  </bot_botcomponent>
  <bot_botcomponent botid.schemaname="new_bot_f47de1d400dd44789efae4b80b274492" botcomponentid.schemaname="new_topic_dd52643c934245878cc73111ca85dc5b">
    <iscustomizable>1</iscustomizable>
  </bot_botcomponent>
  <bot_botcomponent botid.schemaname="new_bot_f47de1d400dd44789efae4b80b274492" botcomponentid.schemaname="new_topic_4be4ee1f16a8465ba8572ad28c12441a">
    <iscustomizable>1</iscustomizable>
  </bot_botcomponent>
  <bot_botcomponent botid.schemaname="new_bot_f47de1d400dd44789efae4b80b274492" botcomponentid.schemaname="new_topic_7c8d8f7c3f9f4687969b9a805509d489">
    <iscustomizable>1</iscustomizable>
  </bot_botcomponent>
  <bot_botcomponent botid.schemaname="new_bot_f47de1d400dd44789efae4b80b274492" botcomponentid.schemaname="new_topic_c96948fdb96c4d53a98561656cb56a9f">
    <iscustomizable>1</iscustomizable>
  </bot_botcomponent>
  <bot_botcomponent botcomponentid.schemaname="new_topic_35595e91633e4a20877772ba64b0e0f9" botid.schemaname="new_bot_f47de1d400dd44789efae4b80b274492">
    <iscustomizable>1</iscustomizable>
  </bot_botcomponent>
  <bot_botcomponent botcomponentid.schemaname="new_topic_55a939f5537740c58f2ec282ff79267f" botid.schemaname="new_bot_f47de1d400dd44789efae4b80b274492">
    <iscustomizable>1</iscustomizable>
  </bot_botcomponent>
  <bot_botcomponent botid.schemaname="new_bot_f47de1d400dd44789efae4b80b274492" botcomponentid.schemaname="new_topic_6f0aa9cb1322410ead6b1054d7419fe9">
    <iscustomizable>1</iscustomizable>
  </bot_botcomponent>
  <bot_botcomponent botid.schemaname="new_bot_f47de1d400dd44789efae4b80b274492" botcomponentid.schemaname="new_topic_bb4840ed5edf4b71a9c64fa5f21e1c72">
    <iscustomizable>1</iscustomizable>
  </bot_botcomponent>
  <bot_botcomponent botcomponentid.schemaname="new_topic_82abbaf8a56d4dcfa6a991a8bc4f1f97" botid.schemaname="new_bot_f47de1d400dd44789efae4b80b274492">
    <iscustomizable>1</iscustomizable>
  </bot_botcomponent>
  <bot_botcomponent botid.schemaname="new_bot_f47de1d400dd44789efae4b80b274492" botcomponentid.schemaname="new_topic_e08ca9c3dbb6430b8ebcd6c79837aebe">
    <iscustomizable>1</iscustomizable>
  </bot_botcomponent>
  <bot_botcomponent botcomponentid.schemaname="new_topic_e819b1d8df8948fdb2140ba649781446" botid.schemaname="new_bot_f47de1d400dd44789efae4b80b274492">
    <iscustomizable>1</iscustomizable>
  </bot_botcomponent>
  <bot_botcomponent botid.schemaname="new_bot_f47de1d400dd44789efae4b80b274492" botcomponentid.schemaname="new_topic_5be9d0a362c24ec28c6bab4cc50b7e7e">
    <iscustomizable>1</iscustomizable>
  </bot_botcomponent>
  <bot_botcomponent botcomponentid.schemaname="new_topic_a24085bcf880480db331420b94b5ff70" botid.schemaname="new_bot_f47de1d400dd44789efae4b80b274492">
    <iscustomizable>1</iscustomizable>
  </bot_botcomponent>
  <bot_botcomponent botid.schemaname="new_bot_f47de1d400dd44789efae4b80b274492" botcomponentid.schemaname="new_topic_dbd5f377ab594cfbaeec73e50f808e04">
    <iscustomizable>1</iscustomizable>
  </bot_botcomponent>
  <bot_botcomponent botid.schemaname="new_bot_f47de1d400dd44789efae4b80b274492" botcomponentid.schemaname="new_topic_7ca2a80128c44d3585d497172f963232">
    <iscustomizable>1</iscustomizable>
  </bot_botcomponent>
  <bot_botcomponent botid.schemaname="new_bot_f47de1d400dd44789efae4b80b274492" botcomponentid.schemaname="new_topic_262e48dbf862403d85af0944b3dca3d7">
    <iscustomizable>1</iscustomizable>
  </bot_botcomponent>
  <bot_botcomponent botid.schemaname="new_bot_f47de1d400dd44789efae4b80b274492" botcomponentid.schemaname="new_topic_4568a0ad93a141e980912175b2f2789c">
    <iscustomizable>1</iscustomizable>
  </bot_botcomponent>
  <bot_botcomponent botid.schemaname="new_bot_f47de1d400dd44789efae4b80b274492" botcomponentid.schemaname="new_topic_6a9e207cb5c0407aad75b2fd8135677f">
    <iscustomizable>1</iscustomizable>
  </bot_botcomponent>
  <bot_botcomponent botcomponentid.schemaname="new_topic_108aa4e372dd416591be2b1f47dbf1c8" botid.schemaname="new_bot_f47de1d400dd44789efae4b80b274492">
    <iscustomizable>1</iscustomizable>
  </bot_botcomponent>
  <bot_botcomponent botcomponentid.schemaname="new_topic_adb3f8a7cd61421fa848867d074faeed" botid.schemaname="new_bot_f47de1d400dd44789efae4b80b274492">
    <iscustomizable>1</iscustomizable>
  </bot_botcomponent>
  <bot_botcomponent botid.schemaname="new_bot_f47de1d400dd44789efae4b80b274492" botcomponentid.schemaname="new_topic_4d6cceacdf9147ef81074958d43edba5">
    <iscustomizable>1</iscustomizable>
  </bot_botcomponent>
  <bot_botcomponent botid.schemaname="new_bot_f47de1d400dd44789efae4b80b274492" botcomponentid.schemaname="new_topic_e563277e7268412088ac5fd90cfef791">
    <iscustomizable>1</iscustomizable>
  </bot_botcomponent>
  <bot_botcomponent botid.schemaname="new_bot_f47de1d400dd44789efae4b80b274492" botcomponentid.schemaname="new_topic_e5886ff452ea4ec2858def2c1da35098">
    <iscustomizable>1</iscustomizable>
  </bot_botcomponent>
  <bot_botcomponent botid.schemaname="new_bot_f47de1d400dd44789efae4b80b274492" botcomponentid.schemaname="new_topic_b938ed02bf114cf89dfd0249f097a6e4">
    <iscustomizable>1</iscustomizable>
  </bot_botcomponent>
  <bot_botcomponent botcomponentid.schemaname="new_topic_16b5205b4eda4657bd14a21605806253" botid.schemaname="new_bot_f47de1d400dd44789efae4b80b274492">
    <iscustomizable>1</iscustomizable>
  </bot_botcomponent>
  <bot_botcomponent botcomponentid.schemaname="new_topic_d8242de56a2c49c5ae2fdd8357cb2b38" botid.schemaname="new_bot_f47de1d400dd44789efae4b80b274492">
    <iscustomizable>1</iscustomizable>
  </bot_botcomponent>
  <bot_botcomponent botcomponentid.schemaname="new_topic_9be08dc3f49146a4b43d6dc340c8fbe5" botid.schemaname="new_bot_f47de1d400dd44789efae4b80b274492">
    <iscustomizable>1</iscustomizable>
  </bot_botcomponent>
  <bot_botcomponent botcomponentid.schemaname="new_topic_ccbca60df2c8460d84f564250b3b6629" botid.schemaname="new_bot_f47de1d400dd44789efae4b80b274492">
    <iscustomizable>1</iscustomizable>
  </bot_botcomponent>
  <bot_botcomponent botcomponentid.schemaname="new_topic_85b6929c074845b7bf24d8673fc44061" botid.schemaname="new_bot_f47de1d400dd44789efae4b80b274492">
    <iscustomizable>1</iscustomizable>
  </bot_botcomponent>
  <bot_botcomponent botid.schemaname="new_bot_f47de1d400dd44789efae4b80b274492" botcomponentid.schemaname="new_topic_20f32cae1de2426daf399c9e0ba02bfa">
    <iscustomizable>1</iscustomizable>
  </bot_botcomponent>
  <bot_botcomponent botcomponentid.schemaname="new_topic_cf503e0be095429c9f024b5bcad2dfed" botid.schemaname="new_bot_f47de1d400dd44789efae4b80b274492">
    <iscustomizable>1</iscustomizable>
  </bot_botcomponent>
  <bot_botcomponent botid.schemaname="new_bot_f47de1d400dd44789efae4b80b274492" botcomponentid.schemaname="new_topic_4537fe4f72174e3fb54c4006c14a6f63">
    <iscustomizable>1</iscustomizable>
  </bot_botcomponent>
  <bot_botcomponent botid.schemaname="new_bot_f47de1d400dd44789efae4b80b274492" botcomponentid.schemaname="new_topic_3b09dec0d2ab4913bc6b017950d4620f">
    <iscustomizable>1</iscustomizable>
  </bot_botcomponent>
  <bot_botcomponent botcomponentid.schemaname="new_topic_a678f10cd01741f8950b274795a8ac07" botid.schemaname="new_bot_f47de1d400dd44789efae4b80b274492">
    <iscustomizable>1</iscustomizable>
  </bot_botcomponent>
  <bot_botcomponent botcomponentid.schemaname="new_topic_245e3073a9664cda9e33e5e5836ed5ca" botid.schemaname="new_bot_f47de1d400dd44789efae4b80b274492">
    <iscustomizable>1</iscustomizable>
  </bot_botcomponent>
  <bot_botcomponent botid.schemaname="new_bot_f47de1d400dd44789efae4b80b274492" botcomponentid.schemaname="new_topic_fc8f167619204c37af96f3ec9a94cd46">
    <iscustomizable>1</iscustomizable>
  </bot_botcomponent>
  <bot_botcomponent botid.schemaname="new_bot_f47de1d400dd44789efae4b80b274492" botcomponentid.schemaname="new_topic_a61ae3d960634f4984c64681d3e45c5e">
    <iscustomizable>1</iscustomizable>
  </bot_botcomponent>
  <bot_botcomponent botid.schemaname="new_bot_f47de1d400dd44789efae4b80b274492" botcomponentid.schemaname="new_topic_a508b10289704df09d0446fb584ee8fb">
    <iscustomizable>1</iscustomizable>
  </bot_botcomponent>
  <bot_botcomponent botid.schemaname="new_bot_f47de1d400dd44789efae4b80b274492" botcomponentid.schemaname="new_topic_5a1d0100f9ba4f43a600104552e3165c">
    <iscustomizable>1</iscustomizable>
  </bot_botcomponent>
  <bot_botcomponent botcomponentid.schemaname="new_topic_63d37cff4778442e9d7e4743d89f95b1" botid.schemaname="new_bot_f47de1d400dd44789efae4b80b274492">
    <iscustomizable>1</iscustomizable>
  </bot_botcomponent>
  <bot_botcomponent botcomponentid.schemaname="new_topic_165f1f3671544313ad83e9e205dc7077" botid.schemaname="new_bot_f47de1d400dd44789efae4b80b274492">
    <iscustomizable>1</iscustomizable>
  </bot_botcomponent>
  <bot_botcomponent botid.schemaname="new_bot_f47de1d400dd44789efae4b80b274492" botcomponentid.schemaname="new_topic_f89119105d3f4886b84676ecf38c033e">
    <iscustomizable>1</iscustomizable>
  </bot_botcomponent>
  <bot_botcomponent botid.schemaname="new_bot_f47de1d400dd44789efae4b80b274492" botcomponentid.schemaname="new_topic_cb9372d096c14f33a0433b05bfd7955c">
    <iscustomizable>1</iscustomizable>
  </bot_botcomponent>
  <bot_botcomponent botid.schemaname="new_bot_f47de1d400dd44789efae4b80b274492" botcomponentid.schemaname="new_topic_9a07b951de5e44718cca4c03a5089b27">
    <iscustomizable>1</iscustomizable>
  </bot_botcomponent>
  <bot_botcomponent botcomponentid.schemaname="new_topic_1b143c683285491eb2f44c2029e45b07" botid.schemaname="new_bot_f47de1d400dd44789efae4b80b274492">
    <iscustomizable>1</iscustomizable>
  </bot_botcomponent>
  <bot_botcomponent botcomponentid.schemaname="new_topic_a8fd8e72e9b342688c930c71ff5eca59" botid.schemaname="new_bot_f47de1d400dd44789efae4b80b274492">
    <iscustomizable>1</iscustomizable>
  </bot_botcomponent>
  <bot_botcomponent botid.schemaname="new_bot_f47de1d400dd44789efae4b80b274492" botcomponentid.schemaname="new_topic_8ab37a0585e647b189d248fc427169aa">
    <iscustomizable>1</iscustomizable>
  </bot_botcomponent>
  <bot_botcomponent botid.schemaname="new_bot_f47de1d400dd44789efae4b80b274492" botcomponentid.schemaname="new_topic_704d85ec38cd48bd93799e466d12ec42">
    <iscustomizable>1</iscustomizable>
  </bot_botcomponent>
  <bot_botcomponent botcomponentid.schemaname="new_topic_07f75ac285b94bf0a692aaecfd75c745" botid.schemaname="new_bot_f47de1d400dd44789efae4b80b274492">
    <iscustomizable>1</iscustomizable>
  </bot_botcomponent>
  <bot_botcomponent botid.schemaname="new_bot_f47de1d400dd44789efae4b80b274492" botcomponentid.schemaname="new_topic_7d7eeb9f4fe148ce96e566ce011b66dc">
    <iscustomizable>1</iscustomizable>
  </bot_botcomponent>
  <bot_botcomponent botid.schemaname="new_bot_f47de1d400dd44789efae4b80b274492" botcomponentid.schemaname="new_topic_18597fc509b74676a3d1cc637f3fcdb4">
    <iscustomizable>1</iscustomizable>
  </bot_botcomponent>
</bot_botcomponentset>