{
  "intents": [
    {
      "triggerQueries": [
        "O que são aplicações no Teams e porque devo utilizá-las?"
      ],
      "dialogId": "new_topic_704d85ec38cd48bd93799e466d12ec42",
      "isTriggeringEnabled": false,
      "id": "new_topic_704d85ec38cd48bd93799e466d12ec42",
      "displayName": "O que são aplicações no Teams e porque devo utilizá-las?",
      "description": "https://myfirstbot5159226067.blob.core.windows.net/adoptbotpt/adoptbot2021-Portuguese (3).docx",
      "createdTime": "2021-04-07T18:37:12.8785774Z",
      "updatedTime": "2021-04-07T18:37:12.8785774Z",
      "createdUserId": "704dbbff-ed42-4ede-b8c8-2ac7c33773ac"
    }
  ],
  "dialogs": [
    {
      "rootNodeId": "d662142d-d2a5-45ff-82ad-4dedd919ea34",
      "messageNodes": [
        {
          "botMessageId": "8a5a68b0-2656-45b1-8632-3bf8d601492a",
          "nodeType": "BotMessageNode",
          "id": "d662142d-d2a5-45ff-82ad-4dedd919ea34",
          "defaultTargetNodeId": "e20710d0-40c4-4d81-936b-b5bcc7172343"
        }
      ],
      "dialogChangeNodes": [
        {
          "targetDialogId": "new_topic_f47de1d400dd44789efae4b80b274492_aeabea4d071f415c8c107e1cb7af5424_assumedsuccess",
          "nodeType": "DialogChangeNode",
          "id": "e20710d0-40c4-4d81-936b-b5bcc7172343"
        }
      ],
      "id": "new_topic_704d85ec38cd48bd93799e466d12ec42",
      "displayName": "Dialog for O que são aplicações no Teams e porque devo utilizá-las?",
      "createdTime": "2021-04-07T18:37:12.8785774Z",
      "updatedTime": "2021-04-07T18:37:12.8785774Z",
      "createdUserId": "704dbbff-ed42-4ede-b8c8-2ac7c33773ac",
      "updatedUserId": "704dbbff-ed42-4ede-b8c8-2ac7c33773ac"
    }
  ],
  "botMessages": [
    {
      "channelContent": {
        "web": {
          "contentFormat": "Markdown",
          "content": "As aplicações ajudam-no a encontrar conteúdo dos seus serviços favoritos e a partilhá-lo no Teams. Eis como:\r\n\r\nConversar com um bot\r\n\r\nOs bots fornecem respostas, atualizações e assistência num canal. Você pode conversar com eles para obter ajuda com a gestão de tarefas, agendamento, e muito mais.\r\n\r\nPartilhar conteúdo num separador\r\n\r\nOs separadores ajudam-no a partilhar conteúdo e funcionalidade a partir de um serviço num canal. Conecte-se a serviços como Excel, SharePoint, Zendesk ou um site à sua escolha.\r\n\r\nObtenha atualizações de um conector\r\n\r\nOs conectores enviam atualizações e informações diretamente para um canal. Obtenha atualizações automáticas de serviços como Twitter, feeds RSS e GitHub.\r\n\r\nAdicione conteúdo rico às suas mensagens\r\n\r\nEstas aplicações encontram conteúdo de diferentes serviços e enviam-no diretamente para uma mensagem. Pode partilhar coisas como relatórios meteorológicos, notícias diárias, imagens e vídeos com qualquer um com quem esteja a falar.\r\n\r\nObter ou fazer uma aplicação\r\n\r\nVá à Loja para [adicionar um bot, separador, conector ou app de mensagens](https://support.microsoft.com/en-us/office/add-an-app-to-microsoft-teams-b2217706-f7ed-4e64-8e96-c413afd02f77)às Equipas. Se estiver interessado, pode até[construir a sua própria aplicação](https://aka.ms/microsoftteamsplatform) personalizada."
        }
      },
      "id": "8a5a68b0-2656-45b1-8632-3bf8d601492a",
      "createdTime": "2021-04-07T18:37:12.8785774Z",
      "updatedTime": "2021-04-07T18:37:12.8785774Z",
      "createdUserId": "704dbbff-ed42-4ede-b8c8-2ac7c33773ac",
      "updatedUserId": "704dbbff-ed42-4ede-b8c8-2ac7c33773ac"
    }
  ],
  "createdUtc": "0001-01-01T00:00:00Z"
}