{
  "intents": [
    {
      "triggerQueries": [
        "Como altero o nome de uma equipa?"
      ],
      "dialogId": "new_topic_68a701b795c54c0ca2e71f60cbb59972",
      "isTriggeringEnabled": false,
      "id": "new_topic_68a701b795c54c0ca2e71f60cbb59972",
      "displayName": "Como altero o nome de uma equipa?",
      "description": "https://myfirstbot5159226067.blob.core.windows.net/adoptbotpt/adoptbot2021-Portuguese (3).docx",
      "createdTime": "2021-04-07T18:37:12.8785774Z",
      "updatedTime": "2021-04-07T18:37:12.8785774Z",
      "createdUserId": "704dbbff-ed42-4ede-b8c8-2ac7c33773ac"
    }
  ],
  "dialogs": [
    {
      "rootNodeId": "7d142794-087b-4dfd-b18b-dc23b1e2d3bd",
      "messageNodes": [
        {
          "botMessageId": "46c6922e-cd4b-4321-add4-9d87725dd606",
          "nodeType": "BotMessageNode",
          "id": "7d142794-087b-4dfd-b18b-dc23b1e2d3bd",
          "defaultTargetNodeId": "ca1667ed-30d1-4b6a-83a0-e8fda89eba27"
        }
      ],
      "dialogChangeNodes": [
        {
          "targetDialogId": "new_topic_f47de1d400dd44789efae4b80b274492_aeabea4d071f415c8c107e1cb7af5424_assumedsuccess",
          "nodeType": "DialogChangeNode",
          "id": "ca1667ed-30d1-4b6a-83a0-e8fda89eba27"
        }
      ],
      "id": "new_topic_68a701b795c54c0ca2e71f60cbb59972",
      "displayName": "Dialog for Como altero o nome de uma equipa?",
      "createdTime": "2021-04-07T18:37:12.8785774Z",
      "updatedTime": "2021-04-07T18:37:12.8785774Z",
      "createdUserId": "704dbbff-ed42-4ede-b8c8-2ac7c33773ac",
      "updatedUserId": "704dbbff-ed42-4ede-b8c8-2ac7c33773ac"
    }
  ],
  "botMessages": [
    {
      "channelContent": {
        "web": {
          "contentFormat": "Markdown",
          "content": "Vá ao nome da equipa e clique em Maisopções  &gt;  Editar a equipa. Terá a capacidade de definir o nome da equipa, descrição e definições de privacidade, se necessário."
        }
      },
      "id": "46c6922e-cd4b-4321-add4-9d87725dd606",
      "createdTime": "2021-04-07T18:37:12.8785774Z",
      "updatedTime": "2021-04-07T18:37:12.8785774Z",
      "createdUserId": "704dbbff-ed42-4ede-b8c8-2ac7c33773ac",
      "updatedUserId": "704dbbff-ed42-4ede-b8c8-2ac7c33773ac"
    }
  ],
  "createdUtc": "0001-01-01T00:00:00Z"
}