{
  "intents": [
    {
      "triggerQueries": [
        "O que é Leitor Imersivo?"
      ],
      "dialogId": "new_topic_e5886ff452ea4ec2858def2c1da35098",
      "isTriggeringEnabled": false,
      "id": "new_topic_e5886ff452ea4ec2858def2c1da35098",
      "displayName": "O que é Leitor Imersivo?",
      "description": "https://myfirstbot5159226067.blob.core.windows.net/adoptbotpt/adoptbot2021-Portuguese (3).docx",
      "createdTime": "2021-04-07T18:37:12.8806065Z",
      "updatedTime": "2021-04-07T18:37:12.8806065Z",
      "createdUserId": "704dbbff-ed42-4ede-b8c8-2ac7c33773ac"
    }
  ],
  "dialogs": [
    {
      "rootNodeId": "cdfc41b0-fb4a-493e-9fd5-6f3de2d16113",
      "messageNodes": [
        {
          "botMessageId": "206c1cb9-ab74-4080-85d1-a71c9b5d4219",
          "nodeType": "BotMessageNode",
          "id": "cdfc41b0-fb4a-493e-9fd5-6f3de2d16113",
          "defaultTargetNodeId": "82c8e10d-28e6-4547-b3d4-b1b2bf9482d5"
        }
      ],
      "dialogChangeNodes": [
        {
          "targetDialogId": "new_topic_f47de1d400dd44789efae4b80b274492_aeabea4d071f415c8c107e1cb7af5424_assumedsuccess",
          "nodeType": "DialogChangeNode",
          "id": "82c8e10d-28e6-4547-b3d4-b1b2bf9482d5"
        }
      ],
      "id": "new_topic_e5886ff452ea4ec2858def2c1da35098",
      "displayName": "Dialog for O que é Leitor Imersivo?",
      "createdTime": "2021-04-07T18:37:12.8806065Z",
      "updatedTime": "2021-04-07T18:37:12.8806065Z",
      "createdUserId": "704dbbff-ed42-4ede-b8c8-2ac7c33773ac",
      "updatedUserId": "704dbbff-ed42-4ede-b8c8-2ac7c33773ac"
    }
  ],
  "botMessages": [
    {
      "channelContent": {
        "web": {
          "contentFormat": "Markdown",
          "content": "[Clique aqui para](https://support.microsoft.com/en-us/office/anv%C3%A4nda-avancerad-l%C3%A4sare-i-microsoft-teams-a700c0d0-bc53-4696-a94d-4fbc86ac7a9a) [um](https://support.microsoft.com/en-us/office/anv%C3%A4nda-avancerad-l%C3%A4sare-i-microsoft-teams-a700c0d0-bc53-4696-a94d-4fbc86ac7a9a)[guia do Leitor Imersivo no Teams](https://support.microsoft.com/en-us/office/anv%C3%A4nda-avancerad-l%C3%A4sare-i-microsoft-teams-a700c0d0-bc53-4696-a94d-4fbc86ac7a9a)\r\n\r\nSe desejar que o texto seja lido em voz alta ou fale uma língua diferente, pode  fazer texto no fato da  equipa de que necessita.  Cor, forma e tamanho podem ser adaptados às suas preferências, o que, por exemplo, facilita para pessoas com  dislexia e dificuldades de aprendizagem.\r\n\r\nO dicionário de imagens, o foco de linha e as suporte de palavras também estão disponíveis para suporte visual.\r\n\r\nEm qualquer mensagem no Teams, clique em Mais opções \"...\" e selecione Immersive Reader.\r\n\r\nTente esta mensagem, por exemplo. As configurações são únicas para si."
        }
      },
      "id": "206c1cb9-ab74-4080-85d1-a71c9b5d4219",
      "createdTime": "2021-04-07T18:37:12.8806065Z",
      "updatedTime": "2021-04-07T18:37:12.8806065Z",
      "createdUserId": "704dbbff-ed42-4ede-b8c8-2ac7c33773ac",
      "updatedUserId": "704dbbff-ed42-4ede-b8c8-2ac7c33773ac"
    }
  ],
  "createdUtc": "0001-01-01T00:00:00Z"
}