{
  "intents": [
    {
      "triggerQueries": [
        "O que é OneDrive?"
      ],
      "dialogId": "new_topic_604d3fae22664bc38a210679e740a8b4",
      "isTriggeringEnabled": false,
      "id": "new_topic_604d3fae22664bc38a210679e740a8b4",
      "displayName": "O que é OneDrive?",
      "description": "https://myfirstbot5159226067.blob.core.windows.net/adoptbotpt/adoptbot2021-Portuguese (3).docx",
      "createdTime": "2021-04-07T18:37:12.8785774Z",
      "updatedTime": "2021-04-07T18:37:12.8785774Z",
      "createdUserId": "704dbbff-ed42-4ede-b8c8-2ac7c33773ac"
    }
  ],
  "dialogs": [
    {
      "rootNodeId": "40425075-ef0f-411e-ae9e-5c741cb22dbd",
      "messageNodes": [
        {
          "botMessageId": "cf7f3ac9-5092-4afa-95fb-8af6b19e7f4d",
          "nodeType": "BotMessageNode",
          "id": "40425075-ef0f-411e-ae9e-5c741cb22dbd",
          "defaultTargetNodeId": "faeef739-c98a-498c-9721-6ededdb6a4f4"
        }
      ],
      "dialogChangeNodes": [
        {
          "targetDialogId": "new_topic_f47de1d400dd44789efae4b80b274492_aeabea4d071f415c8c107e1cb7af5424_assumedsuccess",
          "nodeType": "DialogChangeNode",
          "id": "faeef739-c98a-498c-9721-6ededdb6a4f4"
        }
      ],
      "id": "new_topic_604d3fae22664bc38a210679e740a8b4",
      "displayName": "Dialog for O que é OneDrive?",
      "createdTime": "2021-04-07T18:37:12.8785774Z",
      "updatedTime": "2021-04-07T18:37:12.8785774Z",
      "createdUserId": "704dbbff-ed42-4ede-b8c8-2ac7c33773ac",
      "updatedUserId": "704dbbff-ed42-4ede-b8c8-2ac7c33773ac"
    }
  ],
  "botMessages": [
    {
      "channelContent": {
        "web": {
          "contentFormat": "Markdown",
          "content": "O OneDrive é um serviço de armazenamento online que pode utilizar para armazenar documentos, notas, fotos, música, vídeos ou outros tipos de ficheiros. Com o OneDrive pode aceder aos seus ficheiros a partir de qualquer dispositivo, podendo partilhá-los com outras pessoas."
        }
      },
      "id": "cf7f3ac9-5092-4afa-95fb-8af6b19e7f4d",
      "createdTime": "2021-04-07T18:37:12.8785774Z",
      "updatedTime": "2021-04-07T18:37:12.8785774Z",
      "createdUserId": "704dbbff-ed42-4ede-b8c8-2ac7c33773ac",
      "updatedUserId": "704dbbff-ed42-4ede-b8c8-2ac7c33773ac"
    }
  ],
  "createdUtc": "0001-01-01T00:00:00Z"
}