{
  "intents": [
    {
      "triggerQueries": [
        "Quais são os benefícios videochamadas no dispositivo móvel?"
      ],
      "dialogId": "new_topic_6d751aba277d44d5b6fb58e5d8843cde",
      "isTriggeringEnabled": false,
      "id": "new_topic_6d751aba277d44d5b6fb58e5d8843cde",
      "displayName": "Quais são os benefícios videochamadas no dispositivo móvel?",
      "description": "https://myfirstbot5159226067.blob.core.windows.net/adoptbotpt/adoptbot2021-Portuguese (3).docx",
      "createdTime": "2021-04-07T18:37:12.8785774Z",
      "updatedTime": "2021-04-07T18:37:12.8785774Z",
      "createdUserId": "704dbbff-ed42-4ede-b8c8-2ac7c33773ac"
    }
  ],
  "dialogs": [
    {
      "rootNodeId": "e5f93ddd-26b1-4458-ac87-835828426b27",
      "messageNodes": [
        {
          "botMessageId": "8582daa5-5799-43eb-abfa-cd344fd4470b",
          "nodeType": "BotMessageNode",
          "id": "e5f93ddd-26b1-4458-ac87-835828426b27",
          "defaultTargetNodeId": "4a911fe0-fb5a-444b-ba16-cafdda44e1f2"
        }
      ],
      "dialogChangeNodes": [
        {
          "targetDialogId": "new_topic_f47de1d400dd44789efae4b80b274492_aeabea4d071f415c8c107e1cb7af5424_assumedsuccess",
          "nodeType": "DialogChangeNode",
          "id": "4a911fe0-fb5a-444b-ba16-cafdda44e1f2"
        }
      ],
      "id": "new_topic_6d751aba277d44d5b6fb58e5d8843cde",
      "displayName": "Dialog for Quais são os benefícios videochamadas no dispositivo móvel?",
      "createdTime": "2021-04-07T18:37:12.8785774Z",
      "updatedTime": "2021-04-07T18:37:12.8785774Z",
      "createdUserId": "704dbbff-ed42-4ede-b8c8-2ac7c33773ac",
      "updatedUserId": "704dbbff-ed42-4ede-b8c8-2ac7c33773ac"
    }
  ],
  "botMessages": [
    {
      "channelContent": {
        "web": {
          "contentFormat": "Markdown",
          "content": "Aceder a uma reunião a partir do dispositivo móvel é muito útil quando as pessoas estão na estrada, por exemplo, e não podem assistir através do portátil.\r\n\r\nMas há outros cenários em que usar um telefone para assistir a uma reunião do Microsoft Teams pode ser uma opção melhor do que usar uma aplicação num computador: a conectividade da Internet é limitada, uma  reunião é apenas áudio,  nãoé melhor chamar qualidade se marcar, e p eople pode juntar-se a uma reunião de mãos livres usando dispositivos Bluetooth.\r\n\r\nAlguns peoplepodem achar que é mais fácil e conveniente para a sua situação."
        }
      },
      "id": "8582daa5-5799-43eb-abfa-cd344fd4470b",
      "createdTime": "2021-04-07T18:37:12.8785774Z",
      "updatedTime": "2021-04-07T18:37:12.8785774Z",
      "createdUserId": "704dbbff-ed42-4ede-b8c8-2ac7c33773ac",
      "updatedUserId": "704dbbff-ed42-4ede-b8c8-2ac7c33773ac"
    }
  ],
  "createdUtc": "0001-01-01T00:00:00Z"
}