{
  "intents": [
    {
      "triggerQueries": [
        "Quem pode criar eventos ao vivo?"
      ],
      "dialogId": "new_topic_e819b1d8df8948fdb2140ba649781446",
      "isTriggeringEnabled": false,
      "id": "new_topic_e819b1d8df8948fdb2140ba649781446",
      "displayName": "Quem pode criar eventos ao vivo?",
      "description": "https://myfirstbot5159226067.blob.core.windows.net/adoptbotpt/adoptbot2021-Portuguese (3).docx",
      "createdTime": "2021-04-07T18:37:12.8806065Z",
      "updatedTime": "2021-04-07T18:37:12.8806065Z",
      "createdUserId": "704dbbff-ed42-4ede-b8c8-2ac7c33773ac"
    }
  ],
  "dialogs": [
    {
      "rootNodeId": "02f1e6ca-49c1-473f-8dd8-3f0437e21604",
      "messageNodes": [
        {
          "botMessageId": "4184e344-932d-4caf-943c-f32aa8eadb45",
          "nodeType": "BotMessageNode",
          "id": "02f1e6ca-49c1-473f-8dd8-3f0437e21604",
          "defaultTargetNodeId": "174c73f2-28d0-40cc-8ae3-f97bfc7ea7cd"
        }
      ],
      "dialogChangeNodes": [
        {
          "targetDialogId": "new_topic_f47de1d400dd44789efae4b80b274492_aeabea4d071f415c8c107e1cb7af5424_assumedsuccess",
          "nodeType": "DialogChangeNode",
          "id": "174c73f2-28d0-40cc-8ae3-f97bfc7ea7cd"
        }
      ],
      "id": "new_topic_e819b1d8df8948fdb2140ba649781446",
      "displayName": "Dialog for Quem pode criar eventos ao vivo?",
      "createdTime": "2021-04-07T18:37:12.8806065Z",
      "updatedTime": "2021-04-07T18:37:12.8806065Z",
      "createdUserId": "704dbbff-ed42-4ede-b8c8-2ac7c33773ac",
      "updatedUserId": "704dbbff-ed42-4ede-b8c8-2ac7c33773ac"
    }
  ],
  "botMessages": [
    {
      "channelContent": {
        "web": {
          "contentFormat": "Markdown",
          "content": "Para criar um evento ao\r\n\r\nvivo, uma pessoa precisa de ter o seguinte: Uma licença Microsoft/Office 365 Enterprise E3/A3,ou E5/A5.\r\n\r\n(O seu administrador de TI pode fornecer mais informações)\r\n\r\nEm seguida, é necessário o seguinte:\r\n\r\n- Permissão para criar eventos ao vivo nas Equipas da Microsoft  no Centro de Administração.\r\n\r\n- Permissão para criar eventos ao vivo no Microsoft Stream (para eventos produzidos com uma aplicação ou equipamento de transmissão externa).\r\n\r\n- Membro completo da equipa na organização (não pode ser hóspede ou de outra org).\r\n\r\n- Agendamento de r euniões privadas, partilha de ecrãs e partilha de vídeos IP, ligado na política de reuniões de equipas.\r\n\r\nMais detalhespodem ser encontrados aqui:[Começar com eventos ao vivo da Microsoft Teams](https://support.microsoft.com/en-us/office/get-started-with-microsoft-teams-live-events-d077fec2-a058-483e-9ab5-1494afda578a)"
        }
      },
      "id": "4184e344-932d-4caf-943c-f32aa8eadb45",
      "createdTime": "2021-04-07T18:37:12.8806065Z",
      "updatedTime": "2021-04-07T18:37:12.8806065Z",
      "createdUserId": "704dbbff-ed42-4ede-b8c8-2ac7c33773ac",
      "updatedUserId": "704dbbff-ed42-4ede-b8c8-2ac7c33773ac"
    }
  ],
  "createdUtc": "0001-01-01T00:00:00Z"
}