{
  "intents": [
    {
      "triggerQueries": [
        "Como edito um ficheiro no Teams?"
      ],
      "dialogId": "new_topic_e6e9601b4f1442fbbc0dd3ff1859895c",
      "isTriggeringEnabled": false,
      "id": "new_topic_e6e9601b4f1442fbbc0dd3ff1859895c",
      "displayName": "Como edito um ficheiro no Teams?",
      "description": "https://myfirstbot5159226067.blob.core.windows.net/adoptbotpt/adoptbot2021-Portuguese (3).docx",
      "createdTime": "2021-04-07T18:37:12.8785774Z",
      "updatedTime": "2021-04-07T18:37:12.8785774Z",
      "createdUserId": "704dbbff-ed42-4ede-b8c8-2ac7c33773ac"
    }
  ],
  "dialogs": [
    {
      "rootNodeId": "944c8e9a-db20-4973-9cef-e061e601e15e",
      "messageNodes": [
        {
          "botMessageId": "f7abee1a-8fdf-424f-882b-29bb3d90bba9",
          "nodeType": "BotMessageNode",
          "id": "944c8e9a-db20-4973-9cef-e061e601e15e",
          "defaultTargetNodeId": "84483d4b-0cf5-4246-b43a-39a872970083"
        }
      ],
      "dialogChangeNodes": [
        {
          "targetDialogId": "new_topic_f47de1d400dd44789efae4b80b274492_aeabea4d071f415c8c107e1cb7af5424_assumedsuccess",
          "nodeType": "DialogChangeNode",
          "id": "84483d4b-0cf5-4246-b43a-39a872970083"
        }
      ],
      "id": "new_topic_e6e9601b4f1442fbbc0dd3ff1859895c",
      "displayName": "Dialog for Como edito um ficheiro no Teams?",
      "createdTime": "2021-04-07T18:37:12.8785774Z",
      "updatedTime": "2021-04-07T18:37:12.8785774Z",
      "createdUserId": "704dbbff-ed42-4ede-b8c8-2ac7c33773ac",
      "updatedUserId": "704dbbff-ed42-4ede-b8c8-2ac7c33773ac"
    }
  ],
  "botMessages": [
    {
      "channelContent": {
        "web": {
          "contentFormat": "Markdown",
          "content": "Se tiver documentos do Office nos Ficheiros de um canal geral, numa equipa, pode clicar nos “...” para expandir um menu de opções para esse ficheiro.\r\n\r\nQuando selecionar Editar, em equipas, terá a capacidade de perceber alterações no seu documento e guardá-lo."
        }
      },
      "id": "f7abee1a-8fdf-424f-882b-29bb3d90bba9",
      "createdTime": "2021-04-07T18:37:12.8785774Z",
      "updatedTime": "2021-04-07T18:37:12.8785774Z",
      "createdUserId": "704dbbff-ed42-4ede-b8c8-2ac7c33773ac",
      "updatedUserId": "704dbbff-ed42-4ede-b8c8-2ac7c33773ac"
    }
  ],
  "createdUtc": "0001-01-01T00:00:00Z"
}