{
  "intents": [
    {
      "triggerQueries": [
        "Como é que ligo o modo Together?"
      ],
      "dialogId": "new_topic_d927e1daea6f4a00a1010e1b32012925",
      "isTriggeringEnabled": true,
      "canTriggeringBeDisabled": true,
      "id": "new_topic_d927e1daea6f4a00a1010e1b32012925",
      "displayName": "Como é que ligo o modo Together?",
      "description": "https://adoptbotv2kb.blob.core.windows.net/%24web/adoptbot2021-Portuguese (Portugal).docx",
      "createdTime": "2021-03-24T18:09:18.0653521Z",
      "updatedTime": "2021-03-25T09:13:08.700946Z",
      "createdUserId": "478b1ca5-fac4-4940-bda1-873c551431ee",
      "updatedUserId": "478b1ca5-fac4-4940-bda1-873c551431ee",
      "versionNumber": 0,
      "componentId": "00000000-0000-0000-0000-000000000000"
    }
  ],
  "dialogs": [
    {
      "rootNodeId": "68d7dad2-d7cf-4139-9775-0242ff810ea0",
      "messageNodes": [
        {
          "botMessageId": "3a273e92-a13a-40a0-b57f-96ea597624e1",
          "nodeType": "BotMessageNode",
          "id": "68d7dad2-d7cf-4139-9775-0242ff810ea0",
          "defaultTargetNodeId": "7e641a33-f0a8-43a4-8c9d-90159109b964"
        }
      ],
      "dialogChangeNodes": [
        {
          "targetDialogId": "new_topic_ff75c3680c434d8cba423897663a537e_aeabea4d071f415c8c107e1cb7af5424_assumedsuccess",
          "nodeType": "DialogChangeNode",
          "id": "7e641a33-f0a8-43a4-8c9d-90159109b964"
        }
      ],
      "id": "new_topic_d927e1daea6f4a00a1010e1b32012925",
      "displayName": "Dialog for Como é que ligo o modo Together?",
      "createdTime": "2021-03-24T18:09:18.0653521Z",
      "updatedTime": "2021-03-24T18:09:18.0653521Z",
      "createdUserId": "478b1ca5-fac4-4940-bda1-873c551431ee",
      "updatedUserId": "478b1ca5-fac4-4940-bda1-873c551431ee",
      "versionNumber": 0,
      "componentId": "00000000-0000-0000-0000-000000000000"
    }
  ],
  "botMessages": [
    {
      "channelContent": {
        "web": {
          "contentFormat": "Markdown",
          "content": "O modo juntos aumenta a sensação de estarmos juntos e, de acordo com estudos, reduz a carga cognitiva sobre nós nas reuniões digitais. Éprovável que esteja menos cansado do que com as opiniões regulares  nas reuniões digitais!\r\n\r\nVá às opções de reunião durante a reunião \"...\" e clique em Together mode para ativar esta vista para si (apenas  afeta a forma como vê a reunião). Para ser visível no modo Juntos, tem de ter  a câmara  ligada. Atualmente, até 50 pessoas diferentes podem ser vistas no modo Juntos ao mesmo tempo, dependendo da escolha da cena.\r\n\r\n[Saiba mais sobre as suas](https://support.microsoft.com/en-us/office/anv%c3%a4nda-video-i-microsoft-teams-3647fc29-7b92-4c26-8c2d-8a596904cdae?ui=sv-SE&rs=sv-SE&ad=SE) opções de vídeo em Equipas."
        }
      },
      "id": "3a273e92-a13a-40a0-b57f-96ea597624e1",
      "createdTime": "2021-03-24T18:09:18.0653521Z",
      "updatedTime": "2021-03-24T18:09:18.0653521Z",
      "createdUserId": "478b1ca5-fac4-4940-bda1-873c551431ee",
      "updatedUserId": "478b1ca5-fac4-4940-bda1-873c551431ee",
      "versionNumber": 0,
      "componentId": "00000000-0000-0000-0000-000000000000"
    }
  ],
  "createdUtc": "0001-01-01T00:00:00Z"
}