{
  "intents": [
    {
      "triggerQueries": [
        "Quantos participantes de telefone posso ter nas reuniões?"
      ],
      "dialogId": "new_topic_8ff76cb8e79d468da92c21e23acf5d54",
      "isTriggeringEnabled": true,
      "canTriggeringBeDisabled": true,
      "id": "new_topic_8ff76cb8e79d468da92c21e23acf5d54",
      "displayName": "Quantos participantes de telefone posso ter nas reuniões?",
      "description": "https://adoptbotv2kb.blob.core.windows.net/%24web/adoptbot2021-Portuguese (Portugal).docx",
      "createdTime": "2021-03-24T18:09:18.0583447Z",
      "updatedTime": "2021-03-25T09:13:33.4606468Z",
      "createdUserId": "478b1ca5-fac4-4940-bda1-873c551431ee",
      "updatedUserId": "478b1ca5-fac4-4940-bda1-873c551431ee",
      "versionNumber": 0,
      "componentId": "00000000-0000-0000-0000-000000000000"
    }
  ],
  "dialogs": [
    {
      "rootNodeId": "7c137047-6cab-4bd8-97c3-59eca1bc25de",
      "messageNodes": [
        {
          "botMessageId": "968781af-63c9-4d80-b7f3-a1d2368af27b",
          "nodeType": "BotMessageNode",
          "id": "7c137047-6cab-4bd8-97c3-59eca1bc25de",
          "defaultTargetNodeId": "68a75811-2d40-41a2-b60b-dbb5147a77f6"
        }
      ],
      "dialogChangeNodes": [
        {
          "targetDialogId": "new_topic_ff75c3680c434d8cba423897663a537e_aeabea4d071f415c8c107e1cb7af5424_assumedsuccess",
          "nodeType": "DialogChangeNode",
          "id": "68a75811-2d40-41a2-b60b-dbb5147a77f6"
        }
      ],
      "id": "new_topic_8ff76cb8e79d468da92c21e23acf5d54",
      "displayName": "Dialog for Quantos participantes de telefone posso ter nas reuniões?",
      "createdTime": "2021-03-24T18:09:18.0583447Z",
      "updatedTime": "2021-03-24T18:09:18.0583447Z",
      "createdUserId": "478b1ca5-fac4-4940-bda1-873c551431ee",
      "updatedUserId": "478b1ca5-fac4-4940-bda1-873c551431ee",
      "versionNumber": 0,
      "componentId": "00000000-0000-0000-0000-000000000000"
    }
  ],
  "botMessages": [
    {
      "channelContent": {
        "web": {
          "contentFormat": "Markdown",
          "content": "[O número de pessoas que](https://docs.microsoft.com/en-us/microsoftteams/limits-specifications-teams) [podem](https://docs.microsoft.com/en-us/microsoftteams/limits-specifications-teams)[participar por telefone numa reunião](https://docs.microsoft.com/en-us/microsoftteams/limits-specifications-teams)é  atualmente 300  (early 2021) .  Clique no  link para obter informações mais recentes à medida que o limite  é aumentado."
        }
      },
      "id": "968781af-63c9-4d80-b7f3-a1d2368af27b",
      "createdTime": "2021-03-24T18:09:18.0583447Z",
      "updatedTime": "2021-03-24T18:09:18.0583447Z",
      "createdUserId": "478b1ca5-fac4-4940-bda1-873c551431ee",
      "updatedUserId": "478b1ca5-fac4-4940-bda1-873c551431ee",
      "versionNumber": 0,
      "componentId": "00000000-0000-0000-0000-000000000000"
    }
  ],
  "createdUtc": "0001-01-01T00:00:00Z"
}