{
  "intents": [
    {
      "triggerQueries": [
        "O que é um membro da equipa?"
      ],
      "dialogId": "new_topic_2be01f1886ac4fdfb8ee05cbff422818",
      "isTriggeringEnabled": true,
      "canTriggeringBeDisabled": true,
      "id": "new_topic_2be01f1886ac4fdfb8ee05cbff422818",
      "displayName": "O que é um membro da equipa?",
      "description": "https://adoptbotv2kb.blob.core.windows.net/%24web/adoptbot2021-Portuguese (Portugal).docx",
      "createdTime": "2021-03-24T18:09:18.0573466Z",
      "updatedTime": "2021-03-25T09:13:59.1926279Z",
      "createdUserId": "478b1ca5-fac4-4940-bda1-873c551431ee",
      "updatedUserId": "478b1ca5-fac4-4940-bda1-873c551431ee",
      "versionNumber": 0,
      "componentId": "00000000-0000-0000-0000-000000000000"
    }
  ],
  "dialogs": [
    {
      "rootNodeId": "a0f47dd6-c487-42d2-b056-c7157d047abb",
      "messageNodes": [
        {
          "botMessageId": "4eadef10-1b70-4900-a65c-e72a308cc613",
          "nodeType": "BotMessageNode",
          "id": "a0f47dd6-c487-42d2-b056-c7157d047abb",
          "defaultTargetNodeId": "dc390bef-2537-429a-9c2f-1d37e2c805bf"
        }
      ],
      "dialogChangeNodes": [
        {
          "targetDialogId": "new_topic_ff75c3680c434d8cba423897663a537e_aeabea4d071f415c8c107e1cb7af5424_assumedsuccess",
          "nodeType": "DialogChangeNode",
          "id": "dc390bef-2537-429a-9c2f-1d37e2c805bf"
        }
      ],
      "id": "new_topic_2be01f1886ac4fdfb8ee05cbff422818",
      "displayName": "Dialog for O que é um membro da equipa?",
      "createdTime": "2021-03-24T18:09:18.0573466Z",
      "updatedTime": "2021-03-24T18:09:18.0573466Z",
      "createdUserId": "478b1ca5-fac4-4940-bda1-873c551431ee",
      "updatedUserId": "478b1ca5-fac4-4940-bda1-873c551431ee",
      "versionNumber": 0,
      "componentId": "00000000-0000-0000-0000-000000000000"
    }
  ],
  "botMessages": [
    {
      "channelContent": {
        "web": {
          "contentFormat": "Markdown",
          "content": "Pessoas que os donos da equipa convidam a juntar-se à sua equipa."
        }
      },
      "id": "4eadef10-1b70-4900-a65c-e72a308cc613",
      "createdTime": "2021-03-24T18:09:18.0573466Z",
      "updatedTime": "2021-03-24T18:09:18.0573466Z",
      "createdUserId": "478b1ca5-fac4-4940-bda1-873c551431ee",
      "updatedUserId": "478b1ca5-fac4-4940-bda1-873c551431ee",
      "versionNumber": 0,
      "componentId": "00000000-0000-0000-0000-000000000000"
    }
  ],
  "createdUtc": "0001-01-01T00:00:00Z"
}