{
  "intents": [
    {
      "triggerQueries": [
        "Como posso @mention toda a equipa?"
      ],
      "dialogId": "new_topic_3a7d2424ddbd4423be3b3af828f35602",
      "isTriggeringEnabled": false,
      "id": "new_topic_3a7d2424ddbd4423be3b3af828f35602",
      "displayName": "Como posso @mention toda a equipa?",
      "description": "https://myfirstbot5159226067.blob.core.windows.net/adoptbotpt/adoptbot2021-Portuguese (3).docx",
      "createdTime": "2021-04-07T18:37:12.8795986Z",
      "updatedTime": "2021-04-07T18:37:12.8795986Z",
      "createdUserId": "704dbbff-ed42-4ede-b8c8-2ac7c33773ac"
    }
  ],
  "dialogs": [
    {
      "rootNodeId": "95ec7e4e-6a1b-466b-8089-6f8592486713",
      "messageNodes": [
        {
          "botMessageId": "53aba4ca-a88e-4856-8342-438e6a292544",
          "nodeType": "BotMessageNode",
          "id": "95ec7e4e-6a1b-466b-8089-6f8592486713",
          "defaultTargetNodeId": "60f7d60e-25f3-4e16-9eda-f55bab727f68"
        }
      ],
      "dialogChangeNodes": [
        {
          "targetDialogId": "new_topic_f47de1d400dd44789efae4b80b274492_aeabea4d071f415c8c107e1cb7af5424_assumedsuccess",
          "nodeType": "DialogChangeNode",
          "id": "60f7d60e-25f3-4e16-9eda-f55bab727f68"
        }
      ],
      "id": "new_topic_3a7d2424ddbd4423be3b3af828f35602",
      "displayName": "Dialog for Como posso @mention toda a equipa?",
      "createdTime": "2021-04-07T18:37:12.8795986Z",
      "updatedTime": "2021-04-07T18:37:12.8795986Z",
      "createdUserId": "704dbbff-ed42-4ede-b8c8-2ac7c33773ac",
      "updatedUserId": "704dbbff-ed42-4ede-b8c8-2ac7c33773ac"
    }
  ],
  "botMessages": [
    {
      "channelContent": {
        "web": {
          "contentFormat": "Markdown",
          "content": "Para chamar a atenção de todos na  equipa mencione o nome da equipa. Basta escrever @ antes do nome da equipa e, em seguida, selecionar  a  equipa do menu  que aparece.\r\n\r\nPor @team nome, todos os membros da equipa recebem umanota. O tipo de notificação  depende da  configuração de cadaindivíduo. Utilize esta opção com moderação porque é como  usar  \"responder a todos\" no e-mail."
        }
      },
      "id": "53aba4ca-a88e-4856-8342-438e6a292544",
      "createdTime": "2021-04-07T18:37:12.8795986Z",
      "updatedTime": "2021-04-07T18:37:12.8795986Z",
      "createdUserId": "704dbbff-ed42-4ede-b8c8-2ac7c33773ac",
      "updatedUserId": "704dbbff-ed42-4ede-b8c8-2ac7c33773ac"
    }
  ],
  "createdUtc": "0001-01-01T00:00:00Z"
}