{
  "intents": [
    {
      "triggerQueries": [
        "Usar o Spotlight para chamar a atenção a alguém durante uma reunião?"
      ],
      "dialogId": "new_topic_82abbaf8a56d4dcfa6a991a8bc4f1f97",
      "isTriggeringEnabled": false,
      "id": "new_topic_82abbaf8a56d4dcfa6a991a8bc4f1f97",
      "displayName": "Usar o Spotlight para chamar a atenção a alguém durante uma reunião?",
      "description": "https://myfirstbot5159226067.blob.core.windows.net/adoptbotpt/adoptbot2021-Portuguese (3).docx",
      "createdTime": "2021-04-07T18:37:12.8806065Z",
      "updatedTime": "2021-04-07T18:37:12.8806065Z",
      "createdUserId": "704dbbff-ed42-4ede-b8c8-2ac7c33773ac"
    }
  ],
  "dialogs": [
    {
      "rootNodeId": "e419d228-58d3-4fa2-bf76-4694a3b0d911",
      "messageNodes": [
        {
          "botMessageId": "e4a5fd4b-eab3-498d-bfbe-d35f2983a485",
          "nodeType": "BotMessageNode",
          "id": "e419d228-58d3-4fa2-bf76-4694a3b0d911",
          "defaultTargetNodeId": "10a7019d-8213-415d-9899-2b48f9d3f716"
        }
      ],
      "dialogChangeNodes": [
        {
          "targetDialogId": "new_topic_f47de1d400dd44789efae4b80b274492_aeabea4d071f415c8c107e1cb7af5424_assumedsuccess",
          "nodeType": "DialogChangeNode",
          "id": "10a7019d-8213-415d-9899-2b48f9d3f716"
        }
      ],
      "id": "new_topic_82abbaf8a56d4dcfa6a991a8bc4f1f97",
      "displayName": "Dialog for Usar o Spotlight para chamar a atenção a alguém durante uma reunião?",
      "createdTime": "2021-04-07T18:37:12.8806065Z",
      "updatedTime": "2021-04-07T18:37:12.8806065Z",
      "createdUserId": "704dbbff-ed42-4ede-b8c8-2ac7c33773ac",
      "updatedUserId": "704dbbff-ed42-4ede-b8c8-2ac7c33773ac"
    }
  ],
  "botMessages": [
    {
      "channelContent": {
        "web": {
          "contentFormat": "Markdown",
          "content": "Spotlight do vídeo de alguém é como afixá-lo para todos na  reunião.\r\n\r\nSe for um organizador ou apresentador, pode escolher que o vídeo de qualquer um dos utilizadores (incluindo o seu) deve ser o vídeo principal que os participantes  vêem.\r\n\r\nHá duas maneiras:\r\n\r\n- Clique com o botão direito no vídeo da pessoa e escolha Spotlight  no menu.\r\n- Também pode encontrar o nome da pessoaque pretende destacar no painel de participantes. Clique com o botão direito ou toque no nome do participante e selecione  Spotlight . Quando estiver pronto para sair dos holofotes, clique com o botão direito novamente e selecione  Remove Spotlight ."
        }
      },
      "id": "e4a5fd4b-eab3-498d-bfbe-d35f2983a485",
      "createdTime": "2021-04-07T18:37:12.8806065Z",
      "updatedTime": "2021-04-07T18:37:12.8806065Z",
      "createdUserId": "704dbbff-ed42-4ede-b8c8-2ac7c33773ac",
      "updatedUserId": "704dbbff-ed42-4ede-b8c8-2ac7c33773ac"
    }
  ],
  "createdUtc": "0001-01-01T00:00:00Z"
}