{
  "intents": [
    {
      "triggerQueries": [
        "Como é que um utilizador acede ou altera o seu ID de conferência?"
      ],
      "dialogId": "new_topic_e131fe51f8ea4eeabb1b9660fff8154d",
      "isTriggeringEnabled": false,
      "id": "new_topic_e131fe51f8ea4eeabb1b9660fff8154d",
      "displayName": "Como é que um utilizador acede ou altera o seu ID de conferência?",
      "description": "https://myfirstbot5159226067.blob.core.windows.net/adoptbotpt/adoptbot2021-Portuguese (3).docx",
      "createdTime": "2021-04-07T18:37:12.8785774Z",
      "updatedTime": "2021-04-07T18:37:12.8785774Z",
      "createdUserId": "704dbbff-ed42-4ede-b8c8-2ac7c33773ac"
    }
  ],
  "dialogs": [
    {
      "rootNodeId": "6ab4834b-3669-4de8-a367-9bf57192206e",
      "messageNodes": [
        {
          "botMessageId": "4e0c51a6-4d2e-491a-9acc-f29b764a4734",
          "nodeType": "BotMessageNode",
          "id": "6ab4834b-3669-4de8-a367-9bf57192206e",
          "defaultTargetNodeId": "6a2c90b1-065c-4bd9-98b2-330a384196b6"
        }
      ],
      "dialogChangeNodes": [
        {
          "targetDialogId": "new_topic_f47de1d400dd44789efae4b80b274492_aeabea4d071f415c8c107e1cb7af5424_assumedsuccess",
          "nodeType": "DialogChangeNode",
          "id": "6a2c90b1-065c-4bd9-98b2-330a384196b6"
        }
      ],
      "id": "new_topic_e131fe51f8ea4eeabb1b9660fff8154d",
      "displayName": "Dialog for Como é que um utilizador acede ou altera o seu ID de conferência?",
      "createdTime": "2021-04-07T18:37:12.8785774Z",
      "updatedTime": "2021-04-07T18:37:12.8785774Z",
      "createdUserId": "704dbbff-ed42-4ede-b8c8-2ac7c33773ac",
      "updatedUserId": "704dbbff-ed42-4ede-b8c8-2ac7c33773ac"
    }
  ],
  "botMessages": [
    {
      "channelContent": {
        "web": {
          "contentFormat": "Markdown",
          "content": "Um utilizador da Microsoft Teams pode encontrar o ID da conferência que lhes foi atribuído, agendando uma reunião em Equipas, no Outlook e no Outlook na web. Os utilizadores também podem encontrar o ID da conferência no e-mail que lhes será enviado quando a reunião estiver  reservada.\r\n\r\nOs utilizadores não poderão restaurar o seu ID de conferência. O ID da conferência só pode ser reposto por administrador para a sua organização."
        }
      },
      "id": "4e0c51a6-4d2e-491a-9acc-f29b764a4734",
      "createdTime": "2021-04-07T18:37:12.8785774Z",
      "updatedTime": "2021-04-07T18:37:12.8785774Z",
      "createdUserId": "704dbbff-ed42-4ede-b8c8-2ac7c33773ac",
      "updatedUserId": "704dbbff-ed42-4ede-b8c8-2ac7c33773ac"
    }
  ],
  "createdUtc": "0001-01-01T00:00:00Z"
}