{
  "intents": [
    {
      "triggerQueries": [
        "O que significa ser @mentioned?"
      ],
      "dialogId": "new_topic_fc8f167619204c37af96f3ec9a94cd46",
      "isTriggeringEnabled": false,
      "id": "new_topic_fc8f167619204c37af96f3ec9a94cd46",
      "displayName": "O que significa ser @mentioned?",
      "description": "https://myfirstbot5159226067.blob.core.windows.net/adoptbotpt/adoptbot2021-Portuguese (3).docx",
      "createdTime": "2021-04-07T18:37:12.8785774Z",
      "updatedTime": "2021-04-07T18:37:12.8785774Z",
      "createdUserId": "704dbbff-ed42-4ede-b8c8-2ac7c33773ac"
    }
  ],
  "dialogs": [
    {
      "rootNodeId": "2a6ffcf5-ee14-4d80-8ad8-a0f4dc2cc839",
      "messageNodes": [
        {
          "botMessageId": "ace694fe-4f37-46b6-baf5-12a3d924ce7e",
          "nodeType": "BotMessageNode",
          "id": "2a6ffcf5-ee14-4d80-8ad8-a0f4dc2cc839",
          "defaultTargetNodeId": "f781f4b8-b64a-43a8-b8d6-e4addcd252de"
        }
      ],
      "dialogChangeNodes": [
        {
          "targetDialogId": "new_topic_f47de1d400dd44789efae4b80b274492_aeabea4d071f415c8c107e1cb7af5424_assumedsuccess",
          "nodeType": "DialogChangeNode",
          "id": "f781f4b8-b64a-43a8-b8d6-e4addcd252de"
        }
      ],
      "id": "new_topic_fc8f167619204c37af96f3ec9a94cd46",
      "displayName": "Dialog for O que significa ser @mentioned?",
      "createdTime": "2021-04-07T18:37:12.8785774Z",
      "updatedTime": "2021-04-07T18:37:12.8785774Z",
      "createdUserId": "704dbbff-ed42-4ede-b8c8-2ac7c33773ac",
      "updatedUserId": "704dbbff-ed42-4ede-b8c8-2ac7c33773ac"
    }
  ],
  "botMessages": [
    {
      "channelContent": {
        "web": {
          "contentFormat": "Markdown",
          "content": "Ser @mentioned é como um toque suave no ombro, uma forma de chamar a sua atenção numa conversa ou conversa de canal.\r\n\r\nQuando alguém o(a) @menciona , irá receber uma notificação no seu feed de Atividade, e também irá visualizar um número ao lado do canal ou chat em que foi @mencionado. Clique na notificação para ir diretamente ao ponto da conversa onde o mencionaram.\r\n\r\nDe modo a facilitar a pesquisa pela informação, poderá sempre filtrar o seu feed de Atividade para ajudar a resolvê-los.\r\n\r\nPara @mencionar alguém, basta escrever '@'  na caixa de texto e selecionar o nome do utilizador que aparece."
        }
      },
      "id": "ace694fe-4f37-46b6-baf5-12a3d924ce7e",
      "createdTime": "2021-04-07T18:37:12.8785774Z",
      "updatedTime": "2021-04-07T18:37:12.8785774Z",
      "createdUserId": "704dbbff-ed42-4ede-b8c8-2ac7c33773ac",
      "updatedUserId": "704dbbff-ed42-4ede-b8c8-2ac7c33773ac"
    }
  ],
  "createdUtc": "0001-01-01T00:00:00Z"
}