{
  "intents": [
    {
      "triggerQueries": [
        "Como adiciono convidados a uma equipa?"
      ],
      "dialogId": "new_topic_a8fd8e72e9b342688c930c71ff5eca59",
      "isTriggeringEnabled": false,
      "id": "new_topic_a8fd8e72e9b342688c930c71ff5eca59",
      "displayName": "Como adiciono convidados a uma equipa?",
      "description": "https://myfirstbot5159226067.blob.core.windows.net/adoptbotpt/adoptbot2021-Portuguese (3).docx",
      "createdTime": "2021-04-07T18:37:12.8785774Z",
      "updatedTime": "2021-04-07T18:37:12.8785774Z",
      "createdUserId": "704dbbff-ed42-4ede-b8c8-2ac7c33773ac"
    }
  ],
  "dialogs": [
    {
      "rootNodeId": "2646530d-2532-4797-8514-f1c998cde08c",
      "messageNodes": [
        {
          "botMessageId": "388e4237-58a1-45e2-b3e9-16fa2ce25ac0",
          "nodeType": "BotMessageNode",
          "id": "2646530d-2532-4797-8514-f1c998cde08c",
          "defaultTargetNodeId": "1446855a-84b5-41be-b75d-5c5836cf6c92"
        }
      ],
      "dialogChangeNodes": [
        {
          "targetDialogId": "new_topic_f47de1d400dd44789efae4b80b274492_aeabea4d071f415c8c107e1cb7af5424_assumedsuccess",
          "nodeType": "DialogChangeNode",
          "id": "1446855a-84b5-41be-b75d-5c5836cf6c92"
        }
      ],
      "id": "new_topic_a8fd8e72e9b342688c930c71ff5eca59",
      "displayName": "Dialog for Como adiciono convidados a uma equipa?",
      "createdTime": "2021-04-07T18:37:12.8785774Z",
      "updatedTime": "2021-04-07T18:37:12.8785774Z",
      "createdUserId": "704dbbff-ed42-4ede-b8c8-2ac7c33773ac",
      "updatedUserId": "704dbbff-ed42-4ede-b8c8-2ac7c33773ac"
    }
  ],
  "botMessages": [
    {
      "channelContent": {
        "web": {
          "contentFormat": "Markdown",
          "content": "Se for proprietário da equipa, você pode adicionar convidados fora da organização para a sua equipa.\r\n\r\nVá ao nome da equipa, clique em Mais opções e,  em seguida,  clique emAdicionar Membros.\r\n\r\nAdicione o endereço de e-mail do convidado.\r\n\r\nNota:\r\n\r\n- Os convidados precisam apenas de um endereço de e-mail válido.\r\n- Se tiver um erro de  permissão, a sua organização não permite convidados. Contacte o seu administrador de TI para mais informações.\r\n\r\n\r\nAgora que tem convidados na sua equipa, pode estar curioso para saber o que o[seu](https://support.microsoft.com/en-us/office/team-owner-member-and-guest-capabilities-in-teams-d03fdf5b-1a6e-48e4-8e07-b13e1350ec7b)[convidado](https://support.microsoft.com/en-us/office/team-owner-member-and-guest-capabilities-in-teams-d03fdf5b-1a6e-48e4-8e07-b13e1350ec7b)[pode fazer](https://support.microsoft.com/en-us/office/team-owner-member-and-guest-capabilities-in-teams-d03fdf5b-1a6e-48e4-8e07-b13e1350ec7b)  enquanto fizer parte da equipa. Perceba tabém que  [configurações pode mudar para](https://support.microsoft.com/en-us/office/set-guest-permissions-for-channels-in-teams-4756c468-2746-4bfd-a582-736d55fcc169) os [seus](https://support.microsoft.com/en-us/office/set-guest-permissions-for-channels-in-teams-4756c468-2746-4bfd-a582-736d55fcc169)[convidados.](https://support.microsoft.com/en-us/office/set-guest-permissions-for-channels-in-teams-4756c468-2746-4bfd-a582-736d55fcc169)"
        }
      },
      "id": "388e4237-58a1-45e2-b3e9-16fa2ce25ac0",
      "createdTime": "2021-04-07T18:37:12.8785774Z",
      "updatedTime": "2021-04-07T18:37:12.8785774Z",
      "createdUserId": "704dbbff-ed42-4ede-b8c8-2ac7c33773ac",
      "updatedUserId": "704dbbff-ed42-4ede-b8c8-2ac7c33773ac"
    }
  ],
  "createdUtc": "0001-01-01T00:00:00Z"
}