{
  "intents": [
    {
      "triggerQueries": [
        "Os participantes podem ligar para os números de telefone internacionais quando estão numa reunião da Microsoft Teams?"
      ],
      "dialogId": "new_topic_f21e891b887144b696460a174f5efa00",
      "isTriggeringEnabled": true,
      "canTriggeringBeDisabled": true,
      "id": "new_topic_f21e891b887144b696460a174f5efa00",
      "displayName": "Os participantes podem ligar para os números de telefone internacionais quando estão numa reunião da Microsoft Teams?",
      "description": "https://adoptbotv2kb.blob.core.windows.net/%24web/adoptbot2021-Portuguese (Portugal).docx",
      "createdTime": "2021-03-24T18:09:18.0583447Z",
      "updatedTime": "2021-03-25T09:13:37.0312329Z",
      "createdUserId": "478b1ca5-fac4-4940-bda1-873c551431ee",
      "updatedUserId": "478b1ca5-fac4-4940-bda1-873c551431ee",
      "versionNumber": 0,
      "componentId": "00000000-0000-0000-0000-000000000000"
    }
  ],
  "dialogs": [
    {
      "rootNodeId": "f0f48519-e07a-4007-8e06-de91ee222cdd",
      "messageNodes": [
        {
          "botMessageId": "6d04be11-0abb-4e3c-8959-9b96be6b94f4",
          "nodeType": "BotMessageNode",
          "id": "f0f48519-e07a-4007-8e06-de91ee222cdd",
          "defaultTargetNodeId": "675a59bf-546b-4b83-a015-f798d27f2181"
        }
      ],
      "dialogChangeNodes": [
        {
          "targetDialogId": "new_topic_ff75c3680c434d8cba423897663a537e_aeabea4d071f415c8c107e1cb7af5424_assumedsuccess",
          "nodeType": "DialogChangeNode",
          "id": "675a59bf-546b-4b83-a015-f798d27f2181"
        }
      ],
      "id": "new_topic_f21e891b887144b696460a174f5efa00",
      "displayName": "Dialog for Os participantes podem ligar para os números de telefone internacionais quando estão numa reunião da Microsoft Teams?",
      "createdTime": "2021-03-24T18:09:18.0583447Z",
      "updatedTime": "2021-03-24T18:09:18.0583447Z",
      "createdUserId": "478b1ca5-fac4-4940-bda1-873c551431ee",
      "updatedUserId": "478b1ca5-fac4-4940-bda1-873c551431ee",
      "versionNumber": 0,
      "componentId": "00000000-0000-0000-0000-000000000000"
    }
  ],
  "botMessages": [
    {
      "channelContent": {
        "web": {
          "contentFormat": "Markdown",
          "content": "Sim, os participantes podem ligar internacionalmente e convidar outros chamadores para uma reunião da Microsoft Teams.  Ver:  [Marque uma](https://docs.microsoft.com/en-us/microsoftteams/dialing-out-from-a-teams-meeting-so-other-people-can-join-it) reunião [da](https://docs.microsoft.com/en-us/microsoftteams/dialing-out-from-a-teams-meeting-so-other-people-can-join-it) Microsoft Teams para [que outras pessoas possam aderir a ele.](https://docs.microsoft.com/en-us/microsoftteams/dialing-out-from-a-teams-meeting-so-other-people-can-join-it)"
        }
      },
      "id": "6d04be11-0abb-4e3c-8959-9b96be6b94f4",
      "createdTime": "2021-03-24T18:09:18.0583447Z",
      "updatedTime": "2021-03-24T18:09:18.0583447Z",
      "createdUserId": "478b1ca5-fac4-4940-bda1-873c551431ee",
      "updatedUserId": "478b1ca5-fac4-4940-bda1-873c551431ee",
      "versionNumber": 0,
      "componentId": "00000000-0000-0000-0000-000000000000"
    }
  ],
  "createdUtc": "0001-01-01T00:00:00Z"
}