{
  "intents": [
    {
      "triggerQueries": [
        "Como faço pesquisas no Teams?"
      ],
      "dialogId": "new_topic_6be3b7c277b64ab0b2ff5d3dc21c7c6d",
      "isTriggeringEnabled": false,
      "id": "new_topic_6be3b7c277b64ab0b2ff5d3dc21c7c6d",
      "displayName": "Como faço pesquisas no Teams?",
      "description": "https://myfirstbot5159226067.blob.core.windows.net/adoptbotpt/adoptbot2021-Portuguese (3).docx",
      "createdTime": "2021-04-07T18:37:12.8795986Z",
      "updatedTime": "2021-04-07T18:37:12.8795986Z",
      "createdUserId": "704dbbff-ed42-4ede-b8c8-2ac7c33773ac"
    }
  ],
  "dialogs": [
    {
      "rootNodeId": "67bf9101-c27c-439c-af80-017e1b806dd2",
      "messageNodes": [
        {
          "botMessageId": "19519d58-327b-4326-9be7-c4bd228353b6",
          "nodeType": "BotMessageNode",
          "id": "67bf9101-c27c-439c-af80-017e1b806dd2",
          "defaultTargetNodeId": "252a23e0-db36-4ba6-94bc-2fe39fa7f082"
        }
      ],
      "dialogChangeNodes": [
        {
          "targetDialogId": "new_topic_f47de1d400dd44789efae4b80b274492_aeabea4d071f415c8c107e1cb7af5424_assumedsuccess",
          "nodeType": "DialogChangeNode",
          "id": "252a23e0-db36-4ba6-94bc-2fe39fa7f082"
        }
      ],
      "id": "new_topic_6be3b7c277b64ab0b2ff5d3dc21c7c6d",
      "displayName": "Dialog for Como faço pesquisas no Teams?",
      "createdTime": "2021-04-07T18:37:12.8795986Z",
      "updatedTime": "2021-04-07T18:37:12.8795986Z",
      "createdUserId": "704dbbff-ed42-4ede-b8c8-2ac7c33773ac",
      "updatedUserId": "704dbbff-ed42-4ede-b8c8-2ac7c33773ac"
    }
  ],
  "botMessages": [
    {
      "channelContent": {
        "web": {
          "contentFormat": "Markdown",
          "content": "Tem algumas opções de pesquisa e filtragem para ajudá-lo a encontrar mensagens, pessoas, ficheiros e outras informações partilhadas em Equipas. Inicie uma pesquisa  na caixa de pesquisa no topo da  aplicação. Quando escrever uma palavra ou nome, o Teams começará a apresentar  sugestões. Clique num dos itens sugeridos ou prima Enter para obter uma lista completa de  resultados. Você será  levado para uma página de resultados  de pesquisa.  Selecione um dos  itens  para obter uma  visão completa ou use filtros adicionais.\r\n\r\nTip: Utilize CTRL+F (CMD+F no macOS) para  encontrar  mensagens quando estiver em um canal ou chat específico.  [Pesquisa de mensagens e muito mais no](https://support.microsoft.com/en-us/office/search-for-messages-and-more-in-teams-4a351520-33f4-42ab-a5ee-5fc0ab88b263) Teams"
        }
      },
      "id": "19519d58-327b-4326-9be7-c4bd228353b6",
      "createdTime": "2021-04-07T18:37:12.8795986Z",
      "updatedTime": "2021-04-07T18:37:12.8795986Z",
      "createdUserId": "704dbbff-ed42-4ede-b8c8-2ac7c33773ac",
      "updatedUserId": "704dbbff-ed42-4ede-b8c8-2ac7c33773ac"
    }
  ],
  "createdUtc": "0001-01-01T00:00:00Z"
}