{
  "intents": [
    {
      "triggerQueries": [
        "Como posso mudar as permissões dos convidados?"
      ],
      "dialogId": "new_topic_8ab37a0585e647b189d248fc427169aa",
      "isTriggeringEnabled": false,
      "id": "new_topic_8ab37a0585e647b189d248fc427169aa",
      "displayName": "Como posso mudar as permissões dos convidados?",
      "description": "https://myfirstbot5159226067.blob.core.windows.net/adoptbotpt/adoptbot2021-Portuguese (3).docx",
      "createdTime": "2021-04-07T18:37:12.8785774Z",
      "updatedTime": "2021-04-07T18:37:12.8785774Z",
      "createdUserId": "704dbbff-ed42-4ede-b8c8-2ac7c33773ac"
    }
  ],
  "dialogs": [
    {
      "rootNodeId": "eaab48a1-2029-4446-8f4f-bc098f604acf",
      "messageNodes": [
        {
          "botMessageId": "61d844df-1a8d-459b-9671-77cb286137e8",
          "nodeType": "BotMessageNode",
          "id": "eaab48a1-2029-4446-8f4f-bc098f604acf",
          "defaultTargetNodeId": "58bb0909-b309-45cb-8ce0-4d22e370eb29"
        }
      ],
      "dialogChangeNodes": [
        {
          "targetDialogId": "new_topic_f47de1d400dd44789efae4b80b274492_aeabea4d071f415c8c107e1cb7af5424_assumedsuccess",
          "nodeType": "DialogChangeNode",
          "id": "58bb0909-b309-45cb-8ce0-4d22e370eb29"
        }
      ],
      "id": "new_topic_8ab37a0585e647b189d248fc427169aa",
      "displayName": "Dialog for Como posso mudar as permissões dos convidados?",
      "createdTime": "2021-04-07T18:37:12.8785774Z",
      "updatedTime": "2021-04-07T18:37:12.8785774Z",
      "createdUserId": "704dbbff-ed42-4ede-b8c8-2ac7c33773ac",
      "updatedUserId": "704dbbff-ed42-4ede-b8c8-2ac7c33773ac"
    }
  ],
  "botMessages": [
    {
      "channelContent": {
        "web": {
          "contentFormat": "Markdown",
          "content": "Se for dono de uma equipa, pode alterar as definições de permissão dos convidados acedendo ao nome da equipa e clicando  em Maisopções e, de seguida , clicando em Gerir a equipa .\r\n\r\nNo separador Definições,  clique nas permissões  do convidado .\r\n\r\nSe está curioso, aqui está um resumo do que os convidados podem fazer nas equipas."
        }
      },
      "id": "61d844df-1a8d-459b-9671-77cb286137e8",
      "createdTime": "2021-04-07T18:37:12.8785774Z",
      "updatedTime": "2021-04-07T18:37:12.8785774Z",
      "createdUserId": "704dbbff-ed42-4ede-b8c8-2ac7c33773ac",
      "updatedUserId": "704dbbff-ed42-4ede-b8c8-2ac7c33773ac"
    }
  ],
  "createdUtc": "0001-01-01T00:00:00Z"
}