{
  "intents": [
    {
      "triggerQueries": [
        "Como inicío uma conversa privada?"
      ],
      "dialogId": "new_topic_d4d656b442a3456aa58183fb5e99e4bc",
      "isTriggeringEnabled": false,
      "id": "new_topic_d4d656b442a3456aa58183fb5e99e4bc",
      "displayName": "Como inicío uma conversa privada?",
      "description": "https://myfirstbot5159226067.blob.core.windows.net/adoptbotpt/adoptbot2021-Portuguese (3).docx",
      "createdTime": "2021-04-07T18:37:12.8785774Z",
      "updatedTime": "2021-04-07T18:37:12.8785774Z",
      "createdUserId": "704dbbff-ed42-4ede-b8c8-2ac7c33773ac"
    }
  ],
  "dialogs": [
    {
      "rootNodeId": "3236fea0-80a1-4fa7-bea5-4538505bae27",
      "messageNodes": [
        {
          "botMessageId": "42943ba4-7a19-44bb-b43f-a198cc1d8fa1",
          "nodeType": "BotMessageNode",
          "id": "3236fea0-80a1-4fa7-bea5-4538505bae27",
          "defaultTargetNodeId": "392980ab-eabb-4e72-ac4d-998e8425c64d"
        }
      ],
      "dialogChangeNodes": [
        {
          "targetDialogId": "new_topic_f47de1d400dd44789efae4b80b274492_aeabea4d071f415c8c107e1cb7af5424_assumedsuccess",
          "nodeType": "DialogChangeNode",
          "id": "392980ab-eabb-4e72-ac4d-998e8425c64d"
        }
      ],
      "id": "new_topic_d4d656b442a3456aa58183fb5e99e4bc",
      "displayName": "Dialog for Como inicío uma conversa privada?",
      "createdTime": "2021-04-07T18:37:12.8785774Z",
      "updatedTime": "2021-04-07T18:37:12.8785774Z",
      "createdUserId": "704dbbff-ed42-4ede-b8c8-2ac7c33773ac",
      "updatedUserId": "704dbbff-ed42-4ede-b8c8-2ac7c33773ac"
    }
  ],
  "botMessages": [
    {
      "channelContent": {
        "web": {
          "contentFormat": "Markdown",
          "content": "Na barra de pesquisa, escreva o nome da pessoa com quem quer conversar. Selecione a pessoa e, em seguida, digite a sua mensagem e clique na seta Enviar.\r\n\r\nSe for uma pessoa externa à sua organização, escreva o endereço de e-mail em vez do nome.\r\n\r\nNota! Isto requer pré-requisitos técnicos para o contexto de cada organização:\r\n\r\n[Comunicar com utilizadores de outras organizações em Microsoft Teams](https://docs.microsoft.com/en-us/microsoftteams/communicate-with-users-from-other-organizations)"
        }
      },
      "id": "42943ba4-7a19-44bb-b43f-a198cc1d8fa1",
      "createdTime": "2021-04-07T18:37:12.8785774Z",
      "updatedTime": "2021-04-07T18:37:12.8785774Z",
      "createdUserId": "704dbbff-ed42-4ede-b8c8-2ac7c33773ac",
      "updatedUserId": "704dbbff-ed42-4ede-b8c8-2ac7c33773ac"
    }
  ],
  "createdUtc": "0001-01-01T00:00:00Z"
}