{
  "intents": [
    {
      "triggerQueries": [
        "Os participantes podem ligar para os números de telefone internacionais quando estão numa reunião da Microsoft Teams?"
      ],
      "dialogId": "new_topic_4be4ee1f16a8465ba8572ad28c12441a",
      "isTriggeringEnabled": false,
      "id": "new_topic_4be4ee1f16a8465ba8572ad28c12441a",
      "displayName": "Os participantes podem ligar para os números de telefone internacionais quando estão numa reunião da Microsoft Teams?",
      "description": "https://myfirstbot5159226067.blob.core.windows.net/adoptbotpt/adoptbot2021-Portuguese (3).docx",
      "createdTime": "2021-04-07T18:37:12.8785774Z",
      "updatedTime": "2021-04-07T18:37:12.8785774Z",
      "createdUserId": "704dbbff-ed42-4ede-b8c8-2ac7c33773ac"
    }
  ],
  "dialogs": [
    {
      "rootNodeId": "d0b932f7-a884-4a70-bfbc-a6aaed6ffed6",
      "messageNodes": [
        {
          "botMessageId": "44961c8c-3c2d-46e6-8cae-0c7a81390df1",
          "nodeType": "BotMessageNode",
          "id": "d0b932f7-a884-4a70-bfbc-a6aaed6ffed6",
          "defaultTargetNodeId": "c29e2d77-cd99-4d9f-9ec7-18107565c233"
        }
      ],
      "dialogChangeNodes": [
        {
          "targetDialogId": "new_topic_f47de1d400dd44789efae4b80b274492_aeabea4d071f415c8c107e1cb7af5424_assumedsuccess",
          "nodeType": "DialogChangeNode",
          "id": "c29e2d77-cd99-4d9f-9ec7-18107565c233"
        }
      ],
      "id": "new_topic_4be4ee1f16a8465ba8572ad28c12441a",
      "displayName": "Dialog for Os participantes podem ligar para os números de telefone internacionais quando estão numa reunião da Microsoft Teams?",
      "createdTime": "2021-04-07T18:37:12.8785774Z",
      "updatedTime": "2021-04-07T18:37:12.8785774Z",
      "createdUserId": "704dbbff-ed42-4ede-b8c8-2ac7c33773ac",
      "updatedUserId": "704dbbff-ed42-4ede-b8c8-2ac7c33773ac"
    }
  ],
  "botMessages": [
    {
      "channelContent": {
        "web": {
          "contentFormat": "Markdown",
          "content": "Sim, os participantes podem ligar internacionalmente e convidar outros chamadores para uma reunião da Microsoft Teams.  Ver:  [Marque uma](https://docs.microsoft.com/en-us/microsoftteams/dialing-out-from-a-teams-meeting-so-other-people-can-join-it) reunião [da](https://docs.microsoft.com/en-us/microsoftteams/dialing-out-from-a-teams-meeting-so-other-people-can-join-it) Microsoft Teams para que outras pessoas possam aderir a ele."
        }
      },
      "id": "44961c8c-3c2d-46e6-8cae-0c7a81390df1",
      "createdTime": "2021-04-07T18:37:12.8785774Z",
      "updatedTime": "2021-04-07T18:37:12.8785774Z",
      "createdUserId": "704dbbff-ed42-4ede-b8c8-2ac7c33773ac",
      "updatedUserId": "704dbbff-ed42-4ede-b8c8-2ac7c33773ac"
    }
  ],
  "createdUtc": "0001-01-01T00:00:00Z"
}