{
  "intents": [
    {
      "triggerQueries": [
        "Como posso @mention um canal?"
      ],
      "dialogId": "new_topic_053f49e1d52a40bc890d1e5952844fbc",
      "isTriggeringEnabled": false,
      "id": "new_topic_053f49e1d52a40bc890d1e5952844fbc",
      "displayName": "Como posso @mention um canal?",
      "description": "https://myfirstbot5159226067.blob.core.windows.net/adoptbotpt/adoptbot2021-Portuguese (3).docx",
      "createdTime": "2021-04-07T18:37:12.8795986Z",
      "updatedTime": "2021-04-07T18:37:12.8795986Z",
      "createdUserId": "704dbbff-ed42-4ede-b8c8-2ac7c33773ac"
    }
  ],
  "dialogs": [
    {
      "rootNodeId": "f6f8834e-4d2b-4490-acc8-a8d828358228",
      "messageNodes": [
        {
          "botMessageId": "abc13a80-e972-4be7-ad68-26851aaa5d83",
          "nodeType": "BotMessageNode",
          "id": "f6f8834e-4d2b-4490-acc8-a8d828358228",
          "defaultTargetNodeId": "bd6f183f-325f-431e-97d7-b9eb5ab082c8"
        }
      ],
      "dialogChangeNodes": [
        {
          "targetDialogId": "new_topic_f47de1d400dd44789efae4b80b274492_aeabea4d071f415c8c107e1cb7af5424_assumedsuccess",
          "nodeType": "DialogChangeNode",
          "id": "bd6f183f-325f-431e-97d7-b9eb5ab082c8"
        }
      ],
      "id": "new_topic_053f49e1d52a40bc890d1e5952844fbc",
      "displayName": "Dialog for Como posso @mention um canal?",
      "createdTime": "2021-04-07T18:37:12.8795986Z",
      "updatedTime": "2021-04-07T18:37:12.8795986Z",
      "createdUserId": "704dbbff-ed42-4ede-b8c8-2ac7c33773ac",
      "updatedUserId": "704dbbff-ed42-4ede-b8c8-2ac7c33773ac"
    }
  ],
  "botMessages": [
    {
      "channelContent": {
        "web": {
          "contentFormat": "Markdown",
          "content": "Para chamar a atenção de todos num  canal, @mention o canal.\r\n\r\nBasta escrever @ antes do nome do canal e, em seguida, selecionar o canal a partir do menu que aparece. Ao utilizar  @channel nome, cada membro que mostra o canal recebe  uma  notificação.\r\n\r\nO tipo de notificação depende das    configurações de cada indivíduo. Use esta opção com moderação porque é como  usar  \"responder a todos\" no e-mail."
        }
      },
      "id": "abc13a80-e972-4be7-ad68-26851aaa5d83",
      "createdTime": "2021-04-07T18:37:12.8795986Z",
      "updatedTime": "2021-04-07T18:37:12.8795986Z",
      "createdUserId": "704dbbff-ed42-4ede-b8c8-2ac7c33773ac",
      "updatedUserId": "704dbbff-ed42-4ede-b8c8-2ac7c33773ac"
    }
  ],
  "createdUtc": "0001-01-01T00:00:00Z"
}