{
  "intents": [
    {
      "triggerQueries": [
        "Requisitos do sistema live event?"
      ],
      "dialogId": "new_topic_243418e83f0d41f8863f7581f91f09e0",
      "isTriggeringEnabled": true,
      "canTriggeringBeDisabled": true,
      "id": "new_topic_243418e83f0d41f8863f7581f91f09e0",
      "displayName": "Requisitos do sistema live event?",
      "description": "https://adoptbotv2kb.blob.core.windows.net/%24web/adoptbot2021-Portuguese (Portugal).docx",
      "createdTime": "2021-03-24T18:09:18.0653521Z",
      "updatedTime": "2021-03-25T09:13:04.2259452Z",
      "createdUserId": "478b1ca5-fac4-4940-bda1-873c551431ee",
      "updatedUserId": "478b1ca5-fac4-4940-bda1-873c551431ee",
      "versionNumber": 0,
      "componentId": "00000000-0000-0000-0000-000000000000"
    }
  ],
  "dialogs": [
    {
      "rootNodeId": "2ea4f743-0be9-4ec9-a13d-a8048fa72387",
      "messageNodes": [
        {
          "botMessageId": "3e8bb042-48cc-4cb4-86f1-b9e7ea05b064",
          "nodeType": "BotMessageNode",
          "id": "2ea4f743-0be9-4ec9-a13d-a8048fa72387",
          "defaultTargetNodeId": "338a9a42-fbf4-4462-a941-9a5d12318525"
        }
      ],
      "dialogChangeNodes": [
        {
          "targetDialogId": "new_topic_ff75c3680c434d8cba423897663a537e_aeabea4d071f415c8c107e1cb7af5424_assumedsuccess",
          "nodeType": "DialogChangeNode",
          "id": "338a9a42-fbf4-4462-a941-9a5d12318525"
        }
      ],
      "id": "new_topic_243418e83f0d41f8863f7581f91f09e0",
      "displayName": "Dialog for Requisitos do sistema live event?",
      "createdTime": "2021-03-24T18:09:18.0653521Z",
      "updatedTime": "2021-03-24T18:09:18.0653521Z",
      "createdUserId": "478b1ca5-fac4-4940-bda1-873c551431ee",
      "updatedUserId": "478b1ca5-fac4-4940-bda1-873c551431ee",
      "versionNumber": 0,
      "componentId": "00000000-0000-0000-0000-000000000000"
    }
  ],
  "botMessages": [
    {
      "channelContent": {
        "web": {
          "contentFormat": "Markdown",
          "content": "Sistemas operativos suportados:\r\n\r\nWindows 7 e posteriormente (32 bits e 64 bits), macOS 10.10 e posterior.\r\n\r\nSistemas operativos móveis suportados:\r\n\r\nAndroid 4.4 e posterior, iOS 10 e mais tarde\r\n\r\nBrowsers suportados:\r\n\r\nMicrosoft  Edge  RS2 e mais tarde,  Chrome  (versões mais recentes), Firefox (versões mais recentes), Internet Explorer 11, Safari."
        }
      },
      "id": "3e8bb042-48cc-4cb4-86f1-b9e7ea05b064",
      "createdTime": "2021-03-24T18:09:18.0653521Z",
      "updatedTime": "2021-03-24T18:09:18.0653521Z",
      "createdUserId": "478b1ca5-fac4-4940-bda1-873c551431ee",
      "updatedUserId": "478b1ca5-fac4-4940-bda1-873c551431ee",
      "versionNumber": 0,
      "componentId": "00000000-0000-0000-0000-000000000000"
    }
  ],
  "createdUtc": "0001-01-01T00:00:00Z"
}