{
  "intents": [
    {
      "triggerQueries": [
        "O que é um canal de equipas?"
      ],
      "dialogId": "new_topic_07a97ac9610b44acb5de7f7c66a0d292",
      "isTriggeringEnabled": true,
      "canTriggeringBeDisabled": true,
      "id": "new_topic_07a97ac9610b44acb5de7f7c66a0d292",
      "displayName": "O que é um canal de equipas?",
      "description": "https://adoptbotv2kb.blob.core.windows.net/%24web/adoptbot2021-Portuguese (Portugal).docx",
      "createdTime": "2021-03-24T18:09:18.0653521Z",
      "updatedTime": "2021-03-25T09:12:25.0829363Z",
      "createdUserId": "478b1ca5-fac4-4940-bda1-873c551431ee",
      "updatedUserId": "478b1ca5-fac4-4940-bda1-873c551431ee",
      "versionNumber": 0,
      "componentId": "00000000-0000-0000-0000-000000000000"
    }
  ],
  "dialogs": [
    {
      "rootNodeId": "c327e581-c7a5-4aae-b629-9aae28bc56fc",
      "messageNodes": [
        {
          "botMessageId": "f96d15cf-ca40-44da-bda0-a1db6bdeaed8",
          "nodeType": "BotMessageNode",
          "id": "c327e581-c7a5-4aae-b629-9aae28bc56fc",
          "defaultTargetNodeId": "699acf52-ec98-4ad9-918a-d2f316c9b314"
        }
      ],
      "dialogChangeNodes": [
        {
          "targetDialogId": "new_topic_ff75c3680c434d8cba423897663a537e_aeabea4d071f415c8c107e1cb7af5424_assumedsuccess",
          "nodeType": "DialogChangeNode",
          "id": "699acf52-ec98-4ad9-918a-d2f316c9b314"
        }
      ],
      "id": "new_topic_07a97ac9610b44acb5de7f7c66a0d292",
      "displayName": "Dialog for O que é um canal de equipas?",
      "createdTime": "2021-03-24T18:09:18.0653521Z",
      "updatedTime": "2021-03-24T18:09:18.0653521Z",
      "createdUserId": "478b1ca5-fac4-4940-bda1-873c551431ee",
      "updatedUserId": "478b1ca5-fac4-4940-bda1-873c551431ee",
      "versionNumber": 0,
      "componentId": "00000000-0000-0000-0000-000000000000"
    }
  ],
  "botMessages": [
    {
      "channelContent": {
        "web": {
          "contentFormat": "Markdown",
          "content": "Os canais são espaços de colaboração dentro de uma equipa onde o trabalho em si é feito. Os canais são secções dedicadas dentro de uma equipa para manter conversas organizadas por tópicos específicos, projetos, disciplinas, o que funcionar para a sua equipa! Um canal é o lugar onde todos na sua equipa podem ter conversas abertamente.\r\n\r\nOs ficheiros que partilhas no  chat num canal,  são organizadossob  a conta  Files em cada canal."
        }
      },
      "id": "f96d15cf-ca40-44da-bda0-a1db6bdeaed8",
      "createdTime": "2021-03-24T18:09:18.0653521Z",
      "updatedTime": "2021-03-24T18:09:18.0653521Z",
      "createdUserId": "478b1ca5-fac4-4940-bda1-873c551431ee",
      "updatedUserId": "478b1ca5-fac4-4940-bda1-873c551431ee",
      "versionNumber": 0,
      "componentId": "00000000-0000-0000-0000-000000000000"
    }
  ],
  "createdUtc": "0001-01-01T00:00:00Z"
}