{
  "intents": [
    {
      "triggerQueries": [
        "Como posso mover ficheiros entre canais em Equipas?"
      ],
      "dialogId": "new_topic_83796b1261f54319b53a80b4ad9591e0",
      "isTriggeringEnabled": true,
      "canTriggeringBeDisabled": true,
      "id": "new_topic_83796b1261f54319b53a80b4ad9591e0",
      "displayName": "Como posso mover ficheiros entre canais em Equipas?",
      "description": "https://adoptbotv2kb.blob.core.windows.net/%24web/adoptbot2021-Portuguese (Portugal).docx",
      "createdTime": "2021-03-24T18:09:18.0653521Z",
      "updatedTime": "2021-03-25T09:13:10.5491399Z",
      "createdUserId": "478b1ca5-fac4-4940-bda1-873c551431ee",
      "updatedUserId": "478b1ca5-fac4-4940-bda1-873c551431ee",
      "versionNumber": 0,
      "componentId": "00000000-0000-0000-0000-000000000000"
    }
  ],
  "dialogs": [
    {
      "rootNodeId": "dcc72dc1-167a-4fd8-bef5-706227abf6dc",
      "messageNodes": [
        {
          "botMessageId": "70968ba1-3845-4e45-aa20-ea55edd772ba",
          "nodeType": "BotMessageNode",
          "id": "dcc72dc1-167a-4fd8-bef5-706227abf6dc",
          "defaultTargetNodeId": "cb097cd0-b707-479d-8a81-1ce43c1ad05d"
        }
      ],
      "dialogChangeNodes": [
        {
          "targetDialogId": "new_topic_ff75c3680c434d8cba423897663a537e_aeabea4d071f415c8c107e1cb7af5424_assumedsuccess",
          "nodeType": "DialogChangeNode",
          "id": "cb097cd0-b707-479d-8a81-1ce43c1ad05d"
        }
      ],
      "id": "new_topic_83796b1261f54319b53a80b4ad9591e0",
      "displayName": "Dialog for Como posso mover ficheiros entre canais em Equipas?",
      "createdTime": "2021-03-24T18:09:18.0653521Z",
      "updatedTime": "2021-03-24T18:09:18.0653521Z",
      "createdUserId": "478b1ca5-fac4-4940-bda1-873c551431ee",
      "updatedUserId": "478b1ca5-fac4-4940-bda1-873c551431ee",
      "versionNumber": 0,
      "componentId": "00000000-0000-0000-0000-000000000000"
    }
  ],
  "botMessages": [
    {
      "channelContent": {
        "web": {
          "contentFormat": "Markdown",
          "content": "Du pode mover os ficheiros através do  separador \"Ficheiros\" no respetivo canal.\r\n\r\nConfira isto se deseja um guia passo a passo: [Mover ou copiar ficheiros em Equipas](https://support.office.com/en-us/article/move-or-copy-files-in-teams-f83ed547-359b-4fc8-bf5a-60467f53dd60)"
        }
      },
      "id": "70968ba1-3845-4e45-aa20-ea55edd772ba",
      "createdTime": "2021-03-24T18:09:18.0653521Z",
      "updatedTime": "2021-03-24T18:09:18.0653521Z",
      "createdUserId": "478b1ca5-fac4-4940-bda1-873c551431ee",
      "updatedUserId": "478b1ca5-fac4-4940-bda1-873c551431ee",
      "versionNumber": 0,
      "componentId": "00000000-0000-0000-0000-000000000000"
    }
  ],
  "createdUtc": "0001-01-01T00:00:00Z"
}