{
  "intents": [
    {
      "triggerQueries": [
        "Posso conversar com utilizadores externos no Teams?"
      ],
      "dialogId": "new_topic_6f0aa9cb1322410ead6b1054d7419fe9",
      "isTriggeringEnabled": false,
      "id": "new_topic_6f0aa9cb1322410ead6b1054d7419fe9",
      "displayName": "Posso conversar com utilizadores externos no Teams?",
      "description": "https://myfirstbot5159226067.blob.core.windows.net/adoptbotpt/adoptbot2021-Portuguese (3).docx",
      "createdTime": "2021-04-07T18:37:12.8806065Z",
      "updatedTime": "2021-04-07T18:37:12.8806065Z",
      "createdUserId": "704dbbff-ed42-4ede-b8c8-2ac7c33773ac"
    }
  ],
  "dialogs": [
    {
      "rootNodeId": "42b404dd-eb7b-4ff9-820a-80f6278870b3",
      "messageNodes": [
        {
          "botMessageId": "e472e2c6-1cd6-41d3-bb23-25b82f244724",
          "nodeType": "BotMessageNode",
          "id": "42b404dd-eb7b-4ff9-820a-80f6278870b3",
          "defaultTargetNodeId": "b5967ad0-ae63-4c2a-98b9-55ee60204851"
        }
      ],
      "dialogChangeNodes": [
        {
          "targetDialogId": "new_topic_f47de1d400dd44789efae4b80b274492_aeabea4d071f415c8c107e1cb7af5424_assumedsuccess",
          "nodeType": "DialogChangeNode",
          "id": "b5967ad0-ae63-4c2a-98b9-55ee60204851"
        }
      ],
      "id": "new_topic_6f0aa9cb1322410ead6b1054d7419fe9",
      "displayName": "Dialog for Posso conversar com utilizadores externos no Teams?",
      "createdTime": "2021-04-07T18:37:12.8806065Z",
      "updatedTime": "2021-04-07T18:37:12.8806065Z",
      "createdUserId": "704dbbff-ed42-4ede-b8c8-2ac7c33773ac",
      "updatedUserId": "704dbbff-ed42-4ede-b8c8-2ac7c33773ac"
    }
  ],
  "botMessages": [
    {
      "channelContent": {
        "web": {
          "contentFormat": "Markdown",
          "content": "Quando precisa de comunicar e colaborar com pessoas fora da sua organização, pode utilizar o Acesso Externo do Microsoft Teams (também conhecido como federação)  para  encontrar, ligar e conversar com os utilizadores noutros domínios (por exemplo,  contoso.com).\r\n\r\nPode tentar escrever  no e-mail do utilizador externo na barra de pesquisa do Teams. Se a pessoa aparecer, selecione o endereço externo e tente conversar.\r\n\r\nIsto requer que  determinadas opções sejam habilitados  nas  respetivas organizações:\r\n\r\n[Comunicar com utilizadores de outras organizações em Microsoft Teams](https://docs.microsoft.com/en-us/microsoftteams/communicate-with-users-from-other-organizations)"
        }
      },
      "id": "e472e2c6-1cd6-41d3-bb23-25b82f244724",
      "createdTime": "2021-04-07T18:37:12.8806065Z",
      "updatedTime": "2021-04-07T18:37:12.8806065Z",
      "createdUserId": "704dbbff-ed42-4ede-b8c8-2ac7c33773ac",
      "updatedUserId": "704dbbff-ed42-4ede-b8c8-2ac7c33773ac"
    }
  ],
  "createdUtc": "0001-01-01T00:00:00Z"
}