{
  "intents": [
    {
      "triggerQueries": [
        "Como abrir/aceder o walkie talkie?"
      ],
      "dialogId": "new_topic_5a1d0100f9ba4f43a600104552e3165c",
      "isTriggeringEnabled": false,
      "id": "new_topic_5a1d0100f9ba4f43a600104552e3165c",
      "displayName": "Como abrir/aceder o walkie talkie?",
      "description": "https://myfirstbot5159226067.blob.core.windows.net/adoptbotpt/adoptbot2021-Portuguese (3).docx",
      "createdTime": "2021-04-07T18:37:12.8806065Z",
      "updatedTime": "2021-04-07T18:37:12.8806065Z",
      "createdUserId": "704dbbff-ed42-4ede-b8c8-2ac7c33773ac"
    }
  ],
  "dialogs": [
    {
      "rootNodeId": "c987103d-c9e6-444f-a2c9-0608e1873f83",
      "messageNodes": [
        {
          "botMessageId": "e58fb6c0-ab47-4c25-9e10-5b3db8a38366",
          "nodeType": "BotMessageNode",
          "id": "c987103d-c9e6-444f-a2c9-0608e1873f83",
          "defaultTargetNodeId": "7a05b59d-55cf-4b27-afa7-fcb079ef67da"
        }
      ],
      "dialogChangeNodes": [
        {
          "targetDialogId": "new_topic_f47de1d400dd44789efae4b80b274492_aeabea4d071f415c8c107e1cb7af5424_assumedsuccess",
          "nodeType": "DialogChangeNode",
          "id": "7a05b59d-55cf-4b27-afa7-fcb079ef67da"
        }
      ],
      "id": "new_topic_5a1d0100f9ba4f43a600104552e3165c",
      "displayName": "Dialog for Como abrir/aceder o walkie talkie?",
      "createdTime": "2021-04-07T18:37:12.8806065Z",
      "updatedTime": "2021-04-07T18:37:12.8806065Z",
      "createdUserId": "704dbbff-ed42-4ede-b8c8-2ac7c33773ac",
      "updatedUserId": "704dbbff-ed42-4ede-b8c8-2ac7c33773ac"
    }
  ],
  "botMessages": [
    {
      "channelContent": {
        "web": {
          "contentFormat": "Markdown",
          "content": "No Teams, toque em Walkie Talkie na barra de navegação.\r\n\r\nSe não vir a aplicação Walkie Talkie quando abrir o Teams, percorra para cima a partir da parte inferior do ecrã ou toque em Mais opções (nos três pontinhos) para aceder à mesma."
        }
      },
      "id": "e58fb6c0-ab47-4c25-9e10-5b3db8a38366",
      "createdTime": "2021-04-07T18:37:12.8806065Z",
      "updatedTime": "2021-04-07T18:37:12.8806065Z",
      "createdUserId": "704dbbff-ed42-4ede-b8c8-2ac7c33773ac",
      "updatedUserId": "704dbbff-ed42-4ede-b8c8-2ac7c33773ac"
    }
  ],
  "createdUtc": "0001-01-01T00:00:00Z"
}