{
  "intents": [
    {
      "triggerQueries": [
        "Como é que os convidados se juntam a uma equipa?"
      ],
      "dialogId": "new_topic_cffd42c2dfb942a2ba5292554158bae8",
      "isTriggeringEnabled": false,
      "id": "new_topic_cffd42c2dfb942a2ba5292554158bae8",
      "displayName": "Como é que os convidados se juntam a uma equipa?",
      "description": "https://myfirstbot5159226067.blob.core.windows.net/adoptbotpt/adoptbot2021-Portuguese (3).docx",
      "createdTime": "2021-04-07T18:37:12.8795986Z",
      "updatedTime": "2021-04-07T18:37:12.8795986Z",
      "createdUserId": "704dbbff-ed42-4ede-b8c8-2ac7c33773ac"
    }
  ],
  "dialogs": [
    {
      "rootNodeId": "769bf069-638a-446d-93d4-ab7e3c572f4d",
      "messageNodes": [
        {
          "botMessageId": "2b673690-7b49-43c1-8528-87693d9195c3",
          "nodeType": "BotMessageNode",
          "id": "769bf069-638a-446d-93d4-ab7e3c572f4d",
          "defaultTargetNodeId": "637590b7-970a-47b1-ba8d-8e71f09c3ed3"
        }
      ],
      "dialogChangeNodes": [
        {
          "targetDialogId": "new_topic_f47de1d400dd44789efae4b80b274492_aeabea4d071f415c8c107e1cb7af5424_assumedsuccess",
          "nodeType": "DialogChangeNode",
          "id": "637590b7-970a-47b1-ba8d-8e71f09c3ed3"
        }
      ],
      "id": "new_topic_cffd42c2dfb942a2ba5292554158bae8",
      "displayName": "Dialog for Como é que os convidados se juntam a uma equipa?",
      "createdTime": "2021-04-07T18:37:12.8795986Z",
      "updatedTime": "2021-04-07T18:37:12.8795986Z",
      "createdUserId": "704dbbff-ed42-4ede-b8c8-2ac7c33773ac",
      "updatedUserId": "704dbbff-ed42-4ede-b8c8-2ac7c33773ac"
    }
  ],
  "botMessages": [
    {
      "channelContent": {
        "web": {
          "contentFormat": "Markdown",
          "content": "Para adicionar um convidado à sua equipa em Equipas: Selecione Equipas e  vá para  a equipa na sua lista de equipas. Escolha  Mais opções  &gt;  Adicione membro. Insira o endereço de e-mail do hóspede."
        }
      },
      "id": "2b673690-7b49-43c1-8528-87693d9195c3",
      "createdTime": "2021-04-07T18:37:12.8795986Z",
      "updatedTime": "2021-04-07T18:37:12.8795986Z",
      "createdUserId": "704dbbff-ed42-4ede-b8c8-2ac7c33773ac",
      "updatedUserId": "704dbbff-ed42-4ede-b8c8-2ac7c33773ac"
    }
  ],
  "createdUtc": "0001-01-01T00:00:00Z"
}