{
  "intents": [
    {
      "triggerQueries": [
        "Quem pode participar em eventos ao vivo?"
      ],
      "dialogId": "new_topic_a02aa561813241cd9aaeb5cf72bd492f",
      "isTriggeringEnabled": true,
      "canTriggeringBeDisabled": true,
      "id": "new_topic_a02aa561813241cd9aaeb5cf72bd492f",
      "displayName": "Quem pode participar em eventos ao vivo?",
      "description": "https://adoptbotv2kb.blob.core.windows.net/%24web/adoptbot2021-Portuguese (Portugal).docx",
      "createdTime": "2021-03-24T18:09:18.0653521Z",
      "updatedTime": "2021-03-25T09:13:03.2395008Z",
      "createdUserId": "478b1ca5-fac4-4940-bda1-873c551431ee",
      "updatedUserId": "478b1ca5-fac4-4940-bda1-873c551431ee",
      "versionNumber": 0,
      "componentId": "00000000-0000-0000-0000-000000000000"
    }
  ],
  "dialogs": [
    {
      "rootNodeId": "6a32bc03-6a57-4f1b-89de-f63781696f13",
      "messageNodes": [
        {
          "botMessageId": "4aa9df45-a237-47a0-a65a-e3511ef91734",
          "nodeType": "BotMessageNode",
          "id": "6a32bc03-6a57-4f1b-89de-f63781696f13",
          "defaultTargetNodeId": "0353c484-cb3c-4c0e-9d86-6b9bf12c94f5"
        }
      ],
      "dialogChangeNodes": [
        {
          "targetDialogId": "new_topic_ff75c3680c434d8cba423897663a537e_aeabea4d071f415c8c107e1cb7af5424_assumedsuccess",
          "nodeType": "DialogChangeNode",
          "id": "0353c484-cb3c-4c0e-9d86-6b9bf12c94f5"
        }
      ],
      "id": "new_topic_a02aa561813241cd9aaeb5cf72bd492f",
      "displayName": "Dialog for Quem pode participar em eventos ao vivo?",
      "createdTime": "2021-03-24T18:09:18.0653521Z",
      "updatedTime": "2021-03-24T18:09:18.0653521Z",
      "createdUserId": "478b1ca5-fac4-4940-bda1-873c551431ee",
      "updatedUserId": "478b1ca5-fac4-4940-bda1-873c551431ee",
      "versionNumber": 0,
      "componentId": "00000000-0000-0000-0000-000000000000"
    }
  ],
  "botMessages": [
    {
      "channelContent": {
        "web": {
          "contentFormat": "Markdown",
          "content": "Eventos públicos:\r\n\r\nSe um evento for público, qualquer pessoa com o link pode participar sem se inscrever.\r\n\r\nEventos privados:\r\n\r\nSe a presença se limitar à sua organização ou a pessoas e grupos específicos, os participantes devem  inscrever-se para participar. Se  o evento for produzido externamente, precisarão de uma licença  queinclua o Microsoft Stream.\r\n\r\nPara mais detalhes, consulte[g](https://support.microsoft.com/en-us/office/get-started-with-microsoft-teams-live-events-d077fec2-a058-483e-9ab5-1494afda578a) [et começou com os eventos ao vivo da Microsoft Teams](https://support.microsoft.com/en-us/office/get-started-with-microsoft-teams-live-events-d077fec2-a058-483e-9ab5-1494afda578a) ."
        }
      },
      "id": "4aa9df45-a237-47a0-a65a-e3511ef91734",
      "createdTime": "2021-03-24T18:09:18.0653521Z",
      "updatedTime": "2021-03-24T18:09:18.0653521Z",
      "createdUserId": "478b1ca5-fac4-4940-bda1-873c551431ee",
      "updatedUserId": "478b1ca5-fac4-4940-bda1-873c551431ee",
      "versionNumber": 0,
      "componentId": "00000000-0000-0000-0000-000000000000"
    }
  ],
  "createdUtc": "0001-01-01T00:00:00Z"
}