{
  "intents": [
    {
      "triggerQueries": [
        "É possível chamar a atenção de cada utilizador num canal?"
      ],
      "dialogId": "new_topic_06254ffcdbd44f7aa3f7249ca2d60129",
      "isTriggeringEnabled": true,
      "canTriggeringBeDisabled": true,
      "id": "new_topic_06254ffcdbd44f7aa3f7249ca2d60129",
      "displayName": "É possível chamar a atenção de cada utilizador num canal?",
      "description": "https://adoptbotv2kb.blob.core.windows.net/%24web/adoptbot2021-Portuguese (Portugal).docx",
      "createdTime": "2021-03-24T18:09:18.0653521Z",
      "updatedTime": "2021-03-25T09:12:34.4573468Z",
      "createdUserId": "478b1ca5-fac4-4940-bda1-873c551431ee",
      "updatedUserId": "478b1ca5-fac4-4940-bda1-873c551431ee",
      "versionNumber": 0,
      "componentId": "00000000-0000-0000-0000-000000000000"
    }
  ],
  "dialogs": [
    {
      "rootNodeId": "251b358f-a571-4d58-8fda-479d7d09eb5c",
      "messageNodes": [
        {
          "botMessageId": "4383a737-7abb-429e-9d96-e2b774ddb09a",
          "nodeType": "BotMessageNode",
          "id": "251b358f-a571-4d58-8fda-479d7d09eb5c",
          "defaultTargetNodeId": "462c46ce-5dc9-4868-a76c-7b07c04c55e1"
        }
      ],
      "dialogChangeNodes": [
        {
          "targetDialogId": "new_topic_ff75c3680c434d8cba423897663a537e_aeabea4d071f415c8c107e1cb7af5424_assumedsuccess",
          "nodeType": "DialogChangeNode",
          "id": "462c46ce-5dc9-4868-a76c-7b07c04c55e1"
        }
      ],
      "id": "new_topic_06254ffcdbd44f7aa3f7249ca2d60129",
      "displayName": "Dialog for É possível chamar a atenção de cada utilizador num canal?",
      "createdTime": "2021-03-24T18:09:18.0653521Z",
      "updatedTime": "2021-03-24T18:09:18.0653521Z",
      "createdUserId": "478b1ca5-fac4-4940-bda1-873c551431ee",
      "updatedUserId": "478b1ca5-fac4-4940-bda1-873c551431ee",
      "versionNumber": 0,
      "componentId": "00000000-0000-0000-0000-000000000000"
    }
  ],
  "botMessages": [
    {
      "channelContent": {
        "web": {
          "contentFormat": "Markdown",
          "content": "Para chamar a atenção de alguém numa conversa de canal ou numa conversa, @mention-los. Basta escrever @ antes do seu nome e selecioná-los\r\n\r\nda lista que aparece. Ao  usar @team numa conversa, cada membro da equipa recebe um alerta. O tipo de notificação  depende da  configuração de cadaindivíduo.\r\n\r\nDica: Também pode mencionar alguém simplesmente digitando o seu nome e escolhendo o seu pseudónimo. Comece por escrever o primeiro nome e, à medida que continuar a  escrever, será exibida a pessoa ou uma lista de  pessoas  correspondentes.    Escolha a pessoa que quer @mention."
        }
      },
      "id": "4383a737-7abb-429e-9d96-e2b774ddb09a",
      "createdTime": "2021-03-24T18:09:18.0653521Z",
      "updatedTime": "2021-03-24T18:09:18.0653521Z",
      "createdUserId": "478b1ca5-fac4-4940-bda1-873c551431ee",
      "updatedUserId": "478b1ca5-fac4-4940-bda1-873c551431ee",
      "versionNumber": 0,
      "componentId": "00000000-0000-0000-0000-000000000000"
    }
  ],
  "createdUtc": "0001-01-01T00:00:00Z"
}