{
  "intents": [
    {
      "triggerQueries": [
        "Como escondo um canal?"
      ],
      "dialogId": "new_topic_760c4e741a754985bd2266fcb9f5e23f",
      "isTriggeringEnabled": true,
      "canTriggeringBeDisabled": true,
      "id": "new_topic_760c4e741a754985bd2266fcb9f5e23f",
      "displayName": "Como escondo um canal?",
      "description": "https://adoptbotv2kb.blob.core.windows.net/%24web/adoptbot2021-Portuguese (Portugal).docx",
      "createdTime": "2021-03-24T18:09:18.0573466Z",
      "updatedTime": "2021-03-25T09:14:01.3424616Z",
      "createdUserId": "478b1ca5-fac4-4940-bda1-873c551431ee",
      "updatedUserId": "478b1ca5-fac4-4940-bda1-873c551431ee",
      "versionNumber": 0,
      "componentId": "00000000-0000-0000-0000-000000000000"
    }
  ],
  "dialogs": [
    {
      "rootNodeId": "fcf3b1a0-5565-4f4b-a748-4a3f8cdc26a6",
      "messageNodes": [
        {
          "botMessageId": "7fb99112-cde8-4da1-9ad2-ea1495ba004f",
          "nodeType": "BotMessageNode",
          "id": "fcf3b1a0-5565-4f4b-a748-4a3f8cdc26a6",
          "defaultTargetNodeId": "9ecf287e-5bd3-40b6-be45-1b50770cccba"
        }
      ],
      "dialogChangeNodes": [
        {
          "targetDialogId": "new_topic_ff75c3680c434d8cba423897663a537e_aeabea4d071f415c8c107e1cb7af5424_assumedsuccess",
          "nodeType": "DialogChangeNode",
          "id": "9ecf287e-5bd3-40b6-be45-1b50770cccba"
        }
      ],
      "id": "new_topic_760c4e741a754985bd2266fcb9f5e23f",
      "displayName": "Dialog for Como escondo um canal?",
      "createdTime": "2021-03-24T18:09:18.0573466Z",
      "updatedTime": "2021-03-24T18:09:18.0573466Z",
      "createdUserId": "478b1ca5-fac4-4940-bda1-873c551431ee",
      "updatedUserId": "478b1ca5-fac4-4940-bda1-873c551431ee",
      "versionNumber": 0,
      "componentId": "00000000-0000-0000-0000-000000000000"
    }
  ],
  "botMessages": [
    {
      "channelContent": {
        "web": {
          "contentFormat": "Markdown",
          "content": "Vá ao nome da equipa e clique em Maisopções&gt; Hide."
        }
      },
      "id": "7fb99112-cde8-4da1-9ad2-ea1495ba004f",
      "createdTime": "2021-03-24T18:09:18.0573466Z",
      "updatedTime": "2021-03-24T18:09:18.0573466Z",
      "createdUserId": "478b1ca5-fac4-4940-bda1-873c551431ee",
      "updatedUserId": "478b1ca5-fac4-4940-bda1-873c551431ee",
      "versionNumber": 0,
      "componentId": "00000000-0000-0000-0000-000000000000"
    }
  ],
  "createdUtc": "0001-01-01T00:00:00Z"
}