{
  "intents": [
    {
      "triggerQueries": [
        "Como me junto a uma reunião em equipas do meu telefone?"
      ],
      "dialogId": "new_topic_9d7fed8908fc46cd910b033a0352263a",
      "isTriggeringEnabled": true,
      "canTriggeringBeDisabled": true,
      "id": "new_topic_9d7fed8908fc46cd910b033a0352263a",
      "displayName": "Como me junto a uma reunião em equipas do meu telefone?",
      "description": "https://adoptbotv2kb.blob.core.windows.net/%24web/adoptbot2021-Portuguese (Portugal).docx",
      "createdTime": "2021-03-24T18:09:18.0653521Z",
      "updatedTime": "2021-03-25T09:12:22.5809278Z",
      "createdUserId": "478b1ca5-fac4-4940-bda1-873c551431ee",
      "updatedUserId": "478b1ca5-fac4-4940-bda1-873c551431ee",
      "versionNumber": 0,
      "componentId": "00000000-0000-0000-0000-000000000000"
    }
  ],
  "dialogs": [
    {
      "rootNodeId": "4ee8e20e-5878-465c-b6aa-a38411a483c8",
      "messageNodes": [
        {
          "botMessageId": "b3c2eb28-b6b5-4b09-89fc-6558e522812a",
          "nodeType": "BotMessageNode",
          "id": "4ee8e20e-5878-465c-b6aa-a38411a483c8",
          "defaultTargetNodeId": "bebd1b31-948a-4d0d-b5e5-8be8e7219389"
        }
      ],
      "dialogChangeNodes": [
        {
          "targetDialogId": "new_topic_ff75c3680c434d8cba423897663a537e_aeabea4d071f415c8c107e1cb7af5424_assumedsuccess",
          "nodeType": "DialogChangeNode",
          "id": "bebd1b31-948a-4d0d-b5e5-8be8e7219389"
        }
      ],
      "id": "new_topic_9d7fed8908fc46cd910b033a0352263a",
      "displayName": "Dialog for Como me junto a uma reunião em equipas do meu telefone?",
      "createdTime": "2021-03-24T18:09:18.0653521Z",
      "updatedTime": "2021-03-24T18:09:18.0653521Z",
      "createdUserId": "478b1ca5-fac4-4940-bda1-873c551431ee",
      "updatedUserId": "478b1ca5-fac4-4940-bda1-873c551431ee",
      "versionNumber": 0,
      "componentId": "00000000-0000-0000-0000-000000000000"
    }
  ],
  "botMessages": [
    {
      "channelContent": {
        "web": {
          "contentFormat": "Markdown",
          "content": "A partir do seu dispositivo móvel, abra a app Teams e toque no Calendário.  Then clique no botão 'Juntar',  para a reunião desejada.  [Consulte](https://support.microsoft.com/en-us/office/ansluta-till-ett-m%C3%B6te-i-teams-1613bb53-f3fa-431e-85a9-d6a91e3468c9)[este](https://support.microsoft.com/en-us/office/ansluta-till-ett-m%C3%B6te-i-teams-1613bb53-f3fa-431e-85a9-d6a91e3468c9) link para [mais opções](https://support.microsoft.com/en-us/office/ansluta-till-ett-m%C3%B6te-i-teams-1613bb53-f3fa-431e-85a9-d6a91e3468c9)"
        }
      },
      "id": "b3c2eb28-b6b5-4b09-89fc-6558e522812a",
      "createdTime": "2021-03-24T18:09:18.0653521Z",
      "updatedTime": "2021-03-24T18:09:18.0653521Z",
      "createdUserId": "478b1ca5-fac4-4940-bda1-873c551431ee",
      "updatedUserId": "478b1ca5-fac4-4940-bda1-873c551431ee",
      "versionNumber": 0,
      "componentId": "00000000-0000-0000-0000-000000000000"
    }
  ],
  "createdUtc": "0001-01-01T00:00:00Z"
}