{
  "intents": [
    {
      "triggerQueries": [
        "O que é Leitor Imersivo?"
      ],
      "dialogId": "new_topic_e4a345d456194d17b24a95eb81b28255",
      "isTriggeringEnabled": true,
      "canTriggeringBeDisabled": true,
      "id": "new_topic_e4a345d456194d17b24a95eb81b28255",
      "displayName": "O que é Leitor Imersivo?",
      "description": "https://adoptbotv2kb.blob.core.windows.net/%24web/adoptbot2021-Portuguese (Portugal).docx",
      "createdTime": "2021-03-24T18:09:18.0653521Z",
      "updatedTime": "2021-03-25T09:13:22.4379779Z",
      "createdUserId": "478b1ca5-fac4-4940-bda1-873c551431ee",
      "updatedUserId": "478b1ca5-fac4-4940-bda1-873c551431ee",
      "versionNumber": 0,
      "componentId": "00000000-0000-0000-0000-000000000000"
    }
  ],
  "dialogs": [
    {
      "rootNodeId": "d9cdb46d-34a0-4273-87db-575c0337b5a7",
      "messageNodes": [
        {
          "botMessageId": "f4b74ef7-9dd5-4237-b2b4-8aa978a4d805",
          "nodeType": "BotMessageNode",
          "id": "d9cdb46d-34a0-4273-87db-575c0337b5a7",
          "defaultTargetNodeId": "d8332244-d078-4d9c-a603-a97994365119"
        }
      ],
      "dialogChangeNodes": [
        {
          "targetDialogId": "new_topic_ff75c3680c434d8cba423897663a537e_aeabea4d071f415c8c107e1cb7af5424_assumedsuccess",
          "nodeType": "DialogChangeNode",
          "id": "d8332244-d078-4d9c-a603-a97994365119"
        }
      ],
      "id": "new_topic_e4a345d456194d17b24a95eb81b28255",
      "displayName": "Dialog for O que é Leitor Imersivo?",
      "createdTime": "2021-03-24T18:09:18.0653521Z",
      "updatedTime": "2021-03-24T18:09:18.0653521Z",
      "createdUserId": "478b1ca5-fac4-4940-bda1-873c551431ee",
      "updatedUserId": "478b1ca5-fac4-4940-bda1-873c551431ee",
      "versionNumber": 0,
      "componentId": "00000000-0000-0000-0000-000000000000"
    }
  ],
  "botMessages": [
    {
      "channelContent": {
        "web": {
          "contentFormat": "Markdown",
          "content": "[Clique aqui para](https://support.microsoft.com/en-us/office/anv%C3%A4nda-avancerad-l%C3%A4sare-i-microsoft-teams-a700c0d0-bc53-4696-a94d-4fbc86ac7a9a) [um](https://support.microsoft.com/en-us/office/anv%C3%A4nda-avancerad-l%C3%A4sare-i-microsoft-teams-a700c0d0-bc53-4696-a94d-4fbc86ac7a9a)[guia para](https://support.microsoft.com/en-us/office/anv%C3%A4nda-avancerad-l%C3%A4sare-i-microsoft-teams-a700c0d0-bc53-4696-a94d-4fbc86ac7a9a)  Imersivo  [R](https://support.microsoft.com/en-us/office/anv%C3%A4nda-avancerad-l%C3%A4sare-i-microsoft-teams-a700c0d0-bc53-4696-a94d-4fbc86ac7a9a) [eader em Equipas (com fotos)](https://support.microsoft.com/en-us/office/anv%C3%A4nda-avancerad-l%C3%A4sare-i-microsoft-teams-a700c0d0-bc53-4696-a94d-4fbc86ac7a9a)\r\n\r\nSe desejar que o texto seja lido em voz alta ou fale uma língua diferente, pode  fazer texto no fato da  equipa de quenecessita.  Color, forma, tamanho podem ser adaptados às suas preferências, o que, por exemplo, facilita para pessoas com  dislexia e dificuldades de aprendizagem.\r\n\r\nO dicionário de imagens, o foco de linha e as aulas de palavras também estão disponíveis para suporte visual.\r\n\r\nEm qualquer mensagem em Equipas, clique em Mais opções \"...\" e selecione Immersive Reader.\r\n\r\nTente esta mensagem, por exemplo. As configurações são únicas para si."
        }
      },
      "id": "f4b74ef7-9dd5-4237-b2b4-8aa978a4d805",
      "createdTime": "2021-03-24T18:09:18.0653521Z",
      "updatedTime": "2021-03-24T18:09:18.0653521Z",
      "createdUserId": "478b1ca5-fac4-4940-bda1-873c551431ee",
      "updatedUserId": "478b1ca5-fac4-4940-bda1-873c551431ee",
      "versionNumber": 0,
      "componentId": "00000000-0000-0000-0000-000000000000"
    }
  ],
  "createdUtc": "0001-01-01T00:00:00Z"
}