{
  "intents": [
    {
      "triggerQueries": [
        "O que é o Teams e por que devo utilizá-lo?"
      ],
      "dialogId": "new_topic_4537fe4f72174e3fb54c4006c14a6f63",
      "isTriggeringEnabled": false,
      "id": "new_topic_4537fe4f72174e3fb54c4006c14a6f63",
      "displayName": "O que é o Teams e por que devo utilizá-lo?",
      "description": "https://myfirstbot5159226067.blob.core.windows.net/adoptbotpt/adoptbot2021-Portuguese (3).docx",
      "createdTime": "2021-04-07T18:37:12.8785774Z",
      "updatedTime": "2021-04-13T15:48:22.2719155Z",
      "createdUserId": "704dbbff-ed42-4ede-b8c8-2ac7c33773ac",
      "updatedUserId": "704dbbff-ed42-4ede-b8c8-2ac7c33773ac"
    }
  ],
  "dialogs": [
    {
      "rootNodeId": "2bf306ee-8105-4694-a808-0b45b53a020f",
      "messageNodes": [
        {
          "botMessageId": "a73fdaec-f948-4e70-be32-fcddb63646f0",
          "nodeType": "BotMessageNode",
          "id": "2bf306ee-8105-4694-a808-0b45b53a020f",
          "defaultTargetNodeId": "2b5026b1-3b27-47d9-9045-1f26a012ba58"
        }
      ],
      "dialogChangeNodes": [
        {
          "targetDialogId": "new_topic_f47de1d400dd44789efae4b80b274492_aeabea4d071f415c8c107e1cb7af5424_assumedsuccess",
          "nodeType": "DialogChangeNode",
          "id": "2b5026b1-3b27-47d9-9045-1f26a012ba58"
        }
      ],
      "id": "new_topic_4537fe4f72174e3fb54c4006c14a6f63",
      "displayName": "Dialog for O que são equipas e por que devo utilizá-las?",
      "createdTime": "2021-04-07T18:37:12.8785774Z",
      "updatedTime": "2021-04-07T18:37:12.8785774Z",
      "createdUserId": "704dbbff-ed42-4ede-b8c8-2ac7c33773ac",
      "updatedUserId": "704dbbff-ed42-4ede-b8c8-2ac7c33773ac"
    }
  ],
  "botMessages": [
    {
      "channelContent": {
        "web": {
          "contentFormat": "Markdown",
          "content": "O Microsoft Teams é a melhor aplicação de mensagens para a organização!\r\n\r\nUm espaço de trabalho para colaboração e comunicação em tempo rea, que permite reuniões, trabalhar em ficheiros e a partilha de aplicações, utilizando até emojis e  GIFs! Tudo num só local onde todos conseguem aceder.\r\n\r\nPorquê utilizar o Microsoft Teams:\r\n\r\n- Conversa moderna com texto, áudio, vídeo e partilha de ficheiros.\r\n- [Ter uma conversa privada](https://support.microsoft.com/en-us/office/start-a-chat-in-teams-0c71b32b-c050-4930-a887-5afbe742b3d8) para desenvolver uma ideia, com capacidade de partilha para toda a organização\r\n- Capacidade de armazenar todos os seus ficheiros, documentos e muito mais num[só local.](https://support.microsoft.com/en-us/office/explore-the-files-list-in-teams-287ba970-2bdf-473d-a2da-76247ea4cf8f)\r\n- Capacidade de integrar as suas aplicações favoritas Planner, Trello, e muito mais."
        }
      },
      "id": "a73fdaec-f948-4e70-be32-fcddb63646f0",
      "createdTime": "2021-04-07T18:37:12.8785774Z",
      "updatedTime": "2021-04-07T18:37:12.8785774Z",
      "createdUserId": "704dbbff-ed42-4ede-b8c8-2ac7c33773ac",
      "updatedUserId": "704dbbff-ed42-4ede-b8c8-2ac7c33773ac"
    }
  ],
  "createdUtc": "0001-01-01T00:00:00Z"
}