{
  "intents": [
    {
      "triggerQueries": [
        "Como me junto a uma reunião de equipa?"
      ],
      "dialogId": "new_topic_dbd5f377ab594cfbaeec73e50f808e04",
      "isTriggeringEnabled": false,
      "id": "new_topic_dbd5f377ab594cfbaeec73e50f808e04",
      "displayName": "Como me junto a uma reunião de equipa?",
      "description": "https://myfirstbot5159226067.blob.core.windows.net/adoptbotpt/adoptbot2021-Portuguese (3).docx",
      "createdTime": "2021-04-07T18:37:12.8795986Z",
      "updatedTime": "2021-04-07T18:37:12.8795986Z",
      "createdUserId": "704dbbff-ed42-4ede-b8c8-2ac7c33773ac"
    }
  ],
  "dialogs": [
    {
      "rootNodeId": "afc2c0a2-8657-4c69-ad96-8d89485c8f1f",
      "messageNodes": [
        {
          "botMessageId": "e8cc4672-17ec-4f5a-8fb1-3ac17076f5db",
          "nodeType": "BotMessageNode",
          "id": "afc2c0a2-8657-4c69-ad96-8d89485c8f1f",
          "defaultTargetNodeId": "1c4e4e8f-9cf2-4b2c-99ac-fa4f23c93382"
        }
      ],
      "dialogChangeNodes": [
        {
          "targetDialogId": "new_topic_f47de1d400dd44789efae4b80b274492_aeabea4d071f415c8c107e1cb7af5424_assumedsuccess",
          "nodeType": "DialogChangeNode",
          "id": "1c4e4e8f-9cf2-4b2c-99ac-fa4f23c93382"
        }
      ],
      "id": "new_topic_dbd5f377ab594cfbaeec73e50f808e04",
      "displayName": "Dialog for Como me junto a uma reunião de equipa?",
      "createdTime": "2021-04-07T18:37:12.8795986Z",
      "updatedTime": "2021-04-07T18:37:12.8795986Z",
      "createdUserId": "704dbbff-ed42-4ede-b8c8-2ac7c33773ac",
      "updatedUserId": "704dbbff-ed42-4ede-b8c8-2ac7c33773ac"
    }
  ],
  "botMessages": [
    {
      "channelContent": {
        "web": {
          "contentFormat": "Markdown",
          "content": "[Pode juntar-se a uma](https://support.microsoft.com/en-us/office/ansluta-till-ett-m%C3%B6te-i-teams-1613bb53-f3fa-431e-85a9-d6a91e3468c9) [equipa](https://support.microsoft.com/en-us/office/ansluta-till-ett-m%C3%B6te-i-teams-1613bb53-f3fa-431e-85a9-d6a91e3468c9)[a](https://support.microsoft.com/en-us/office/ansluta-till-ett-m%C3%B6te-i-teams-1613bb53-f3fa-431e-85a9-d6a91e3468c9) [qualquer momento.](https://support.microsoft.com/en-us/office/ansluta-till-ett-m%C3%B6te-i-teams-1613bb53-f3fa-431e-85a9-d6a91e3468c9) Clique no link no  seu convite de reunião  ou selecione  Junte-se  diretamente  em  Equipas.\r\n\r\nAtravés do Calendar em Equipas,  pode ver o seu calendário e  participar e/ou agendar reuniões de equipas. Se  a sua  organização oferecer  conferência sonora como opção,  um número de marcaçãoserá  mostradono   convite para a reunião."
        }
      },
      "id": "e8cc4672-17ec-4f5a-8fb1-3ac17076f5db",
      "createdTime": "2021-04-07T18:37:12.8795986Z",
      "updatedTime": "2021-04-07T18:37:12.8795986Z",
      "createdUserId": "704dbbff-ed42-4ede-b8c8-2ac7c33773ac",
      "updatedUserId": "704dbbff-ed42-4ede-b8c8-2ac7c33773ac"
    }
  ],
  "createdUtc": "0001-01-01T00:00:00Z"
}