{
  "intents": [
    {
      "triggerQueries": [
        "Como adiciono convidados a uma equipa?"
      ],
      "dialogId": "new_topic_8339692e53684e359fa684e1ebe538a4",
      "isTriggeringEnabled": true,
      "canTriggeringBeDisabled": true,
      "id": "new_topic_8339692e53684e359fa684e1ebe538a4",
      "displayName": "Como adiciono convidados a uma equipa?",
      "description": "https://adoptbotv2kb.blob.core.windows.net/%24web/adoptbot2021-Portuguese (Portugal).docx",
      "createdTime": "2021-03-24T18:09:18.0573466Z",
      "updatedTime": "2021-03-25T09:13:53.3434073Z",
      "createdUserId": "478b1ca5-fac4-4940-bda1-873c551431ee",
      "updatedUserId": "478b1ca5-fac4-4940-bda1-873c551431ee",
      "versionNumber": 0,
      "componentId": "00000000-0000-0000-0000-000000000000"
    }
  ],
  "dialogs": [
    {
      "rootNodeId": "a72fca7a-1804-477a-ae96-10f36bd0bc4b",
      "messageNodes": [
        {
          "botMessageId": "07d12265-bd96-4a76-9515-5ec9f183db10",
          "nodeType": "BotMessageNode",
          "id": "a72fca7a-1804-477a-ae96-10f36bd0bc4b",
          "defaultTargetNodeId": "efb0ecfe-d735-4615-9e8e-a9d799cedaf0"
        }
      ],
      "dialogChangeNodes": [
        {
          "targetDialogId": "new_topic_ff75c3680c434d8cba423897663a537e_aeabea4d071f415c8c107e1cb7af5424_assumedsuccess",
          "nodeType": "DialogChangeNode",
          "id": "efb0ecfe-d735-4615-9e8e-a9d799cedaf0"
        }
      ],
      "id": "new_topic_8339692e53684e359fa684e1ebe538a4",
      "displayName": "Dialog for Como adiciono convidados a uma equipa?",
      "createdTime": "2021-03-24T18:09:18.0573466Z",
      "updatedTime": "2021-03-24T18:09:18.0573466Z",
      "createdUserId": "478b1ca5-fac4-4940-bda1-873c551431ee",
      "updatedUserId": "478b1ca5-fac4-4940-bda1-873c551431ee",
      "versionNumber": 0,
      "componentId": "00000000-0000-0000-0000-000000000000"
    }
  ],
  "botMessages": [
    {
      "channelContent": {
        "web": {
          "contentFormat": "Markdown",
          "content": "Se você é um dono de equipe, você pode convidar convidados fora da sua organização para a sua equipe.\r\n\r\nVá ao nome da equipa, clique em Mais opções e,  em seguida,  clique emAdicionar Membros.\r\n\r\nE nter o endereço de e-mail do hóspede.\r\n\r\nPor favor, note:\r\n\r\n- Os hóspedes precisam apenas de um endereço de e-mail válido.\r\n- Se tiver um erro de  permissão, a sua organização não permite hóspedes. Contacte o seu administrador de TI para mais informações.\r\n\r\n\r\nAgora que tem convidados na sua equipa, pode estar curioso para saber [o que o](https://support.microsoft.com/en-us/office/team-owner-member-and-guest-capabilities-in-teams-d03fdf5b-1a6e-48e4-8e07-b13e1350ec7b)[seu](https://support.microsoft.com/en-us/office/team-owner-member-and-guest-capabilities-in-teams-d03fdf5b-1a6e-48e4-8e07-b13e1350ec7b)[hóspede](https://support.microsoft.com/en-us/office/team-owner-member-and-guest-capabilities-in-teams-d03fdf5b-1a6e-48e4-8e07-b13e1350ec7b)[pode fazer](https://support.microsoft.com/en-us/office/team-owner-member-and-guest-capabilities-in-teams-d03fdf5b-1a6e-48e4-8e07-b13e1350ec7b)  enquanto estiver aqui ou que  [configurações pode mudar para](https://support.microsoft.com/en-us/office/set-guest-permissions-for-channels-in-teams-4756c468-2746-4bfd-a582-736d55fcc169) os [seus](https://support.microsoft.com/en-us/office/set-guest-permissions-for-channels-in-teams-4756c468-2746-4bfd-a582-736d55fcc169)[hóspedes.](https://support.microsoft.com/en-us/office/set-guest-permissions-for-channels-in-teams-4756c468-2746-4bfd-a582-736d55fcc169)"
        }
      },
      "id": "07d12265-bd96-4a76-9515-5ec9f183db10",
      "createdTime": "2021-03-24T18:09:18.0573466Z",
      "updatedTime": "2021-03-24T18:09:18.0573466Z",
      "createdUserId": "478b1ca5-fac4-4940-bda1-873c551431ee",
      "updatedUserId": "478b1ca5-fac4-4940-bda1-873c551431ee",
      "versionNumber": 0,
      "componentId": "00000000-0000-0000-0000-000000000000"
    }
  ],
  "createdUtc": "0001-01-01T00:00:00Z"
}