{
  "intents": [
    {
      "triggerQueries": [
        "Elimine uma mensagem enviada?"
      ],
      "dialogId": "new_topic_d7a08e16d8e9410a87f91a7e82fdc386",
      "isTriggeringEnabled": false,
      "id": "new_topic_d7a08e16d8e9410a87f91a7e82fdc386",
      "displayName": "Elimine uma mensagem enviada?",
      "description": "https://myfirstbot5159226067.blob.core.windows.net/adoptbotpt/adoptbot2021-Portuguese (3).docx",
      "createdTime": "2021-04-07T18:37:12.8785774Z",
      "updatedTime": "2021-04-07T18:37:12.8785774Z",
      "createdUserId": "704dbbff-ed42-4ede-b8c8-2ac7c33773ac"
    }
  ],
  "dialogs": [
    {
      "rootNodeId": "18357e9e-4981-47cd-a44f-370ac2fff498",
      "messageNodes": [
        {
          "botMessageId": "85d0f8d9-4f24-4d32-ba7f-631f244d1173",
          "nodeType": "BotMessageNode",
          "id": "18357e9e-4981-47cd-a44f-370ac2fff498",
          "defaultTargetNodeId": "5fc3f80e-7ff3-44e3-bc71-ae1633cb3368"
        }
      ],
      "dialogChangeNodes": [
        {
          "targetDialogId": "new_topic_f47de1d400dd44789efae4b80b274492_aeabea4d071f415c8c107e1cb7af5424_assumedsuccess",
          "nodeType": "DialogChangeNode",
          "id": "5fc3f80e-7ff3-44e3-bc71-ae1633cb3368"
        }
      ],
      "id": "new_topic_d7a08e16d8e9410a87f91a7e82fdc386",
      "displayName": "Dialog for Elimine uma mensagem enviada?",
      "createdTime": "2021-04-07T18:37:12.8785774Z",
      "updatedTime": "2021-04-07T18:37:12.8785774Z",
      "createdUserId": "704dbbff-ed42-4ede-b8c8-2ac7c33773ac",
      "updatedUserId": "704dbbff-ed42-4ede-b8c8-2ac7c33773ac"
    }
  ],
  "botMessages": [
    {
      "channelContent": {
        "web": {
          "contentFormat": "Markdown",
          "content": "Se precisar de apagar algo que acabou de enviar, vá  à mensagem e selecioneMais opçõesnos três  pontos \"... \". Irá encontrar a opção “Eliminar mensagem”"
        }
      },
      "id": "85d0f8d9-4f24-4d32-ba7f-631f244d1173",
      "createdTime": "2021-04-07T18:37:12.8785774Z",
      "updatedTime": "2021-04-07T18:37:12.8785774Z",
      "createdUserId": "704dbbff-ed42-4ede-b8c8-2ac7c33773ac",
      "updatedUserId": "704dbbff-ed42-4ede-b8c8-2ac7c33773ac"
    }
  ],
  "createdUtc": "0001-01-01T00:00:00Z"
}