{
  "intents": [
    {
      "triggerQueries": [
        "Quanto é que o espaço OneDrive tenho com o Microsoft 365?"
      ],
      "dialogId": "new_topic_662b7849ad624b0ea087bdecc7d1b365",
      "isTriggeringEnabled": true,
      "canTriggeringBeDisabled": true,
      "id": "new_topic_662b7849ad624b0ea087bdecc7d1b365",
      "displayName": "Quanto é que o espaço OneDrive tenho com o Microsoft 365?",
      "description": "https://adoptbotv2kb.blob.core.windows.net/%24web/adoptbot2021-Portuguese (Portugal).docx",
      "createdTime": "2021-03-24T18:09:18.0583447Z",
      "updatedTime": "2021-03-25T09:13:34.3192118Z",
      "createdUserId": "478b1ca5-fac4-4940-bda1-873c551431ee",
      "updatedUserId": "478b1ca5-fac4-4940-bda1-873c551431ee",
      "versionNumber": 0,
      "componentId": "00000000-0000-0000-0000-000000000000"
    }
  ],
  "dialogs": [
    {
      "rootNodeId": "f1c45df1-85ec-42a1-94ab-2e745b8a73d7",
      "messageNodes": [
        {
          "botMessageId": "114be0ab-d8fa-4bfa-a35c-a31f810ab85b",
          "nodeType": "BotMessageNode",
          "id": "f1c45df1-85ec-42a1-94ab-2e745b8a73d7",
          "defaultTargetNodeId": "c2c247a8-ab44-4599-81ca-3ddb2a3b6317"
        }
      ],
      "dialogChangeNodes": [
        {
          "targetDialogId": "new_topic_ff75c3680c434d8cba423897663a537e_aeabea4d071f415c8c107e1cb7af5424_assumedsuccess",
          "nodeType": "DialogChangeNode",
          "id": "c2c247a8-ab44-4599-81ca-3ddb2a3b6317"
        }
      ],
      "id": "new_topic_662b7849ad624b0ea087bdecc7d1b365",
      "displayName": "Dialog for Quanto é que o espaço OneDrive tenho com o Microsoft 365?",
      "createdTime": "2021-03-24T18:09:18.0583447Z",
      "updatedTime": "2021-03-24T18:09:18.0583447Z",
      "createdUserId": "478b1ca5-fac4-4940-bda1-873c551431ee",
      "updatedUserId": "478b1ca5-fac4-4940-bda1-873c551431ee",
      "versionNumber": 0,
      "componentId": "00000000-0000-0000-0000-000000000000"
    }
  ],
  "botMessages": [
    {
      "channelContent": {
        "web": {
          "contentFormat": "Markdown",
          "content": "Nós\r\n\r\nEuarecebe 1 TB (1.000GB)  de espaço de armazenamentono  OneDrive\r\n\r\n[Com base no seu](https://docs.microsoft.com/en-us/onedrive/set-default-storage-space) licenciamento, este pode ser  aumentado para 5 TB (5.000 GB) por utilizador."
        }
      },
      "id": "114be0ab-d8fa-4bfa-a35c-a31f810ab85b",
      "createdTime": "2021-03-24T18:09:18.0583447Z",
      "updatedTime": "2021-03-24T18:09:18.0583447Z",
      "createdUserId": "478b1ca5-fac4-4940-bda1-873c551431ee",
      "updatedUserId": "478b1ca5-fac4-4940-bda1-873c551431ee",
      "versionNumber": 0,
      "componentId": "00000000-0000-0000-0000-000000000000"
    }
  ],
  "createdUtc": "0001-01-01T00:00:00Z"
}