{
  "intents": [
    {
      "triggerQueries": [
        "Qual é o número máximo de membros que posso ter numa equipa?"
      ],
      "dialogId": "new_topic_0bbbb300cb6546699e84ae989138c7f1",
      "isTriggeringEnabled": true,
      "canTriggeringBeDisabled": true,
      "id": "new_topic_0bbbb300cb6546699e84ae989138c7f1",
      "displayName": "Qual é o número máximo de membros que posso ter numa equipa?",
      "description": "https://adoptbotv2kb.blob.core.windows.net/%24web/adoptbot2021-Portuguese (Portugal).docx",
      "createdTime": "2021-03-24T18:09:18.0573466Z",
      "updatedTime": "2021-03-25T09:14:04.6999996Z",
      "createdUserId": "478b1ca5-fac4-4940-bda1-873c551431ee",
      "updatedUserId": "478b1ca5-fac4-4940-bda1-873c551431ee",
      "versionNumber": 0,
      "componentId": "00000000-0000-0000-0000-000000000000"
    }
  ],
  "dialogs": [
    {
      "rootNodeId": "34ae669e-6977-4cc0-a8a8-1ec9390ae136",
      "messageNodes": [
        {
          "botMessageId": "57e0d4f7-7b00-42a6-b045-4272fb9dc179",
          "nodeType": "BotMessageNode",
          "id": "34ae669e-6977-4cc0-a8a8-1ec9390ae136",
          "defaultTargetNodeId": "9bdcadfb-5810-4402-a554-b326d3bf436f"
        }
      ],
      "dialogChangeNodes": [
        {
          "targetDialogId": "new_topic_ff75c3680c434d8cba423897663a537e_aeabea4d071f415c8c107e1cb7af5424_assumedsuccess",
          "nodeType": "DialogChangeNode",
          "id": "9bdcadfb-5810-4402-a554-b326d3bf436f"
        }
      ],
      "id": "new_topic_0bbbb300cb6546699e84ae989138c7f1",
      "displayName": "Dialog for Qual é o número máximo de membros que posso ter numa equipa?",
      "createdTime": "2021-03-24T18:09:18.0573466Z",
      "updatedTime": "2021-03-24T18:09:18.0573466Z",
      "createdUserId": "478b1ca5-fac4-4940-bda1-873c551431ee",
      "updatedUserId": "478b1ca5-fac4-4940-bda1-873c551431ee",
      "versionNumber": 0,
      "componentId": "00000000-0000-0000-0000-000000000000"
    }
  ],
  "botMessages": [
    {
      "channelContent": {
        "web": {
          "contentFormat": "Markdown",
          "content": "[O número máximo de membros de uma equipa é](https://docs.microsoft.com/en-us/microsoftteams/limits-specifications-teams) atualmente de 10.000 pessoas (início de 2021).  Clique sempre  no link para as  últimas notícias, uma vez que o limite pode ter sido  aumentado.\r\n\r\nEm 2021, o limite foi/vai aumentar para  [25.000 pessoas por equipa](https://www.microsoft.com/en-us/microsoft-365/roadmap?filters=&searchterms=68723) ."
        }
      },
      "id": "57e0d4f7-7b00-42a6-b045-4272fb9dc179",
      "createdTime": "2021-03-24T18:09:18.0573466Z",
      "updatedTime": "2021-03-24T18:09:18.0573466Z",
      "createdUserId": "478b1ca5-fac4-4940-bda1-873c551431ee",
      "updatedUserId": "478b1ca5-fac4-4940-bda1-873c551431ee",
      "versionNumber": 0,
      "componentId": "00000000-0000-0000-0000-000000000000"
    }
  ],
  "createdUtc": "0001-01-01T00:00:00Z"
}