{
  "intents": [
    {
      "triggerQueries": [
        "Posso apagar uma conversa antiga?"
      ],
      "dialogId": "new_topic_9a07b951de5e44718cca4c03a5089b27",
      "isTriggeringEnabled": false,
      "id": "new_topic_9a07b951de5e44718cca4c03a5089b27",
      "displayName": "Posso apagar uma conversa antiga?",
      "description": "https://myfirstbot5159226067.blob.core.windows.net/adoptbotpt/adoptbot2021-Portuguese (3).docx",
      "createdTime": "2021-04-07T18:37:12.8785774Z",
      "updatedTime": "2021-04-07T18:37:12.8785774Z",
      "createdUserId": "704dbbff-ed42-4ede-b8c8-2ac7c33773ac"
    }
  ],
  "dialogs": [
    {
      "rootNodeId": "13eaa2f1-cde3-46ca-a0a2-b5b9b970c754",
      "messageNodes": [
        {
          "botMessageId": "5f7a5e08-f6d2-465b-8025-0fee4f41cf1c",
          "nodeType": "BotMessageNode",
          "id": "13eaa2f1-cde3-46ca-a0a2-b5b9b970c754",
          "defaultTargetNodeId": "692a091f-eb07-424b-b186-06c2ddaca53f"
        }
      ],
      "dialogChangeNodes": [
        {
          "targetDialogId": "new_topic_f47de1d400dd44789efae4b80b274492_aeabea4d071f415c8c107e1cb7af5424_assumedsuccess",
          "nodeType": "DialogChangeNode",
          "id": "692a091f-eb07-424b-b186-06c2ddaca53f"
        }
      ],
      "id": "new_topic_9a07b951de5e44718cca4c03a5089b27",
      "displayName": "Dialog for Posso apagar uma conversa antiga?",
      "createdTime": "2021-04-07T18:37:12.8785774Z",
      "updatedTime": "2021-04-07T18:37:12.8785774Z",
      "createdUserId": "704dbbff-ed42-4ede-b8c8-2ac7c33773ac",
      "updatedUserId": "704dbbff-ed42-4ede-b8c8-2ac7c33773ac"
    }
  ],
  "botMessages": [
    {
      "channelContent": {
        "web": {
          "contentFormat": "Markdown",
          "content": "Embora não possa apagar uma conversa inteira, pode escondê-la para tirá-la da sua lista de conversações.\r\n\r\nE também é capaz de apagar mensagens individuais que enviou."
        }
      },
      "id": "5f7a5e08-f6d2-465b-8025-0fee4f41cf1c",
      "createdTime": "2021-04-07T18:37:12.8785774Z",
      "updatedTime": "2021-04-07T18:37:12.8785774Z",
      "createdUserId": "704dbbff-ed42-4ede-b8c8-2ac7c33773ac",
      "updatedUserId": "704dbbff-ed42-4ede-b8c8-2ac7c33773ac"
    }
  ],
  "createdUtc": "0001-01-01T00:00:00Z"
}