{
  "intents": [
    {
      "triggerQueries": [
        "Como é que um utilizador acede ou altera o seu PIN?"
      ],
      "dialogId": "new_topic_cdf4d5f9a243486fb6b050e013eb3860",
      "isTriggeringEnabled": true,
      "canTriggeringBeDisabled": true,
      "id": "new_topic_cdf4d5f9a243486fb6b050e013eb3860",
      "displayName": "Como é que um utilizador acede ou altera o seu PIN?",
      "description": "https://adoptbotv2kb.blob.core.windows.net/%24web/adoptbot2021-Portuguese (Portugal).docx",
      "createdTime": "2021-03-24T18:09:18.0583447Z",
      "updatedTime": "2021-03-25T09:13:43.5249111Z",
      "createdUserId": "478b1ca5-fac4-4940-bda1-873c551431ee",
      "updatedUserId": "478b1ca5-fac4-4940-bda1-873c551431ee",
      "versionNumber": 0,
      "componentId": "00000000-0000-0000-0000-000000000000"
    }
  ],
  "dialogs": [
    {
      "rootNodeId": "e7d79ac1-1b3f-459d-b3a4-effde4d01804",
      "messageNodes": [
        {
          "botMessageId": "f3d71b86-c89f-4ba3-9769-9ae7ccd6d625",
          "nodeType": "BotMessageNode",
          "id": "e7d79ac1-1b3f-459d-b3a4-effde4d01804",
          "defaultTargetNodeId": "5f1a46ff-143d-44c0-ba06-39b2a87fd628"
        }
      ],
      "dialogChangeNodes": [
        {
          "targetDialogId": "new_topic_ff75c3680c434d8cba423897663a537e_aeabea4d071f415c8c107e1cb7af5424_assumedsuccess",
          "nodeType": "DialogChangeNode",
          "id": "5f1a46ff-143d-44c0-ba06-39b2a87fd628"
        }
      ],
      "id": "new_topic_cdf4d5f9a243486fb6b050e013eb3860",
      "displayName": "Dialog for Como é que um utilizador acede ou altera o seu PIN?",
      "createdTime": "2021-03-24T18:09:18.0583447Z",
      "updatedTime": "2021-03-24T18:09:18.0583447Z",
      "createdUserId": "478b1ca5-fac4-4940-bda1-873c551431ee",
      "updatedUserId": "478b1ca5-fac4-4940-bda1-873c551431ee",
      "versionNumber": 0,
      "componentId": "00000000-0000-0000-0000-000000000000"
    }
  ],
  "botMessages": [
    {
      "channelContent": {
        "web": {
          "contentFormat": "Markdown",
          "content": "O PIN  só pode ser reiniciado pelo Administrador para a organização."
        }
      },
      "id": "f3d71b86-c89f-4ba3-9769-9ae7ccd6d625",
      "createdTime": "2021-03-24T18:09:18.0583447Z",
      "updatedTime": "2021-03-24T18:09:18.0583447Z",
      "createdUserId": "478b1ca5-fac4-4940-bda1-873c551431ee",
      "updatedUserId": "478b1ca5-fac4-4940-bda1-873c551431ee",
      "versionNumber": 0,
      "componentId": "00000000-0000-0000-0000-000000000000"
    }
  ],
  "createdUtc": "0001-01-01T00:00:00Z"
}