{
  "intents": [
    {
      "triggerQueries": [
        "Posso apagar uma velha conversa?"
      ],
      "dialogId": "new_topic_0121286933d9429280e34faf75e20867",
      "isTriggeringEnabled": true,
      "canTriggeringBeDisabled": true,
      "id": "new_topic_0121286933d9429280e34faf75e20867",
      "displayName": "Posso apagar uma velha conversa?",
      "description": "https://adoptbotv2kb.blob.core.windows.net/%24web/adoptbot2021-Portuguese (Portugal).docx",
      "createdTime": "2021-03-24T18:09:18.0573466Z",
      "updatedTime": "2021-03-25T09:13:52.0458874Z",
      "createdUserId": "478b1ca5-fac4-4940-bda1-873c551431ee",
      "updatedUserId": "478b1ca5-fac4-4940-bda1-873c551431ee",
      "versionNumber": 0,
      "componentId": "00000000-0000-0000-0000-000000000000"
    }
  ],
  "dialogs": [
    {
      "rootNodeId": "9d30d224-e97e-41d9-8a41-d9d28b42acbf",
      "messageNodes": [
        {
          "botMessageId": "41101554-32c4-4653-80a1-019aa72183aa",
          "nodeType": "BotMessageNode",
          "id": "9d30d224-e97e-41d9-8a41-d9d28b42acbf",
          "defaultTargetNodeId": "93129f45-9793-4928-a487-dc82c1bff90b"
        }
      ],
      "dialogChangeNodes": [
        {
          "targetDialogId": "new_topic_ff75c3680c434d8cba423897663a537e_aeabea4d071f415c8c107e1cb7af5424_assumedsuccess",
          "nodeType": "DialogChangeNode",
          "id": "93129f45-9793-4928-a487-dc82c1bff90b"
        }
      ],
      "id": "new_topic_0121286933d9429280e34faf75e20867",
      "displayName": "Dialog for Posso apagar uma velha conversa?",
      "createdTime": "2021-03-24T18:09:18.0573466Z",
      "updatedTime": "2021-03-24T18:09:18.0573466Z",
      "createdUserId": "478b1ca5-fac4-4940-bda1-873c551431ee",
      "updatedUserId": "478b1ca5-fac4-4940-bda1-873c551431ee",
      "versionNumber": 0,
      "componentId": "00000000-0000-0000-0000-000000000000"
    }
  ],
  "botMessages": [
    {
      "channelContent": {
        "web": {
          "contentFormat": "Markdown",
          "content": "Embora não possa apagar uma conversa inteira, pode escondê-la para tirá-la da sua lista de conversações.\r\n\r\nE também é capaz de [apagar mensagens individuais que](https://support.microsoft.com/en-us/office/edit-or-delete-a-sent-message-in-teams-5f1fe604-a900-4a07-b8b7-8cf70ed6b263) enviou."
        }
      },
      "id": "41101554-32c4-4653-80a1-019aa72183aa",
      "createdTime": "2021-03-24T18:09:18.0573466Z",
      "updatedTime": "2021-03-24T18:09:18.0573466Z",
      "createdUserId": "478b1ca5-fac4-4940-bda1-873c551431ee",
      "updatedUserId": "478b1ca5-fac4-4940-bda1-873c551431ee",
      "versionNumber": 0,
      "componentId": "00000000-0000-0000-0000-000000000000"
    }
  ],
  "createdUtc": "0001-01-01T00:00:00Z"
}