{
  "intents": [
    {
      "triggerQueries": [
        "Podemos limitar quem pode criar equipas?"
      ],
      "dialogId": "new_topic_7c8d8f7c3f9f4687969b9a805509d489",
      "isTriggeringEnabled": false,
      "id": "new_topic_7c8d8f7c3f9f4687969b9a805509d489",
      "displayName": "Podemos limitar quem pode criar equipas?",
      "description": "https://myfirstbot5159226067.blob.core.windows.net/adoptbotpt/adoptbot2021-Portuguese (3).docx",
      "createdTime": "2021-04-07T18:37:12.8806065Z",
      "updatedTime": "2021-04-07T18:37:12.8806065Z",
      "createdUserId": "704dbbff-ed42-4ede-b8c8-2ac7c33773ac"
    }
  ],
  "dialogs": [
    {
      "rootNodeId": "92706a28-4797-436d-b074-90da40ee7194",
      "messageNodes": [
        {
          "botMessageId": "bb1eb03b-2b6d-4920-96df-9142a56489c9",
          "nodeType": "BotMessageNode",
          "id": "92706a28-4797-436d-b074-90da40ee7194",
          "defaultTargetNodeId": "c75095d2-aa5b-4c52-8dac-3172bbc2dff7"
        }
      ],
      "dialogChangeNodes": [
        {
          "targetDialogId": "new_topic_f47de1d400dd44789efae4b80b274492_aeabea4d071f415c8c107e1cb7af5424_assumedsuccess",
          "nodeType": "DialogChangeNode",
          "id": "c75095d2-aa5b-4c52-8dac-3172bbc2dff7"
        }
      ],
      "id": "new_topic_7c8d8f7c3f9f4687969b9a805509d489",
      "displayName": "Dialog for Podemos limitar quem pode criar equipas?",
      "createdTime": "2021-04-07T18:37:12.8806065Z",
      "updatedTime": "2021-04-07T18:37:12.8806065Z",
      "createdUserId": "704dbbff-ed42-4ede-b8c8-2ac7c33773ac",
      "updatedUserId": "704dbbff-ed42-4ede-b8c8-2ac7c33773ac"
    }
  ],
  "botMessages": [
    {
      "channelContent": {
        "web": {
          "contentFormat": "Markdown",
          "content": "Por padrão, todos os utilizadores com uma caixa de correio Exchange Online têm permissão para criar grupos Microsoft 365 e, portanto,  uma equipa em Microsoft Teams. Pode ter um controlo mais apertado e limitar a criação de novas equipas e, assim, a criação de novos grupos Microsoft 365,  delegando direitos de criação e gestão de grupos a um conjunto de utilizadores.\r\n\r\nPara obter instruções, consulte Gerir  quem pode [criar grupos Microsoft 365.](https://docs.microsoft.com/en-us/microsoft-365/solutions/manage-creation-of-groups?view=o365-worldwide)\r\n\r\nDica: Confira a app Teams \" Requesta Team\"[Request-a-team](https://docs.microsoft.com/en-us/microsoftteams/platform/samples/app-templates)[-](https://docs.microsoft.com/en-us/microsoftteams/platform/samples/app-templates)[Modelo](https://docs.microsoft.com/en-us/microsoftteams/platform/samples/app-templates)[de aplicação gratuito](https://docs.microsoft.com/en-us/microsoftteams/platform/samples/app-templates)"
        }
      },
      "id": "bb1eb03b-2b6d-4920-96df-9142a56489c9",
      "createdTime": "2021-04-07T18:37:12.8806065Z",
      "updatedTime": "2021-04-07T18:37:12.8806065Z",
      "createdUserId": "704dbbff-ed42-4ede-b8c8-2ac7c33773ac",
      "updatedUserId": "704dbbff-ed42-4ede-b8c8-2ac7c33773ac"
    }
  ],
  "createdUtc": "0001-01-01T00:00:00Z"
}