{
  "intents": [
    {
      "triggerQueries": [
        "Como posso mover ficheiros entre canais em Equipas?"
      ],
      "dialogId": "new_topic_64c5eb5e77504c5899d4732788e8f734",
      "isTriggeringEnabled": false,
      "id": "new_topic_64c5eb5e77504c5899d4732788e8f734",
      "displayName": "Como posso mover ficheiros entre canais em Equipas?",
      "description": "https://myfirstbot5159226067.blob.core.windows.net/adoptbotpt/adoptbot2021-Portuguese (3).docx",
      "createdTime": "2021-04-07T18:37:12.8806065Z",
      "updatedTime": "2021-04-07T18:37:12.8806065Z",
      "createdUserId": "704dbbff-ed42-4ede-b8c8-2ac7c33773ac"
    }
  ],
  "dialogs": [
    {
      "rootNodeId": "3b565f72-bb7d-4a53-9047-bd7f529e1cd4",
      "messageNodes": [
        {
          "botMessageId": "cd8a1dfe-44bd-4a13-88a9-f2d3bc7dd862",
          "nodeType": "BotMessageNode",
          "id": "3b565f72-bb7d-4a53-9047-bd7f529e1cd4",
          "defaultTargetNodeId": "5849e1cd-fc45-44e3-8f00-3703a6bd69af"
        }
      ],
      "dialogChangeNodes": [
        {
          "targetDialogId": "new_topic_f47de1d400dd44789efae4b80b274492_aeabea4d071f415c8c107e1cb7af5424_assumedsuccess",
          "nodeType": "DialogChangeNode",
          "id": "5849e1cd-fc45-44e3-8f00-3703a6bd69af"
        }
      ],
      "id": "new_topic_64c5eb5e77504c5899d4732788e8f734",
      "displayName": "Dialog for Como posso mover ficheiros entre canais em Equipas?",
      "createdTime": "2021-04-07T18:37:12.8806065Z",
      "updatedTime": "2021-04-07T18:37:12.8806065Z",
      "createdUserId": "704dbbff-ed42-4ede-b8c8-2ac7c33773ac",
      "updatedUserId": "704dbbff-ed42-4ede-b8c8-2ac7c33773ac"
    }
  ],
  "botMessages": [
    {
      "channelContent": {
        "web": {
          "contentFormat": "Markdown",
          "content": "Você pode mover os ficheiros através do  separador \"Ficheiros\" no respetivo canal.\r\n\r\nConfira isto se deseja um guia passo a passo: [Mover ou copiar ficheiros em Equipas](https://support.office.com/en-us/article/move-or-copy-files-in-teams-f83ed547-359b-4fc8-bf5a-60467f53dd60)"
        }
      },
      "id": "cd8a1dfe-44bd-4a13-88a9-f2d3bc7dd862",
      "createdTime": "2021-04-07T18:37:12.8806065Z",
      "updatedTime": "2021-04-07T18:37:12.8806065Z",
      "createdUserId": "704dbbff-ed42-4ede-b8c8-2ac7c33773ac",
      "updatedUserId": "704dbbff-ed42-4ede-b8c8-2ac7c33773ac"
    }
  ],
  "createdUtc": "0001-01-01T00:00:00Z"
}