{
  "intents": [
    {
      "triggerQueries": [
        "Como posso permitir o pop-out das conversas?"
      ],
      "dialogId": "new_topic_43368bc363bc44959e0a29f15030db31",
      "isTriggeringEnabled": false,
      "id": "new_topic_43368bc363bc44959e0a29f15030db31",
      "displayName": "Como posso permitir o pop-out das conversas?",
      "description": "https://myfirstbot5159226067.blob.core.windows.net/adoptbotpt/adoptbot2021-Portuguese (3).docx",
      "createdTime": "2021-04-07T18:37:12.8806065Z",
      "updatedTime": "2021-04-07T18:37:12.8806065Z",
      "createdUserId": "704dbbff-ed42-4ede-b8c8-2ac7c33773ac"
    }
  ],
  "dialogs": [
    {
      "rootNodeId": "f8c044f6-1b33-42b1-ac82-677b72bd7f28",
      "messageNodes": [
        {
          "botMessageId": "e9568991-4467-405b-9a14-a8bd16a52070",
          "nodeType": "BotMessageNode",
          "id": "f8c044f6-1b33-42b1-ac82-677b72bd7f28",
          "defaultTargetNodeId": "80a28f0a-bcea-4068-a0aa-4d6e5681c206"
        }
      ],
      "dialogChangeNodes": [
        {
          "targetDialogId": "new_topic_f47de1d400dd44789efae4b80b274492_aeabea4d071f415c8c107e1cb7af5424_assumedsuccess",
          "nodeType": "DialogChangeNode",
          "id": "80a28f0a-bcea-4068-a0aa-4d6e5681c206"
        }
      ],
      "id": "new_topic_43368bc363bc44959e0a29f15030db31",
      "displayName": "Dialog for Como posso permitir o pop-out das conversas?",
      "createdTime": "2021-04-07T18:37:12.8806065Z",
      "updatedTime": "2021-04-07T18:37:12.8806065Z",
      "createdUserId": "704dbbff-ed42-4ede-b8c8-2ac7c33773ac",
      "updatedUserId": "704dbbff-ed42-4ede-b8c8-2ac7c33773ac"
    }
  ],
  "botMessages": [
    {
      "channelContent": {
        "web": {
          "contentFormat": "Markdown",
          "content": "Pode lançar instantaneamente o seu chat 1:1 ou em grupo numa janela separada. Em seguida, redimensionar, reposicionar ou fechar a janela como quiser. É uma ótima maneira de fazer multi-tasking quando se está numa reunião ou numa chamada.\r\n\r\nNota: Pode lançar várias conversas, mas não a mesma conversa duas vezes.\r\n\r\n[Pop out uma conversa no Teams](https://support.microsoft.com/en-us/office/pop-out-a-chat-in-teams-cff95cb0-34af-423f-8f69-fe9106973790)"
        }
      },
      "id": "e9568991-4467-405b-9a14-a8bd16a52070",
      "createdTime": "2021-04-07T18:37:12.8806065Z",
      "updatedTime": "2021-04-07T18:37:12.8806065Z",
      "createdUserId": "704dbbff-ed42-4ede-b8c8-2ac7c33773ac",
      "updatedUserId": "704dbbff-ed42-4ede-b8c8-2ac7c33773ac"
    }
  ],
  "createdUtc": "0001-01-01T00:00:00Z"
}