{
  "intents": [
    {
      "triggerQueries": [
        "As equipas inativas podem ser automaticamente eliminadas após um certo número de dias ou meses?"
      ],
      "dialogId": "new_topic_dd52643c934245878cc73111ca85dc5b",
      "isTriggeringEnabled": false,
      "id": "new_topic_dd52643c934245878cc73111ca85dc5b",
      "displayName": "As equipas inativas podem ser automaticamente eliminadas após um certo número de dias ou meses?",
      "description": "https://myfirstbot5159226067.blob.core.windows.net/adoptbotpt/adoptbot2021-Portuguese (3).docx",
      "createdTime": "2021-04-07T18:37:12.8806065Z",
      "updatedTime": "2021-04-07T18:37:12.8806065Z",
      "createdUserId": "704dbbff-ed42-4ede-b8c8-2ac7c33773ac"
    }
  ],
  "dialogs": [
    {
      "rootNodeId": "0c7999c2-9ef0-4dea-a8a8-6a79acfee470",
      "messageNodes": [
        {
          "botMessageId": "7b5aa429-c964-4fa1-ae76-4e4145d21cd0",
          "nodeType": "BotMessageNode",
          "id": "0c7999c2-9ef0-4dea-a8a8-6a79acfee470",
          "defaultTargetNodeId": "5a9e004e-ba9f-4f71-8374-b22960cb2575"
        }
      ],
      "dialogChangeNodes": [
        {
          "targetDialogId": "new_topic_f47de1d400dd44789efae4b80b274492_aeabea4d071f415c8c107e1cb7af5424_assumedsuccess",
          "nodeType": "DialogChangeNode",
          "id": "5a9e004e-ba9f-4f71-8374-b22960cb2575"
        }
      ],
      "id": "new_topic_dd52643c934245878cc73111ca85dc5b",
      "displayName": "Dialog for As equipas inativas podem ser automaticamente eliminadas após um certo número de dias ou meses?",
      "createdTime": "2021-04-07T18:37:12.8806065Z",
      "updatedTime": "2021-04-07T18:37:12.8806065Z",
      "createdUserId": "704dbbff-ed42-4ede-b8c8-2ac7c33773ac",
      "updatedUserId": "704dbbff-ed42-4ede-b8c8-2ac7c33773ac"
    }
  ],
  "botMessages": [
    {
      "channelContent": {
        "web": {
          "contentFormat": "Markdown",
          "content": "A remoção automática de equipas inativas pode ser gerida utilizando a política de expiração  das  equipas. É uma ótima maneira de limpar equipas inativas que não estão em uso e remover a desordem\r\n\r\nConsulte este [artigo sobre datas de validade](https://docs.microsoft.com/en-us/microsoftteams/team-expiration-renewal)  e renovação automática  [de equipas](https://docs.microsoft.com/en-us/microsoftteams/team-expiration-renewal)"
        }
      },
      "id": "7b5aa429-c964-4fa1-ae76-4e4145d21cd0",
      "createdTime": "2021-04-07T18:37:12.8806065Z",
      "updatedTime": "2021-04-07T18:37:12.8806065Z",
      "createdUserId": "704dbbff-ed42-4ede-b8c8-2ac7c33773ac",
      "updatedUserId": "704dbbff-ed42-4ede-b8c8-2ac7c33773ac"
    }
  ],
  "createdUtc": "0001-01-01T00:00:00Z"
}