{
  "intents": [
    {
      "triggerQueries": [
        "O que são equipas e por que devo usá-lo?"
      ],
      "dialogId": "new_topic_85c39730925442bd8d7800ec0d0ab4ef",
      "isTriggeringEnabled": true,
      "canTriggeringBeDisabled": true,
      "id": "new_topic_85c39730925442bd8d7800ec0d0ab4ef",
      "displayName": "O que são equipas e por que devo usá-lo?",
      "description": "https://adoptbotv2kb.blob.core.windows.net/%24web/adoptbot2021-Portuguese (Portugal).docx",
      "createdTime": "2021-03-24T18:08:35.5362023Z",
      "updatedTime": "2021-03-25T09:14:30.0621742Z",
      "createdUserId": "478b1ca5-fac4-4940-bda1-873c551431ee",
      "updatedUserId": "478b1ca5-fac4-4940-bda1-873c551431ee",
      "versionNumber": 0,
      "componentId": "00000000-0000-0000-0000-000000000000"
    }
  ],
  "dialogs": [
    {
      "rootNodeId": "3c055be5-060e-47c2-9169-284686177269",
      "messageNodes": [
        {
          "botMessageId": "860023af-704f-4681-8beb-c0a3febb9eaa",
          "nodeType": "BotMessageNode",
          "id": "3c055be5-060e-47c2-9169-284686177269",
          "defaultTargetNodeId": "a2a22a47-2f9e-4a16-923f-343f6ddcd45d"
        }
      ],
      "dialogChangeNodes": [
        {
          "targetDialogId": "new_topic_ff75c3680c434d8cba423897663a537e_aeabea4d071f415c8c107e1cb7af5424_assumedsuccess",
          "nodeType": "DialogChangeNode",
          "id": "a2a22a47-2f9e-4a16-923f-343f6ddcd45d"
        }
      ],
      "id": "new_topic_85c39730925442bd8d7800ec0d0ab4ef",
      "displayName": "Dialog for O que são equipas e por que devo usá-lo?",
      "createdTime": "2021-03-24T18:08:35.5362023Z",
      "updatedTime": "2021-03-24T18:08:35.5362023Z",
      "createdUserId": "478b1ca5-fac4-4940-bda1-873c551431ee",
      "updatedUserId": "478b1ca5-fac4-4940-bda1-873c551431ee",
      "versionNumber": 0,
      "componentId": "00000000-0000-0000-0000-000000000000"
    }
  ],
  "botMessages": [
    {
      "channelContent": {
        "web": {
          "contentFormat": "Markdown",
          "content": "O Microsoft Teams é o melhor aplicativo de mensagens para a sua organização!\r\n\r\nUm espaço de trabalho para colaboração e comunicação em tempo real, reuniões, ficheiros e partilha de aplicações, até emojis e  GIFs! Tudo num só lugar e acessível a todos.\r\n\r\nEis o porquê de considerar a utilização de equipas:\r\n\r\n- Conversa moderna com texto, áudio, vídeo e partilha de ficheiros.\r\n- [Tenha uma conversa privada](https://support.microsoft.com/en-us/office/start-a-chat-in-teams-0c71b32b-c050-4930-a887-5afbe742b3d8) para desenvolver uma ideia, em [seguida, partilhá-la com toda a org.](https://support.microsoft.com/en-us/office/learn-about-teams-and-channels-5e4fd702-85f5-48d7-ae14-98821a1f90d3)\r\n- Por favor, guarde os seus ficheiros, documentos e muito mais num[só local.](https://support.microsoft.com/en-us/office/explore-the-files-list-in-teams-287ba970-2bdf-473d-a2da-76247ea4cf8f)\r\n- [Integre as suas](https://support.microsoft.com/en-us/office/five-things-to-know-about-apps-in-microsoft-teams-747492ee-7cdd-4115-a993-8c7e7f98a3d0) aplicações favoritas Planner, Trello, GitHub, e muito mais."
        }
      },
      "id": "860023af-704f-4681-8beb-c0a3febb9eaa",
      "createdTime": "2021-03-24T18:08:35.5362023Z",
      "updatedTime": "2021-03-24T18:08:35.5362023Z",
      "createdUserId": "478b1ca5-fac4-4940-bda1-873c551431ee",
      "updatedUserId": "478b1ca5-fac4-4940-bda1-873c551431ee",
      "versionNumber": 0,
      "componentId": "00000000-0000-0000-0000-000000000000"
    }
  ],
  "createdUtc": "0001-01-01T00:00:00Z"
}