{
  "intents": [
    {
      "triggerQueries": [
        "Como posso mudar as permissões dos hóspedes?"
      ],
      "dialogId": "new_topic_a0a4f4bb1913477aa8f89148f8874b68",
      "isTriggeringEnabled": true,
      "canTriggeringBeDisabled": true,
      "id": "new_topic_a0a4f4bb1913477aa8f89148f8874b68",
      "displayName": "Como posso mudar as permissões dos hóspedes?",
      "description": "https://adoptbotv2kb.blob.core.windows.net/%24web/adoptbot2021-Portuguese (Portugal).docx",
      "createdTime": "2021-03-24T18:09:18.0573466Z",
      "updatedTime": "2021-03-25T09:13:53.9815984Z",
      "createdUserId": "478b1ca5-fac4-4940-bda1-873c551431ee",
      "updatedUserId": "478b1ca5-fac4-4940-bda1-873c551431ee",
      "versionNumber": 0,
      "componentId": "00000000-0000-0000-0000-000000000000"
    }
  ],
  "dialogs": [
    {
      "rootNodeId": "c99bcd58-0ba6-42bb-af95-67e4e2966ea8",
      "messageNodes": [
        {
          "botMessageId": "60649dc8-34cb-47ea-af88-fe5982957195",
          "nodeType": "BotMessageNode",
          "id": "c99bcd58-0ba6-42bb-af95-67e4e2966ea8",
          "defaultTargetNodeId": "54666a8d-a93b-4053-beb0-dc8ddfe270ca"
        }
      ],
      "dialogChangeNodes": [
        {
          "targetDialogId": "new_topic_ff75c3680c434d8cba423897663a537e_aeabea4d071f415c8c107e1cb7af5424_assumedsuccess",
          "nodeType": "DialogChangeNode",
          "id": "54666a8d-a93b-4053-beb0-dc8ddfe270ca"
        }
      ],
      "id": "new_topic_a0a4f4bb1913477aa8f89148f8874b68",
      "displayName": "Dialog for Como posso mudar as permissões dos hóspedes?",
      "createdTime": "2021-03-24T18:09:18.0573466Z",
      "updatedTime": "2021-03-24T18:09:18.0573466Z",
      "createdUserId": "478b1ca5-fac4-4940-bda1-873c551431ee",
      "updatedUserId": "478b1ca5-fac4-4940-bda1-873c551431ee",
      "versionNumber": 0,
      "componentId": "00000000-0000-0000-0000-000000000000"
    }
  ],
  "botMessages": [
    {
      "channelContent": {
        "web": {
          "contentFormat": "Markdown",
          "content": "Se for dono de uma equipa, pode alterar as definições de permissão dos hóspedes indo para o nome da equipa e clicando  em Maisopções e, em seguida, clique em Gerir a equipa .\r\n\r\nNo separador Definições,    clique nas permissões  do Hóspede.\r\n\r\nSe está curioso, aqui está um resumo do [que os hóspedes podem fazer em equipas.](https://support.microsoft.com/en-us/office/team-owner-member-and-guest-capabilities-in-teams-d03fdf5b-1a6e-48e4-8e07-b13e1350ec7b)"
        }
      },
      "id": "60649dc8-34cb-47ea-af88-fe5982957195",
      "createdTime": "2021-03-24T18:09:18.0573466Z",
      "updatedTime": "2021-03-24T18:09:18.0573466Z",
      "createdUserId": "478b1ca5-fac4-4940-bda1-873c551431ee",
      "updatedUserId": "478b1ca5-fac4-4940-bda1-873c551431ee",
      "versionNumber": 0,
      "componentId": "00000000-0000-0000-0000-000000000000"
    }
  ],
  "createdUtc": "0001-01-01T00:00:00Z"
}