<ImportExportXml xmlns:xsi="http://www.w3.org/2001/XMLSchema-instance">
  <Entities></Entities>
  <Roles></Roles>
  <Workflows>
    <Workflow WorkflowId="{56f3fe27-508d-eb11-a812-000d3a9a4382}" Name="AdoçãoBot Perguntar ao Expert" Description="Power Virtual Agents template to send an adaptive cards to a Teams channel">
      <JsonFileName>/Workflows/AdooBotPerguntaraoExpert-56F3FE27-508D-EB11-A812-000D3A9A4382.json</JsonFileName>
      <Type>1</Type>
      <Subprocess>0</Subprocess>
      <Category>5</Category>
      <Mode>0</Mode>
      <Scope>4</Scope>
      <OnDemand>0</OnDemand>
      <TriggerOnCreate>0</TriggerOnCreate>
      <TriggerOnDelete>0</TriggerOnDelete>
      <AsyncAutodelete>0</AsyncAutodelete>
      <SyncWorkflowLogOnFailure>0</SyncWorkflowLogOnFailure>
      <StateCode>1</StateCode>
      <StatusCode>2</StatusCode>
      <RunAs>1</RunAs>
      <IsTransacted>1</IsTransacted>
      <IntroducedVersion>1.0.0.0</IntroducedVersion>
      <IsCustomizable>1</IsCustomizable>
      <BusinessProcessType>0</BusinessProcessType>
      <PrimaryEntity>none</PrimaryEntity>
      <LocalizedNames>
        <LocalizedName languagecode="1033" description="AdoçãoBot Perguntar ao Expert" />
      </LocalizedNames>
      <Descriptions>
        <Description languagecode="1033" description="Power Virtual Agents template to send an adaptive cards to a Teams channel" />
      </Descriptions>
    </Workflow>
    <Workflow WorkflowId="{10742bab-508d-eb11-a812-000d3a9a4382}" Name="AdoçãoBot Submeter Feedback" Description="Template for Power Virtual Agents flow, send a message to a Teams channel">
      <JsonFileName>/Workflows/AdooBotSubmeterFeedback-10742BAB-508D-EB11-A812-000D3A9A4382.json</JsonFileName>
      <Type>1</Type>
      <Subprocess>0</Subprocess>
      <Category>5</Category>
      <Mode>0</Mode>
      <Scope>4</Scope>
      <OnDemand>0</OnDemand>
      <TriggerOnCreate>0</TriggerOnCreate>
      <TriggerOnDelete>0</TriggerOnDelete>
      <AsyncAutodelete>0</AsyncAutodelete>
      <SyncWorkflowLogOnFailure>0</SyncWorkflowLogOnFailure>
      <StateCode>1</StateCode>
      <StatusCode>2</StatusCode>
      <RunAs>1</RunAs>
      <IsTransacted>1</IsTransacted>
      <IntroducedVersion>1.0.0.0</IntroducedVersion>
      <IsCustomizable>1</IsCustomizable>
      <BusinessProcessType>0</BusinessProcessType>
      <PrimaryEntity>none</PrimaryEntity>
      <LocalizedNames>
        <LocalizedName languagecode="1033" description="AdoçãoBot Submeter Feedback" />
      </LocalizedNames>
      <Descriptions>
        <Description languagecode="1033" description="Template for Power Virtual Agents flow, send a message to a Teams channel" />
      </Descriptions>
    </Workflow>
  </Workflows>
  <FieldSecurityProfiles></FieldSecurityProfiles>
  <Templates />
  <EntityMaps />
  <EntityRelationships />
  <OrganizationSettings />
  <optionsets />
  <CustomControls />
  <EntityDataProviders />
  <Languages>
    <Language>1033</Language>
  </Languages>
</ImportExportXml>