{
  "intents": [
    {
      "triggerQueries": [
        "Que tipo de proteção de informação existe no Teams?"
      ],
      "dialogId": "new_topic_1a32af2657934bf88e3e63cb5bc320ab",
      "isTriggeringEnabled": false,
      "id": "new_topic_1a32af2657934bf88e3e63cb5bc320ab",
      "displayName": "Que tipo de proteção de informação existe no Teams?",
      "description": "https://myfirstbot5159226067.blob.core.windows.net/adoptbotpt/adoptbot2021-Portuguese (3).docx",
      "createdTime": "2021-04-07T18:37:12.8785774Z",
      "updatedTime": "2021-04-07T18:37:12.8785774Z",
      "createdUserId": "704dbbff-ed42-4ede-b8c8-2ac7c33773ac"
    }
  ],
  "dialogs": [
    {
      "rootNodeId": "4c6a35ba-76cf-4025-aaf4-ffa98c49bbd9",
      "messageNodes": [
        {
          "botMessageId": "730f792c-5ed8-4e9b-8c1e-29ef032086ee",
          "nodeType": "BotMessageNode",
          "id": "4c6a35ba-76cf-4025-aaf4-ffa98c49bbd9",
          "defaultTargetNodeId": "1efe93d0-0121-4ad3-a2b5-b6d1b242b3d8"
        }
      ],
      "dialogChangeNodes": [
        {
          "targetDialogId": "new_topic_f47de1d400dd44789efae4b80b274492_aeabea4d071f415c8c107e1cb7af5424_assumedsuccess",
          "nodeType": "DialogChangeNode",
          "id": "1efe93d0-0121-4ad3-a2b5-b6d1b242b3d8"
        }
      ],
      "id": "new_topic_1a32af2657934bf88e3e63cb5bc320ab",
      "displayName": "Dialog for Que tipo de proteção de informação existe no Teams?",
      "createdTime": "2021-04-07T18:37:12.8785774Z",
      "updatedTime": "2021-04-07T18:37:12.8785774Z",
      "createdUserId": "704dbbff-ed42-4ede-b8c8-2ac7c33773ac",
      "updatedUserId": "704dbbff-ed42-4ede-b8c8-2ac7c33773ac"
    }
  ],
  "botMessages": [
    {
      "channelContent": {
        "web": {
          "contentFormat": "Markdown",
          "content": "Para garantir as suas necessidades legais, regulamentares e de segurança de conteúdos, as equipas no Microsoft Teams dispõem das seguintes capacidades de proteção de informação através do Microsoft 365 Security & Compliance Center\r\n\r\nArquivo:\r\n\r\nQualquer conteúdo armazenado, em qualquer solução Microsoft 365, relacionada com as equipas deve ser preservado imutavelmente de acordo com a política corporativa da empresa.\r\n\r\nPesquisa de conteúdo de conformidade:\r\n\r\nQualquer conteúdo armazenado em qualquer solução Microsoft 365, pode ser pesquisado através da capacidade de utilização de filtros. Todo o conteúdo pode ser exportado para um local específico para o cumprimento e apoio ao litígio.\r\n\r\neDiscovery:\r\n\r\nAs capacidades ricas do eDiscovery no local, incluindo gestão de casos, preservação, pesquisa, análise e exportação estão disponíveis para ajudar os nossos clientes a simplificar o processo eDiscovery e identificar rapidamente dados relevantes, ao mesmo tempo que diminuem o custo e o risco.\r\n\r\nPor detenção legal:\r\n\r\nQuando qualquer equipa ou indivíduo é colocado em espera ou em litígio, o legal hold é colocado tanto nas mensagens primárias como nas mensagens arquivadas (sem incluir edições ou eliminações).\r\n\r\nPesquisa de registo de auditoria:\r\n\r\nTodas as atividades da equipa e eventos de negócios devem ser armazenados e disponibilizados para pesquisa e exportação de clientes.\r\n\r\nTroca de proteção\r\n\r\non-line: As mensagens de correio eletrónico enviadas para um canal são filtradas para spam, malware, links maliciosos, falsificação e phishing através da Exchange Online Protection e Advanced Threat Protection para a Microsoft 365.\r\n\r\nAcesso condicional:\r\n\r\nGarantimos que o acesso às Equipas está restrito a dispositivos que estejam em conformidade com a sua administração de TI ou organização corporativa definir políticas e regras de segurança. Isto inclui suporte de MDM e MAM com Intune para iOS e Android.\r\n\r\nPara obter mais informações sobre estas funcionalidades de conformidade, consulte a visão geral da segurança e conformidade na Microsoft 365 .\r\n\r\nPara obter mais detalhes sobre pesquisas de conteúdos e equipas, consulte a secção Equipas de Executar uma Pesquisa de Conteúdos no Microsoft 365 Security & Compliance Center ."
        }
      },
      "id": "730f792c-5ed8-4e9b-8c1e-29ef032086ee",
      "createdTime": "2021-04-07T18:37:12.8785774Z",
      "updatedTime": "2021-04-07T18:37:12.8785774Z",
      "createdUserId": "704dbbff-ed42-4ede-b8c8-2ac7c33773ac",
      "updatedUserId": "704dbbff-ed42-4ede-b8c8-2ac7c33773ac"
    }
  ],
  "createdUtc": "0001-01-01T00:00:00Z"
}