{
  "intents": [
    {
      "triggerQueries": [
        "Como crio uma nova equipa?"
      ],
      "dialogId": "new_topic_a508b10289704df09d0446fb584ee8fb",
      "isTriggeringEnabled": false,
      "id": "new_topic_a508b10289704df09d0446fb584ee8fb",
      "displayName": "Como crio uma nova equipa?",
      "description": "https://myfirstbot5159226067.blob.core.windows.net/adoptbotpt/adoptbot2021-Portuguese (3).docx",
      "createdTime": "2021-04-07T18:37:12.8785774Z",
      "updatedTime": "2021-04-07T18:37:12.8785774Z",
      "createdUserId": "704dbbff-ed42-4ede-b8c8-2ac7c33773ac"
    }
  ],
  "dialogs": [
    {
      "rootNodeId": "99fc5548-4ae7-4bd6-9c14-925c4147880d",
      "messageNodes": [
        {
          "botMessageId": "e6750b63-21d1-4f1b-a313-2d6e181d795a",
          "nodeType": "BotMessageNode",
          "id": "99fc5548-4ae7-4bd6-9c14-925c4147880d",
          "defaultTargetNodeId": "f41636fb-6f1c-4d29-8ac3-f5d089a2e2b4"
        }
      ],
      "dialogChangeNodes": [
        {
          "targetDialogId": "new_topic_f47de1d400dd44789efae4b80b274492_aeabea4d071f415c8c107e1cb7af5424_assumedsuccess",
          "nodeType": "DialogChangeNode",
          "id": "f41636fb-6f1c-4d29-8ac3-f5d089a2e2b4"
        }
      ],
      "id": "new_topic_a508b10289704df09d0446fb584ee8fb",
      "displayName": "Dialog for Como crio uma nova equipa?",
      "createdTime": "2021-04-07T18:37:12.8785774Z",
      "updatedTime": "2021-04-07T18:37:12.8785774Z",
      "createdUserId": "704dbbff-ed42-4ede-b8c8-2ac7c33773ac",
      "updatedUserId": "704dbbff-ed42-4ede-b8c8-2ac7c33773ac"
    }
  ],
  "botMessages": [
    {
      "channelContent": {
        "web": {
          "contentFormat": "Markdown",
          "content": "Para que possa criar uma equipa, de forma a colaborar através do Microsoft Teams, terá que fazer um pedido ao departamento de IT da sua entidade.\r\n\r\nA partir do momento em que a sua equipa esteja criada, pode convidar pessoas ou até grupos de contacto inteiros (também conhecidos como \"listas de distribuição\") para se juntarem à sua equipa.\r\n\r\nAgora que tem uma nova equipa, pode adicionar um novo canal  (só se servir um propósito). Ou talvez  [convidar convidados](https://support.microsoft.com/en-us/office/add-guests-to-a-team-in-teams-fccb4fa6-f864-4508-bdde-256e7384a14f)  de fora da sua organização para ajudar com um projeto.\r\n\r\nNota: A sua organização pode ter ajustado algumas opções. Em caso de dificuldade, por favor entre em contacto com o departamento de IT."
        }
      },
      "id": "e6750b63-21d1-4f1b-a313-2d6e181d795a",
      "createdTime": "2021-04-07T18:37:12.8785774Z",
      "updatedTime": "2021-04-07T18:37:12.8785774Z",
      "createdUserId": "704dbbff-ed42-4ede-b8c8-2ac7c33773ac",
      "updatedUserId": "704dbbff-ed42-4ede-b8c8-2ac7c33773ac"
    }
  ],
  "createdUtc": "0001-01-01T00:00:00Z"
}