{
  "intents": [
    {
      "triggerQueries": [
        "Existe alguma restrição nos ficheiros armazenados em Equipas?"
      ],
      "dialogId": "new_topic_acea264c84984fcb843bd82b9221d8fc",
      "isTriggeringEnabled": true,
      "canTriggeringBeDisabled": true,
      "id": "new_topic_acea264c84984fcb843bd82b9221d8fc",
      "displayName": "Existe alguma restrição nos ficheiros armazenados em Equipas?",
      "description": "https://adoptbotv2kb.blob.core.windows.net/%24web/adoptbot2021-Portuguese (Portugal).docx",
      "createdTime": "2021-03-24T18:09:18.0573466Z",
      "updatedTime": "2021-03-25T09:14:00.4046825Z",
      "createdUserId": "478b1ca5-fac4-4940-bda1-873c551431ee",
      "updatedUserId": "478b1ca5-fac4-4940-bda1-873c551431ee",
      "versionNumber": 0,
      "componentId": "00000000-0000-0000-0000-000000000000"
    }
  ],
  "dialogs": [
    {
      "rootNodeId": "476f9e46-6727-418c-9d92-b448729f1ca7",
      "messageNodes": [
        {
          "botMessageId": "c1ef2064-bc2a-4438-860d-a1948061c191",
          "nodeType": "BotMessageNode",
          "id": "476f9e46-6727-418c-9d92-b448729f1ca7",
          "defaultTargetNodeId": "7a78db80-5254-4167-ada0-3524817ddd43"
        }
      ],
      "dialogChangeNodes": [
        {
          "targetDialogId": "new_topic_ff75c3680c434d8cba423897663a537e_aeabea4d071f415c8c107e1cb7af5424_assumedsuccess",
          "nodeType": "DialogChangeNode",
          "id": "7a78db80-5254-4167-ada0-3524817ddd43"
        }
      ],
      "id": "new_topic_acea264c84984fcb843bd82b9221d8fc",
      "displayName": "Dialog for Existe alguma restrição nos ficheiros armazenados em Equipas?",
      "createdTime": "2021-03-24T18:09:18.0573466Z",
      "updatedTime": "2021-03-24T18:09:18.0573466Z",
      "createdUserId": "478b1ca5-fac4-4940-bda1-873c551431ee",
      "updatedUserId": "478b1ca5-fac4-4940-bda1-873c551431ee",
      "versionNumber": 0,
      "componentId": "00000000-0000-0000-0000-000000000000"
    }
  ],
  "botMessages": [
    {
      "channelContent": {
        "web": {
          "contentFormat": "Markdown",
          "content": "File upload limite é de 100 GB por ficheiro. Como as Equipas são executados num backend online sharePoint para partilha de ficheiros, as limitações do SharePoint aplicam-se à secção Ficheiros dentro de um eam t.\r\n\r\nEm 2021, o  limite wcomo/aumentará/aumentará  para  [250 GB por ficheiro.](https://www.microsoft.com/en-us/microsoft-365/roadmap?filters=&searchterms=250%2CGB)"
        }
      },
      "id": "c1ef2064-bc2a-4438-860d-a1948061c191",
      "createdTime": "2021-03-24T18:09:18.0573466Z",
      "updatedTime": "2021-03-24T18:09:18.0573466Z",
      "createdUserId": "478b1ca5-fac4-4940-bda1-873c551431ee",
      "updatedUserId": "478b1ca5-fac4-4940-bda1-873c551431ee",
      "versionNumber": 0,
      "componentId": "00000000-0000-0000-0000-000000000000"
    }
  ],
  "createdUtc": "0001-01-01T00:00:00Z"
}