{
  "intents": [
    {
      "triggerQueries": [
        "Como uso o Quadro Branco em Equipas?"
      ],
      "dialogId": "new_topic_cf503e0be095429c9f024b5bcad2dfed",
      "isTriggeringEnabled": false,
      "id": "new_topic_cf503e0be095429c9f024b5bcad2dfed",
      "displayName": "Como uso o Quadro Branco em Equipas?",
      "description": "https://myfirstbot5159226067.blob.core.windows.net/adoptbotpt/adoptbot2021-Portuguese (3).docx",
      "createdTime": "2021-04-07T18:37:12.8806065Z",
      "updatedTime": "2021-04-07T18:37:12.8806065Z",
      "createdUserId": "704dbbff-ed42-4ede-b8c8-2ac7c33773ac"
    }
  ],
  "dialogs": [
    {
      "rootNodeId": "2c6c7b30-603b-4d9c-b3a8-78c02c1202fa",
      "messageNodes": [
        {
          "botMessageId": "e38cbfbc-46f7-4e65-a38a-e3865658a701",
          "nodeType": "BotMessageNode",
          "id": "2c6c7b30-603b-4d9c-b3a8-78c02c1202fa",
          "defaultTargetNodeId": "1c597f98-ecb8-4902-afff-f1f915b02499"
        }
      ],
      "dialogChangeNodes": [
        {
          "targetDialogId": "new_topic_f47de1d400dd44789efae4b80b274492_aeabea4d071f415c8c107e1cb7af5424_assumedsuccess",
          "nodeType": "DialogChangeNode",
          "id": "1c597f98-ecb8-4902-afff-f1f915b02499"
        }
      ],
      "id": "new_topic_cf503e0be095429c9f024b5bcad2dfed",
      "displayName": "Dialog for Como uso o Quadro Branco em Equipas?",
      "createdTime": "2021-04-07T18:37:12.8806065Z",
      "updatedTime": "2021-04-07T18:37:12.8806065Z",
      "createdUserId": "704dbbff-ed42-4ede-b8c8-2ac7c33773ac",
      "updatedUserId": "704dbbff-ed42-4ede-b8c8-2ac7c33773ac"
    }
  ],
  "botMessages": [
    {
      "channelContent": {
        "web": {
          "contentFormat": "Markdown",
          "content": "Há duas maneiras de o whiteboard em Equipas: utilizar o Microsoft Whiteboard ou o Freehand by Invision.\r\n\r\nUse o Quadro Branco da Microsoft\r\n\r\nCada encontro de Equipas tem um quadro dedicado onde os participantes têm espaço para esboçar em conjunto.\r\n\r\nPara obter informações detalhadas sobre a utilização do Whiteboard em Equipas, consulte [use Whiteboard em Microsoft Teams](https://support.microsoft.com/en-us/office/7a6e7218-e9dc-4ccc-89aa-b1a0bb9c31ee) .\r\n\r\nUse Freehand by Invision\r\n\r\nFreehand é uma ferramenta de whiteboarding da Invision que você pode usar em reuniões para esboçar com outros participantes.\r\n\r\nPara utilizar o Freehand numa reunião, clique em Partilhar  os controlos da reunião e, em seguida, clique em Freehand by Invision  na secção Quadro Branco.  Como organizador, terá de iniciar a sessão com a sua conta Invision.\r\n\r\nDepois, pode começar a desenhar e partilhar com os participantes.\r\n\r\nUma vez partilhado um quadro, a reunião terá um separador de quadros brancos para que os participantes possam facilmente referenciar mais tarde.\r\n\r\nNota:\r\n\r\nEsta funcionalidade só está disponível se um administrador o tiver ativado."
        }
      },
      "id": "e38cbfbc-46f7-4e65-a38a-e3865658a701",
      "createdTime": "2021-04-07T18:37:12.8806065Z",
      "updatedTime": "2021-04-07T18:37:12.8806065Z",
      "createdUserId": "704dbbff-ed42-4ede-b8c8-2ac7c33773ac",
      "updatedUserId": "704dbbff-ed42-4ede-b8c8-2ac7c33773ac"
    }
  ],
  "createdUtc": "0001-01-01T00:00:00Z"
}