{
  "intents": [
    {
      "triggerQueries": [
        "Posso ter um relatóriode presença?"
      ],
      "dialogId": "new_topic_c98a3ac210ba4f47b620cc558df81abf",
      "isTriggeringEnabled": true,
      "canTriggeringBeDisabled": true,
      "id": "new_topic_c98a3ac210ba4f47b620cc558df81abf",
      "displayName": "Posso ter um relatóriode presença?",
      "description": "https://adoptbotv2kb.blob.core.windows.net/%24web/adoptbot2021-Portuguese (Portugal).docx",
      "createdTime": "2021-03-24T18:09:18.0653521Z",
      "updatedTime": "2021-03-25T09:12:57.0058276Z",
      "createdUserId": "478b1ca5-fac4-4940-bda1-873c551431ee",
      "updatedUserId": "478b1ca5-fac4-4940-bda1-873c551431ee",
      "versionNumber": 0,
      "componentId": "00000000-0000-0000-0000-000000000000"
    }
  ],
  "dialogs": [
    {
      "rootNodeId": "96eaa7bb-e8e1-457c-8e40-cc24ccc35df3",
      "messageNodes": [
        {
          "botMessageId": "094f664d-e66d-49f4-a22b-9b8ad38e94f6",
          "nodeType": "BotMessageNode",
          "id": "96eaa7bb-e8e1-457c-8e40-cc24ccc35df3",
          "defaultTargetNodeId": "d3b3b36e-7e50-401f-a1ab-d30451af0c9c"
        }
      ],
      "dialogChangeNodes": [
        {
          "targetDialogId": "new_topic_ff75c3680c434d8cba423897663a537e_aeabea4d071f415c8c107e1cb7af5424_assumedsuccess",
          "nodeType": "DialogChangeNode",
          "id": "d3b3b36e-7e50-401f-a1ab-d30451af0c9c"
        }
      ],
      "id": "new_topic_c98a3ac210ba4f47b620cc558df81abf",
      "displayName": "Dialog for Posso ter um relatóriode presença?",
      "createdTime": "2021-03-24T18:09:18.0653521Z",
      "updatedTime": "2021-03-24T18:09:18.0653521Z",
      "createdUserId": "478b1ca5-fac4-4940-bda1-873c551431ee",
      "updatedUserId": "478b1ca5-fac4-4940-bda1-873c551431ee",
      "versionNumber": 0,
      "componentId": "00000000-0000-0000-0000-000000000000"
    }
  ],
  "botMessages": [
    {
      "channelContent": {
        "web": {
          "contentFormat": "Markdown",
          "content": "Os organizadores da reunião podem ver e baixar um relatório de presença de reunião. Encontre este relatório no painel de participantes da reunião, clicando na seta de descarregamento como mostrado abaixo. Pode fazer o download do relatório como um . CSV (pode ser aberto no Excel).\r\n\r\nConsulte este artigo para mais detalhes: [Relatório de presença de reuniões da Microsoft Teams](https://docs.microsoft.com/en-us/microsoftteams/teams-analytics-and-reports/meeting-attendance-report)"
        }
      },
      "id": "094f664d-e66d-49f4-a22b-9b8ad38e94f6",
      "createdTime": "2021-03-24T18:09:18.0653521Z",
      "updatedTime": "2021-03-24T18:09:18.0653521Z",
      "createdUserId": "478b1ca5-fac4-4940-bda1-873c551431ee",
      "updatedUserId": "478b1ca5-fac4-4940-bda1-873c551431ee",
      "versionNumber": 0,
      "componentId": "00000000-0000-0000-0000-000000000000"
    }
  ],
  "createdUtc": "0001-01-01T00:00:00Z"
}