{
  "intents": [
    {
      "triggerQueries": [
        "Como visualizo ou sigo um canal?"
      ],
      "dialogId": "new_topic_bca180b922fa4fba93be54c3daff8d9c",
      "isTriggeringEnabled": false,
      "id": "new_topic_bca180b922fa4fba93be54c3daff8d9c",
      "displayName": "Como visualizo ou sigo um canal?",
      "description": "https://myfirstbot5159226067.blob.core.windows.net/adoptbotpt/adoptbot2021-Portuguese (3).docx",
      "createdTime": "2021-04-07T18:37:12.8785774Z",
      "updatedTime": "2021-04-07T18:37:12.8785774Z",
      "createdUserId": "704dbbff-ed42-4ede-b8c8-2ac7c33773ac"
    }
  ],
  "dialogs": [
    {
      "rootNodeId": "6601c82d-3896-4d24-8104-d9ca76bd41d4",
      "messageNodes": [
        {
          "botMessageId": "89ec16da-23e0-4967-a86a-9367da1e4818",
          "nodeType": "BotMessageNode",
          "id": "6601c82d-3896-4d24-8104-d9ca76bd41d4",
          "defaultTargetNodeId": "d2c70af9-ebb6-40bb-8b02-4c380deed953"
        }
      ],
      "dialogChangeNodes": [
        {
          "targetDialogId": "new_topic_f47de1d400dd44789efae4b80b274492_aeabea4d071f415c8c107e1cb7af5424_assumedsuccess",
          "nodeType": "DialogChangeNode",
          "id": "d2c70af9-ebb6-40bb-8b02-4c380deed953"
        }
      ],
      "id": "new_topic_bca180b922fa4fba93be54c3daff8d9c",
      "displayName": "Dialog for Como visualizo ou sigo um canal?",
      "createdTime": "2021-04-07T18:37:12.8785774Z",
      "updatedTime": "2021-04-07T18:37:12.8785774Z",
      "createdUserId": "704dbbff-ed42-4ede-b8c8-2ac7c33773ac",
      "updatedUserId": "704dbbff-ed42-4ede-b8c8-2ac7c33773ac"
    }
  ],
  "botMessages": [
    {
      "channelContent": {
        "web": {
          "contentFormat": "Markdown",
          "content": "Num Canal, clique em Mais options &gt;  Show."
        }
      },
      "id": "89ec16da-23e0-4967-a86a-9367da1e4818",
      "createdTime": "2021-04-07T18:37:12.8785774Z",
      "updatedTime": "2021-04-07T18:37:12.8785774Z",
      "createdUserId": "704dbbff-ed42-4ede-b8c8-2ac7c33773ac",
      "updatedUserId": "704dbbff-ed42-4ede-b8c8-2ac7c33773ac"
    }
  ],
  "createdUtc": "0001-01-01T00:00:00Z"
}