{
  "intents": [
    {
      "triggerQueries": [
        "O Office 365 será idêntico num PC, Mac e dispositivo móvel?"
      ],
      "dialogId": "new_topic_edfb9284506d48cc9ca80b28fd1dbbe4",
      "isTriggeringEnabled": false,
      "id": "new_topic_edfb9284506d48cc9ca80b28fd1dbbe4",
      "displayName": "O Office 365 será idêntico num PC, Mac e dispositivo móvel?",
      "description": "https://myfirstbot5159226067.blob.core.windows.net/adoptbotpt/adoptbot2021-Portuguese (3).docx",
      "createdTime": "2021-04-07T18:37:12.8785774Z",
      "updatedTime": "2021-04-07T18:37:12.8785774Z",
      "createdUserId": "704dbbff-ed42-4ede-b8c8-2ac7c33773ac"
    }
  ],
  "dialogs": [
    {
      "rootNodeId": "613981cc-34c2-4e49-84f4-0d689d171ef4",
      "messageNodes": [
        {
          "botMessageId": "dc722753-62e6-4178-baa1-f7eef7bc2434",
          "nodeType": "BotMessageNode",
          "id": "613981cc-34c2-4e49-84f4-0d689d171ef4",
          "defaultTargetNodeId": "28a9e50e-e93e-4a61-9592-9fefd428d9b9"
        }
      ],
      "dialogChangeNodes": [
        {
          "targetDialogId": "new_topic_f47de1d400dd44789efae4b80b274492_aeabea4d071f415c8c107e1cb7af5424_assumedsuccess",
          "nodeType": "DialogChangeNode",
          "id": "28a9e50e-e93e-4a61-9592-9fefd428d9b9"
        }
      ],
      "id": "new_topic_edfb9284506d48cc9ca80b28fd1dbbe4",
      "displayName": "Dialog for O Office 365 será idêntico num PC, Mac e dispositivo móvel?",
      "createdTime": "2021-04-07T18:37:12.8785774Z",
      "updatedTime": "2021-04-07T18:37:12.8785774Z",
      "createdUserId": "704dbbff-ed42-4ede-b8c8-2ac7c33773ac",
      "updatedUserId": "704dbbff-ed42-4ede-b8c8-2ac7c33773ac"
    }
  ],
  "botMessages": [
    {
      "channelContent": {
        "web": {
          "contentFormat": "Markdown",
          "content": "As aplicações do Office 365 são adaptadas para funcionar melhor em cada plataforma e dispositivo. As aplicações do Office disponíveis para utilizadores de Mac ou no seu telefone, o  número de versões podem ser diferentes das disponíveis para utilizadores de  PC."
        }
      },
      "id": "dc722753-62e6-4178-baa1-f7eef7bc2434",
      "createdTime": "2021-04-07T18:37:12.8785774Z",
      "updatedTime": "2021-04-07T18:37:12.8785774Z",
      "createdUserId": "704dbbff-ed42-4ede-b8c8-2ac7c33773ac",
      "updatedUserId": "704dbbff-ed42-4ede-b8c8-2ac7c33773ac"
    }
  ],
  "createdUtc": "0001-01-01T00:00:00Z"
}