{
  "intents": [
    {
      "triggerQueries": [
        "O que é um convidado em Equipas?"
      ],
      "dialogId": "new_topic_f6648fe8ee974972a3b64e2e96fa07a2",
      "isTriggeringEnabled": true,
      "canTriggeringBeDisabled": true,
      "id": "new_topic_f6648fe8ee974972a3b64e2e96fa07a2",
      "displayName": "O que é um convidado em Equipas?",
      "description": "https://adoptbotv2kb.blob.core.windows.net/%24web/adoptbot2021-Portuguese (Portugal).docx",
      "createdTime": "2021-03-24T18:09:18.0653521Z",
      "updatedTime": "2021-03-25T09:12:45.8259522Z",
      "createdUserId": "478b1ca5-fac4-4940-bda1-873c551431ee",
      "updatedUserId": "478b1ca5-fac4-4940-bda1-873c551431ee",
      "versionNumber": 0,
      "componentId": "00000000-0000-0000-0000-000000000000"
    }
  ],
  "dialogs": [
    {
      "rootNodeId": "5f4f7a3c-8343-4662-8828-f83e96d9f87d",
      "messageNodes": [
        {
          "botMessageId": "ec73538d-a801-4086-b03d-3810c1bfb1f2",
          "nodeType": "BotMessageNode",
          "id": "5f4f7a3c-8343-4662-8828-f83e96d9f87d",
          "defaultTargetNodeId": "a138adcd-c938-4a97-af18-609ff4749d92"
        }
      ],
      "dialogChangeNodes": [
        {
          "targetDialogId": "new_topic_ff75c3680c434d8cba423897663a537e_aeabea4d071f415c8c107e1cb7af5424_assumedsuccess",
          "nodeType": "DialogChangeNode",
          "id": "a138adcd-c938-4a97-af18-609ff4749d92"
        }
      ],
      "id": "new_topic_f6648fe8ee974972a3b64e2e96fa07a2",
      "displayName": "Dialog for O que é um convidado em Equipas?",
      "createdTime": "2021-03-24T18:09:18.0653521Z",
      "updatedTime": "2021-03-24T18:09:18.0653521Z",
      "createdUserId": "478b1ca5-fac4-4940-bda1-873c551431ee",
      "updatedUserId": "478b1ca5-fac4-4940-bda1-873c551431ee",
      "versionNumber": 0,
      "componentId": "00000000-0000-0000-0000-000000000000"
    }
  ],
  "botMessages": [
    {
      "channelContent": {
        "web": {
          "contentFormat": "Markdown",
          "content": "O acesso ao hóspede permite que as equipas da sua organização colaborem com pessoas fora da sua organização, dando-lhes acesso às equipas e canais existentes em Equipas.\r\n\r\nQualquer pessoa que tenha uma conta de e-mail empresarial ou regular, como o Outlook, o Gmail, ou outros, pode [ser convidada como convidado em](https://support.microsoft.com/en-us/office/l%C3%A4gga-till-g%C3%A4ster-till-ett-team-i-teams-fccb4fa6-f864-4508-bdde-256e7384a14f) [Equipas](https://support.microsoft.com/en-us/office/l%C3%A4gga-till-g%C3%A4ster-till-ett-team-i-teams-fccb4fa6-f864-4508-bdde-256e7384a14f) e participar [de](https://support.microsoft.com/en-us/office/l%C3%A4gga-till-g%C3%A4ster-till-ett-team-i-teams-fccb4fa6-f864-4508-bdde-256e7384a14f) conversas de equipa,  reuniões e ficheiros."
        }
      },
      "id": "ec73538d-a801-4086-b03d-3810c1bfb1f2",
      "createdTime": "2021-03-24T18:09:18.0653521Z",
      "updatedTime": "2021-03-24T18:09:18.0653521Z",
      "createdUserId": "478b1ca5-fac4-4940-bda1-873c551431ee",
      "updatedUserId": "478b1ca5-fac4-4940-bda1-873c551431ee",
      "versionNumber": 0,
      "componentId": "00000000-0000-0000-0000-000000000000"
    }
  ],
  "createdUtc": "0001-01-01T00:00:00Z"
}