{
  "intents": [
    {
      "triggerQueries": [
        "Onde posso encontrar formação digital de Teams?"
      ],
      "dialogId": "new_topic_16b5205b4eda4657bd14a21605806253",
      "isTriggeringEnabled": false,
      "id": "new_topic_16b5205b4eda4657bd14a21605806253",
      "displayName": "Onde posso encontrar formação digital de Teams?",
      "description": "https://myfirstbot5159226067.blob.core.windows.net/adoptbotpt/adoptbot2021-Portuguese (3).docx",
      "createdTime": "2021-04-07T18:37:12.8806065Z",
      "updatedTime": "2021-04-07T18:37:12.8806065Z",
      "createdUserId": "704dbbff-ed42-4ede-b8c8-2ac7c33773ac"
    }
  ],
  "dialogs": [
    {
      "rootNodeId": "f83521a2-a918-4379-9c23-4a86d1c9802f",
      "messageNodes": [
        {
          "botMessageId": "d717fd29-d0a8-46ab-9e72-a21b1deca1b6",
          "nodeType": "BotMessageNode",
          "id": "f83521a2-a918-4379-9c23-4a86d1c9802f",
          "defaultTargetNodeId": "42424622-601c-43e2-9b4c-9d102b9f374a"
        }
      ],
      "dialogChangeNodes": [
        {
          "targetDialogId": "new_topic_f47de1d400dd44789efae4b80b274492_aeabea4d071f415c8c107e1cb7af5424_assumedsuccess",
          "nodeType": "DialogChangeNode",
          "id": "42424622-601c-43e2-9b4c-9d102b9f374a"
        }
      ],
      "id": "new_topic_16b5205b4eda4657bd14a21605806253",
      "displayName": "Dialog for Onde posso encontrar formação digital de Teams?",
      "createdTime": "2021-04-07T18:37:12.8806065Z",
      "updatedTime": "2021-04-07T18:37:12.8806065Z",
      "createdUserId": "704dbbff-ed42-4ede-b8c8-2ac7c33773ac",
      "updatedUserId": "704dbbff-ed42-4ede-b8c8-2ac7c33773ac"
    }
  ],
  "botMessages": [
    {
      "channelContent": {
        "web": {
          "contentFormat": "Markdown",
          "content": "Aqui pode aproveitar:\r\n\r\n[Treino de Vídeo para o](https://support.microsoft.com/en-us/office/microsoft-teams-video-training-4f108e54-240b-4351-8084-b1089f0d21d7?ui=en-US&rs=en-US&ad=US) Microsoft Teams"
        }
      },
      "id": "d717fd29-d0a8-46ab-9e72-a21b1deca1b6",
      "createdTime": "2021-04-07T18:37:12.8806065Z",
      "updatedTime": "2021-04-07T18:37:12.8806065Z",
      "createdUserId": "704dbbff-ed42-4ede-b8c8-2ac7c33773ac",
      "updatedUserId": "704dbbff-ed42-4ede-b8c8-2ac7c33773ac"
    }
  ],
  "createdUtc": "0001-01-01T00:00:00Z"
}