{
  "intents": [
    {
      "triggerQueries": [
        "Como edito uma mensagem enviada?"
      ],
      "dialogId": "new_topic_465c64ea9d9c42e097751225053f92bb",
      "isTriggeringEnabled": true,
      "canTriggeringBeDisabled": true,
      "id": "new_topic_465c64ea9d9c42e097751225053f92bb",
      "displayName": "Como edito uma mensagem enviada?",
      "description": "https://adoptbotv2kb.blob.core.windows.net/%24web/adoptbot2021-Portuguese (Portugal).docx",
      "createdTime": "2021-03-24T18:09:18.0653521Z",
      "updatedTime": "2021-03-25T09:12:34.89329Z",
      "createdUserId": "478b1ca5-fac4-4940-bda1-873c551431ee",
      "updatedUserId": "478b1ca5-fac4-4940-bda1-873c551431ee",
      "versionNumber": 0,
      "componentId": "00000000-0000-0000-0000-000000000000"
    }
  ],
  "dialogs": [
    {
      "rootNodeId": "ac918be6-4132-4131-9811-85c54aefe807",
      "messageNodes": [
        {
          "botMessageId": "4d2095d8-46c8-4e4f-9270-797a7ca7898d",
          "nodeType": "BotMessageNode",
          "id": "ac918be6-4132-4131-9811-85c54aefe807",
          "defaultTargetNodeId": "d0410b85-10ec-47d9-9969-4522744a012d"
        }
      ],
      "dialogChangeNodes": [
        {
          "targetDialogId": "new_topic_ff75c3680c434d8cba423897663a537e_aeabea4d071f415c8c107e1cb7af5424_assumedsuccess",
          "nodeType": "DialogChangeNode",
          "id": "d0410b85-10ec-47d9-9969-4522744a012d"
        }
      ],
      "id": "new_topic_465c64ea9d9c42e097751225053f92bb",
      "displayName": "Dialog for Como edito uma mensagem enviada?",
      "createdTime": "2021-03-24T18:09:18.0653521Z",
      "updatedTime": "2021-03-24T18:09:18.0653521Z",
      "createdUserId": "478b1ca5-fac4-4940-bda1-873c551431ee",
      "updatedUserId": "478b1ca5-fac4-4940-bda1-873c551431ee",
      "versionNumber": 0,
      "componentId": "00000000-0000-0000-0000-000000000000"
    }
  ],
  "botMessages": [
    {
      "channelContent": {
        "web": {
          "contentFormat": "Markdown",
          "content": "Pode editar todas as mensagens que tenha enviado para um chat ou canal. Vá à mensagem e selecione Mais opções  &gt;  Editar. Faça alterações na sua mensagem e, em seguida, prima Enter para guardar a atualização. Não há limite para o número de vezes que pode fazer alterações a uma mensagem enviada.\r\n\r\nNota: Algumas organizações ou algumas equipas podem ter desativado esta opção."
        }
      },
      "id": "4d2095d8-46c8-4e4f-9270-797a7ca7898d",
      "createdTime": "2021-03-24T18:09:18.0653521Z",
      "updatedTime": "2021-03-24T18:09:18.0653521Z",
      "createdUserId": "478b1ca5-fac4-4940-bda1-873c551431ee",
      "updatedUserId": "478b1ca5-fac4-4940-bda1-873c551431ee",
      "versionNumber": 0,
      "componentId": "00000000-0000-0000-0000-000000000000"
    }
  ],
  "createdUtc": "0001-01-01T00:00:00Z"
}