{
  "intents": [
    {
      "triggerQueries": [
        "Como remote trabalhar de qualquer lugar?"
      ],
      "dialogId": "new_topic_5f60fc7ec9e145ce895846577637d92c",
      "isTriggeringEnabled": true,
      "canTriggeringBeDisabled": true,
      "id": "new_topic_5f60fc7ec9e145ce895846577637d92c",
      "displayName": "Como remote trabalhar de qualquer lugar?",
      "description": "https://adoptbotv2kb.blob.core.windows.net/%24web/adoptbot2021-Portuguese (Portugal).docx",
      "createdTime": "2021-03-24T18:09:18.0653521Z",
      "updatedTime": "2021-03-25T09:13:28.7331604Z",
      "createdUserId": "478b1ca5-fac4-4940-bda1-873c551431ee",
      "updatedUserId": "478b1ca5-fac4-4940-bda1-873c551431ee",
      "versionNumber": 0,
      "componentId": "00000000-0000-0000-0000-000000000000"
    }
  ],
  "dialogs": [
    {
      "rootNodeId": "f9f72c71-2381-4cce-919e-e83056de9343",
      "messageNodes": [
        {
          "botMessageId": "b36101ae-7c46-4e53-94d5-05c74bd88981",
          "nodeType": "BotMessageNode",
          "id": "f9f72c71-2381-4cce-919e-e83056de9343",
          "defaultTargetNodeId": "dbe6add8-c5bf-43b2-a496-acc8eadcc069"
        }
      ],
      "dialogChangeNodes": [
        {
          "targetDialogId": "new_topic_ff75c3680c434d8cba423897663a537e_aeabea4d071f415c8c107e1cb7af5424_assumedsuccess",
          "nodeType": "DialogChangeNode",
          "id": "dbe6add8-c5bf-43b2-a496-acc8eadcc069"
        }
      ],
      "id": "new_topic_5f60fc7ec9e145ce895846577637d92c",
      "displayName": "Dialog for Como remote trabalhar de qualquer lugar?",
      "createdTime": "2021-03-24T18:09:18.0653521Z",
      "updatedTime": "2021-03-24T18:09:18.0653521Z",
      "createdUserId": "478b1ca5-fac4-4940-bda1-873c551431ee",
      "updatedUserId": "478b1ca5-fac4-4940-bda1-873c551431ee",
      "versionNumber": 0,
      "componentId": "00000000-0000-0000-0000-000000000000"
    }
  ],
  "botMessages": [
    {
      "channelContent": {
        "web": {
          "contentFormat": "Markdown",
          "content": "[Colabore com a Microsoft 365](https://support.office.com/article/collaborate-with-office-365-ac05a41e-0b49-4420-9ebc-190ee4e744f4) - como trabalhar melhor em conjunto em todas as cargas de trabalho da Microsoft 365."
        }
      },
      "id": "b36101ae-7c46-4e53-94d5-05c74bd88981",
      "createdTime": "2021-03-24T18:09:18.0653521Z",
      "updatedTime": "2021-03-24T18:09:18.0653521Z",
      "createdUserId": "478b1ca5-fac4-4940-bda1-873c551431ee",
      "updatedUserId": "478b1ca5-fac4-4940-bda1-873c551431ee",
      "versionNumber": 0,
      "componentId": "00000000-0000-0000-0000-000000000000"
    }
  ],
  "createdUtc": "0001-01-01T00:00:00Z"
}