{
  "intents": [
    {
      "triggerQueries": [
        "O que é Exchange Online?"
      ],
      "dialogId": "new_topic_53383c20ac864a55bbc1cff8b463586f",
      "isTriggeringEnabled": true,
      "canTriggeringBeDisabled": true,
      "id": "new_topic_53383c20ac864a55bbc1cff8b463586f",
      "displayName": "O que é Exchange Online?",
      "description": "https://adoptbotv2kb.blob.core.windows.net/%24web/adoptbot2021-Portuguese (Portugal).docx",
      "createdTime": "2021-03-24T18:09:18.0653521Z",
      "updatedTime": "2021-03-25T09:13:10.3848459Z",
      "createdUserId": "478b1ca5-fac4-4940-bda1-873c551431ee",
      "updatedUserId": "478b1ca5-fac4-4940-bda1-873c551431ee",
      "versionNumber": 0,
      "componentId": "00000000-0000-0000-0000-000000000000"
    }
  ],
  "dialogs": [
    {
      "rootNodeId": "66585f7b-d8e5-45f8-aa61-93781ebe477e",
      "messageNodes": [
        {
          "botMessageId": "8c48ce64-c442-485b-b215-098f1870eaa1",
          "nodeType": "BotMessageNode",
          "id": "66585f7b-d8e5-45f8-aa61-93781ebe477e",
          "defaultTargetNodeId": "d7f99730-982d-429b-8ba0-3ae92f61543d"
        }
      ],
      "dialogChangeNodes": [
        {
          "targetDialogId": "new_topic_ff75c3680c434d8cba423897663a537e_aeabea4d071f415c8c107e1cb7af5424_assumedsuccess",
          "nodeType": "DialogChangeNode",
          "id": "d7f99730-982d-429b-8ba0-3ae92f61543d"
        }
      ],
      "id": "new_topic_53383c20ac864a55bbc1cff8b463586f",
      "displayName": "Dialog for O que é Exchange Online?",
      "createdTime": "2021-03-24T18:09:18.0653521Z",
      "updatedTime": "2021-03-24T18:09:18.0653521Z",
      "createdUserId": "478b1ca5-fac4-4940-bda1-873c551431ee",
      "updatedUserId": "478b1ca5-fac4-4940-bda1-873c551431ee",
      "versionNumber": 0,
      "componentId": "00000000-0000-0000-0000-000000000000"
    }
  ],
  "botMessages": [
    {
      "channelContent": {
        "web": {
          "contentFormat": "Markdown",
          "content": "O Exchange Online faz parte do Microsoft 365. Fornece  e-mail e calendário. Clique no ícone Outlook no Office 365 para  lançar."
        }
      },
      "id": "8c48ce64-c442-485b-b215-098f1870eaa1",
      "createdTime": "2021-03-24T18:09:18.0653521Z",
      "updatedTime": "2021-03-24T18:09:18.0653521Z",
      "createdUserId": "478b1ca5-fac4-4940-bda1-873c551431ee",
      "updatedUserId": "478b1ca5-fac4-4940-bda1-873c551431ee",
      "versionNumber": 0,
      "componentId": "00000000-0000-0000-0000-000000000000"
    }
  ],
  "createdUtc": "0001-01-01T00:00:00Z"
}