{
  "intents": [
    {
      "triggerQueries": [
        "Quais são os requisitos do sistema de eventos ao vivo?"
      ],
      "dialogId": "new_topic_7ca2a80128c44d3585d497172f963232",
      "isTriggeringEnabled": false,
      "id": "new_topic_7ca2a80128c44d3585d497172f963232",
      "displayName": "Quais são os requisitos do sistema de eventos ao vivo?",
      "description": "https://myfirstbot5159226067.blob.core.windows.net/adoptbotpt/adoptbot2021-Portuguese (3).docx",
      "createdTime": "2021-04-07T18:37:12.8806065Z",
      "updatedTime": "2021-04-07T18:37:12.8806065Z",
      "createdUserId": "704dbbff-ed42-4ede-b8c8-2ac7c33773ac"
    }
  ],
  "dialogs": [
    {
      "rootNodeId": "779596f4-b349-48a7-8092-ec21003d40fa",
      "messageNodes": [
        {
          "botMessageId": "7a0a1a86-b162-46fa-9452-19f5e4a4eb7d",
          "nodeType": "BotMessageNode",
          "id": "779596f4-b349-48a7-8092-ec21003d40fa",
          "defaultTargetNodeId": "8b70c370-9107-4c69-80a5-e23b8cf14065"
        }
      ],
      "dialogChangeNodes": [
        {
          "targetDialogId": "new_topic_f47de1d400dd44789efae4b80b274492_aeabea4d071f415c8c107e1cb7af5424_assumedsuccess",
          "nodeType": "DialogChangeNode",
          "id": "8b70c370-9107-4c69-80a5-e23b8cf14065"
        }
      ],
      "id": "new_topic_7ca2a80128c44d3585d497172f963232",
      "displayName": "Dialog for Quais são os requisitos do sistema de eventos ao vivo?",
      "createdTime": "2021-04-07T18:37:12.8806065Z",
      "updatedTime": "2021-04-07T18:37:12.8806065Z",
      "createdUserId": "704dbbff-ed42-4ede-b8c8-2ac7c33773ac",
      "updatedUserId": "704dbbff-ed42-4ede-b8c8-2ac7c33773ac"
    }
  ],
  "botMessages": [
    {
      "channelContent": {
        "web": {
          "contentFormat": "Markdown",
          "content": "Sistemas operativos suportados:\r\n\r\nWindows 7 e posteriormente (32 bits e 64 bits), macOS 10.10 e posterior.\r\n\r\nSistemas operativos móveis suportados:\r\n\r\nAndroid 4.4 e posterior, iOS 10 e mais tarde\r\n\r\nBrowsers suportados:\r\n\r\nMicrosoft  Edge  RS2 e mais tarde,  Chrome  (versões mais recentes), Firefox (versões mais recentes), Internet Explorer 11, Safari."
        }
      },
      "id": "7a0a1a86-b162-46fa-9452-19f5e4a4eb7d",
      "createdTime": "2021-04-07T18:37:12.8806065Z",
      "updatedTime": "2021-04-07T18:37:12.8806065Z",
      "createdUserId": "704dbbff-ed42-4ede-b8c8-2ac7c33773ac",
      "updatedUserId": "704dbbff-ed42-4ede-b8c8-2ac7c33773ac"
    }
  ],
  "createdUtc": "0001-01-01T00:00:00Z"
}