{
  "intents": [
    {
      "triggerQueries": [
        "Existe um suporte de acessibilidade disponível no Teams?"
      ],
      "dialogId": "new_topic_4d6cceacdf9147ef81074958d43edba5",
      "isTriggeringEnabled": false,
      "id": "new_topic_4d6cceacdf9147ef81074958d43edba5",
      "displayName": "Existe um suporte de acessibilidade disponível no Teams?",
      "description": "https://myfirstbot5159226067.blob.core.windows.net/adoptbotpt/adoptbot2021-Portuguese (3).docx",
      "createdTime": "2021-04-07T18:37:12.8806065Z",
      "updatedTime": "2021-04-07T18:37:12.8806065Z",
      "createdUserId": "704dbbff-ed42-4ede-b8c8-2ac7c33773ac"
    }
  ],
  "dialogs": [
    {
      "rootNodeId": "fcb8f3c9-6647-4291-b98f-e552da4e0d11",
      "messageNodes": [
        {
          "botMessageId": "d7eacf3f-474c-45f9-be24-0ccba5ab2b77",
          "nodeType": "BotMessageNode",
          "id": "fcb8f3c9-6647-4291-b98f-e552da4e0d11",
          "defaultTargetNodeId": "7bbf1b57-1f0a-4499-abf8-245d6ba899e5"
        }
      ],
      "dialogChangeNodes": [
        {
          "targetDialogId": "new_topic_f47de1d400dd44789efae4b80b274492_aeabea4d071f415c8c107e1cb7af5424_assumedsuccess",
          "nodeType": "DialogChangeNode",
          "id": "7bbf1b57-1f0a-4499-abf8-245d6ba899e5"
        }
      ],
      "id": "new_topic_4d6cceacdf9147ef81074958d43edba5",
      "displayName": "Dialog for Existe um suporte de acessibilidade disponível no Teams?",
      "createdTime": "2021-04-07T18:37:12.8806065Z",
      "updatedTime": "2021-04-07T18:37:12.8806065Z",
      "createdUserId": "704dbbff-ed42-4ede-b8c8-2ac7c33773ac",
      "updatedUserId": "704dbbff-ed42-4ede-b8c8-2ac7c33773ac"
    }
  ],
  "botMessages": [
    {
      "channelContent": {
        "web": {
          "contentFormat": "Markdown",
          "content": "O Teams proporciona acessibilidade e apoio para que todos se encontrem, conversem e colaborem inclusivamente com o Teams.  [Aqui encontrará uma visão geral atualizada](https://support.microsoft.com/en-us/office/%C3%B6versikt-%C3%B6ver-hj%C3%A4lpmedel-i-microsoft-teams-2d4009e7-1300-4766-87e8-7a217496c3d5) da acessibilidade [d](https://support.microsoft.com/en-us/office/%C3%B6versikt-%C3%B6ver-hj%C3%A4lpmedel-i-microsoft-teams-2d4009e7-1300-4766-87e8-7a217496c3d5) o Teams.\r\n\r\nUm exemplo fantástico  é  o  [Leitor Imersivo no Teams.](https://support.microsoft.com/en-us/office/anv%C3%A4nda-avancerad-l%C3%A4sare-i-microsoft-teams-a700c0d0-bc53-4696-a94d-4fbc86ac7a9a)\r\n\r\nSe desejar que o texto seja lido em voz alta ou fale uma língua diferente, pode  fazer texto em Equipas que lhe convém.  Color, forma, tamanho podem ser adaptados às suas preferências, o que, por exemplo, facilita para pessoas com  dislexia e dificuldades de aprendizagem.\r\n\r\nO dicionário de imagens, o foco de linha e as aulas de palavras também estão disponíveis  para  suporte visual.\r\n\r\nEm qualquer mensagem em Equipas, clique em  Maisoptions \"...\"  e selecione Immersive Reader ."
        }
      },
      "id": "d7eacf3f-474c-45f9-be24-0ccba5ab2b77",
      "createdTime": "2021-04-07T18:37:12.8806065Z",
      "updatedTime": "2021-04-07T18:37:12.8806065Z",
      "createdUserId": "704dbbff-ed42-4ede-b8c8-2ac7c33773ac",
      "updatedUserId": "704dbbff-ed42-4ede-b8c8-2ac7c33773ac"
    }
  ],
  "createdUtc": "0001-01-01T00:00:00Z"
}