{
  "intents": [
    {
      "triggerQueries": [
        "Que tipo de proteção de informação as equipas oferecem?"
      ],
      "dialogId": "new_topic_5c353964922c49c8adbd5e0063ef48f6",
      "isTriggeringEnabled": true,
      "canTriggeringBeDisabled": true,
      "id": "new_topic_5c353964922c49c8adbd5e0063ef48f6",
      "displayName": "Que tipo de proteção de informação as equipas oferecem?",
      "description": "https://adoptbotv2kb.blob.core.windows.net/%24web/adoptbot2021-Portuguese (Portugal).docx",
      "createdTime": "2021-03-24T18:09:18.0573466Z",
      "updatedTime": "2021-03-25T09:13:58.9640354Z",
      "createdUserId": "478b1ca5-fac4-4940-bda1-873c551431ee",
      "updatedUserId": "478b1ca5-fac4-4940-bda1-873c551431ee",
      "versionNumber": 0,
      "componentId": "00000000-0000-0000-0000-000000000000"
    }
  ],
  "dialogs": [
    {
      "rootNodeId": "03b9ea62-f486-4025-a607-18b739bda691",
      "messageNodes": [
        {
          "botMessageId": "fbff00a6-b1b9-47b6-a6b4-11478f61b2c7",
          "nodeType": "BotMessageNode",
          "id": "03b9ea62-f486-4025-a607-18b739bda691",
          "defaultTargetNodeId": "d5cb059e-b852-4c2b-8e4c-e20072c0fa7e"
        }
      ],
      "dialogChangeNodes": [
        {
          "targetDialogId": "new_topic_ff75c3680c434d8cba423897663a537e_aeabea4d071f415c8c107e1cb7af5424_assumedsuccess",
          "nodeType": "DialogChangeNode",
          "id": "d5cb059e-b852-4c2b-8e4c-e20072c0fa7e"
        }
      ],
      "id": "new_topic_5c353964922c49c8adbd5e0063ef48f6",
      "displayName": "Dialog for Que tipo de proteção de informação as equipas oferecem?",
      "createdTime": "2021-03-24T18:09:18.0573466Z",
      "updatedTime": "2021-03-24T18:09:18.0573466Z",
      "createdUserId": "478b1ca5-fac4-4940-bda1-873c551431ee",
      "updatedUserId": "478b1ca5-fac4-4940-bda1-873c551431ee",
      "versionNumber": 0,
      "componentId": "00000000-0000-0000-0000-000000000000"
    }
  ],
  "botMessages": [
    {
      "channelContent": {
        "web": {
          "contentFormat": "Markdown",
          "content": "Para atender às suas necessidades legais, regulamentares e de segurança de conteúdos, as Equipas oferecem as seguintes capacidades de proteção de informação através do [Microsoft 365 Security & Compliance Center](https://support.microsoft.com/en-us/office/7e696a40-b86b-4a20-afcc-559218b7b1b8)\r\n\r\nArquivo:\r\n\r\nQualquer conteúdo armazenado em qualquer carga de trabalho relacionada com equipas deve ser preservado imutavelmente de acordo com a política corporativa da empresa.\r\n\r\nPesquisa de conteúdo de conformidade:\r\n\r\nQualquer conteúdo armazenado em qualquer carga de trabalho pode ser pesquisado através de ricas capacidades de filtragem. Todo o conteúdo pode ser exportado para um recipiente específico para o cumprimento e apoio ao contencioso.\r\n\r\neDiscovery:\r\n\r\nCapacidades ricas em eDiscovery no local, incluindo gestão de casos, preservação, pesquisa, análise e exportação estão disponíveis para ajudar os nossos clientes a simplificar o processo eDiscovery e identificar rapidamente dados relevantes, ao mesmo tempo que diminuem o custo e o risco.\r\n\r\nPor detenção legal:\r\n\r\nQuando qualquer equipa ou indivíduo é colocado em espera ou em litígio, o porão é colocado tanto nas mensagens primárias como nas mensagens arquivadas (sem incluir edições ou eliminações).\r\n\r\nPesquisa de registo de auditoria:\r\n\r\nTodas as atividades da equipa e eventos de negócios devem ser capturados e disponíveis para pesquisa e exportação de clientes.\r\n\r\nTroca de proteção\r\n\r\non-line: As mensagens de correio eletrónico enviadas para um canal são filtradas para spam, malware, links maliciosos, falsificação e phishing através da Exchange Online Protection e Advanced Threat Protection para a Microsoft 365.\r\n\r\nAcesso condicional:\r\n\r\nGarantimos que o acesso às Equipas está restrito a dispositivos que estejam em conformidade com a sua administração de TI ou organização corporativa definir políticas e regras de segurança. Isto inclui suporte de MDM e MAM com Intune para iOS e Android.\r\n\r\nPara obter mais informações sobre estas funcionalidades de conformidade, consulte [a visão geral da segurança e conformidade na Microsoft 365](https://support.microsoft.com/en-us/office/dcb83b2c-ac66-4ced-925d-50eb9698a0b2) .\r\n\r\nPara obter mais detalhes sobre pesquisas de conteúdos e equipas, consulte a secção Equipas de Executar uma Pesquisa de [Conteúdos no Microsoft 365 Security & Compliance Center](https://support.microsoft.com/en-us/office/61852fd9-fe8a-4880-a339-cb19ed3bff4a) ."
        }
      },
      "id": "fbff00a6-b1b9-47b6-a6b4-11478f61b2c7",
      "createdTime": "2021-03-24T18:09:18.0573466Z",
      "updatedTime": "2021-03-24T18:09:18.0573466Z",
      "createdUserId": "478b1ca5-fac4-4940-bda1-873c551431ee",
      "updatedUserId": "478b1ca5-fac4-4940-bda1-873c551431ee",
      "versionNumber": 0,
      "componentId": "00000000-0000-0000-0000-000000000000"
    }
  ],
  "createdUtc": "0001-01-01T00:00:00Z"
}