{
  "intents": [
    {
      "triggerQueries": [
        "Como posso colocar uma conversa ou um canal?"
      ],
      "dialogId": "new_topic_9ce83cb811d5428f8d62c8adf956813d",
      "isTriggeringEnabled": true,
      "canTriggeringBeDisabled": true,
      "id": "new_topic_9ce83cb811d5428f8d62c8adf956813d",
      "displayName": "Como posso colocar uma conversa ou um canal?",
      "description": "https://adoptbotv2kb.blob.core.windows.net/%24web/adoptbot2021-Portuguese (Portugal).docx",
      "createdTime": "2021-03-24T18:09:18.0653521Z",
      "updatedTime": "2021-03-25T09:13:05.6649681Z",
      "createdUserId": "478b1ca5-fac4-4940-bda1-873c551431ee",
      "updatedUserId": "478b1ca5-fac4-4940-bda1-873c551431ee",
      "versionNumber": 0,
      "componentId": "00000000-0000-0000-0000-000000000000"
    }
  ],
  "dialogs": [
    {
      "rootNodeId": "8ee5eaaa-64eb-43a9-8c15-551d782b441d",
      "messageNodes": [
        {
          "botMessageId": "f26c34c7-bd8a-4fb9-8813-cc6dd7524573",
          "nodeType": "BotMessageNode",
          "id": "8ee5eaaa-64eb-43a9-8c15-551d782b441d",
          "defaultTargetNodeId": "53ed674c-d0c9-48da-98ef-622a54014880"
        }
      ],
      "dialogChangeNodes": [
        {
          "targetDialogId": "new_topic_ff75c3680c434d8cba423897663a537e_aeabea4d071f415c8c107e1cb7af5424_assumedsuccess",
          "nodeType": "DialogChangeNode",
          "id": "53ed674c-d0c9-48da-98ef-622a54014880"
        }
      ],
      "id": "new_topic_9ce83cb811d5428f8d62c8adf956813d",
      "displayName": "Dialog for Como posso colocar uma conversa ou um canal?",
      "createdTime": "2021-03-24T18:09:18.0653521Z",
      "updatedTime": "2021-03-24T18:09:18.0653521Z",
      "createdUserId": "478b1ca5-fac4-4940-bda1-873c551431ee",
      "updatedUserId": "478b1ca5-fac4-4940-bda1-873c551431ee",
      "versionNumber": 0,
      "componentId": "00000000-0000-0000-0000-000000000000"
    }
  ],
  "botMessages": [
    {
      "channelContent": {
        "web": {
          "contentFormat": "Markdown",
          "content": "Pode colocar chats ou canais no topo do seu chat ou lista de equipas.\r\n\r\nSelecione Chat ou Equipas. Encontre o nome da conversa ou canal que deseja fixar.\r\n\r\nEm seguida, selecione Mais opções \"...\"  &gt;  Pin.\r\n\r\nIsto garante que o chat ou o canal permaneçam no topo da sua lista.\r\n\r\nSe mudar de ideia, selecione-o novamente na sua lista pinned  e  selecioneUnpin ."
        }
      },
      "id": "f26c34c7-bd8a-4fb9-8813-cc6dd7524573",
      "createdTime": "2021-03-24T18:09:18.0653521Z",
      "updatedTime": "2021-03-24T18:09:18.0653521Z",
      "createdUserId": "478b1ca5-fac4-4940-bda1-873c551431ee",
      "updatedUserId": "478b1ca5-fac4-4940-bda1-873c551431ee",
      "versionNumber": 0,
      "componentId": "00000000-0000-0000-0000-000000000000"
    }
  ],
  "createdUtc": "0001-01-01T00:00:00Z"
}