{
  "intents": [
    {
      "triggerQueries": [
        "Como adiciono um membro a uma equipa?"
      ],
      "dialogId": "new_topic_aef5f747d2fe4d03b4f83648fa29426d",
      "isTriggeringEnabled": true,
      "canTriggeringBeDisabled": true,
      "id": "new_topic_aef5f747d2fe4d03b4f83648fa29426d",
      "displayName": "Como adiciono um membro a uma equipa?",
      "description": "https://adoptbotv2kb.blob.core.windows.net/%24web/adoptbot2021-Portuguese (Portugal).docx",
      "createdTime": "2021-03-24T18:09:18.0573466Z",
      "updatedTime": "2021-03-25T09:13:49.3480398Z",
      "createdUserId": "478b1ca5-fac4-4940-bda1-873c551431ee",
      "updatedUserId": "478b1ca5-fac4-4940-bda1-873c551431ee",
      "versionNumber": 0,
      "componentId": "00000000-0000-0000-0000-000000000000"
    }
  ],
  "dialogs": [
    {
      "rootNodeId": "e08c07a6-5dc3-479d-9f32-d232f28f296f",
      "messageNodes": [
        {
          "botMessageId": "4d4bca59-f77e-4029-99d7-f8aabfe48d64",
          "nodeType": "BotMessageNode",
          "id": "e08c07a6-5dc3-479d-9f32-d232f28f296f",
          "defaultTargetNodeId": "8f7d14d3-d005-4159-bad6-d2750a86d794"
        }
      ],
      "dialogChangeNodes": [
        {
          "targetDialogId": "new_topic_ff75c3680c434d8cba423897663a537e_aeabea4d071f415c8c107e1cb7af5424_assumedsuccess",
          "nodeType": "DialogChangeNode",
          "id": "8f7d14d3-d005-4159-bad6-d2750a86d794"
        }
      ],
      "id": "new_topic_aef5f747d2fe4d03b4f83648fa29426d",
      "displayName": "Dialog for Como adiciono um membro a uma equipa?",
      "createdTime": "2021-03-24T18:09:18.0573466Z",
      "updatedTime": "2021-03-24T18:09:18.0573466Z",
      "createdUserId": "478b1ca5-fac4-4940-bda1-873c551431ee",
      "updatedUserId": "478b1ca5-fac4-4940-bda1-873c551431ee",
      "versionNumber": 0,
      "componentId": "00000000-0000-0000-0000-000000000000"
    }
  ],
  "botMessages": [
    {
      "channelContent": {
        "web": {
          "contentFormat": "Markdown",
          "content": "Se for dono de uma equipa, vá ao nome da equipa e clique em  MaisOpções e, em seguida, clique em Adicionar Membros . É também aqui que pode convidar [convidados](https://support.microsoft.com/en-us/office/add-guests-to-a-team-in-teams-fccb4fa6-f864-4508-bdde-256e7384a14f)fora da sua organização para se juntarem à sua equipa. Para adicionar várias pessoas, digite o nome de um grupo de contacto (também conhecido como \"lista de distribuição\"), grupo de segurança ou grupo Microsoft 365."
        }
      },
      "id": "4d4bca59-f77e-4029-99d7-f8aabfe48d64",
      "createdTime": "2021-03-24T18:09:18.0573466Z",
      "updatedTime": "2021-03-24T18:09:18.0573466Z",
      "createdUserId": "478b1ca5-fac4-4940-bda1-873c551431ee",
      "updatedUserId": "478b1ca5-fac4-4940-bda1-873c551431ee",
      "versionNumber": 0,
      "componentId": "00000000-0000-0000-0000-000000000000"
    }
  ],
  "createdUtc": "0001-01-01T00:00:00Z"
}