{
  "intents": [
    {
      "triggerQueries": [
        "Como sei se posso aceder ao Office 365 através do meu dispositivo?"
      ],
      "dialogId": "new_topic_64377447f22a4421888a32534cb5bbea",
      "isTriggeringEnabled": false,
      "id": "new_topic_64377447f22a4421888a32534cb5bbea",
      "displayName": "Como sei se posso aceder ao Office 365 através do meu dispositivo?",
      "description": "https://myfirstbot5159226067.blob.core.windows.net/adoptbotpt/adoptbot2021-Portuguese (3).docx",
      "createdTime": "2021-04-07T18:37:12.8785774Z",
      "updatedTime": "2021-04-07T18:37:12.8785774Z",
      "createdUserId": "704dbbff-ed42-4ede-b8c8-2ac7c33773ac"
    }
  ],
  "dialogs": [
    {
      "rootNodeId": "62c3a6a0-b9ea-4deb-933a-648235cef649",
      "messageNodes": [
        {
          "botMessageId": "1086ad9d-1471-4ea9-91d3-e7676d36d060",
          "nodeType": "BotMessageNode",
          "id": "62c3a6a0-b9ea-4deb-933a-648235cef649",
          "defaultTargetNodeId": "79b2dd51-a209-4ef9-9f1c-95e01b1fad85"
        }
      ],
      "dialogChangeNodes": [
        {
          "targetDialogId": "new_topic_f47de1d400dd44789efae4b80b274492_aeabea4d071f415c8c107e1cb7af5424_assumedsuccess",
          "nodeType": "DialogChangeNode",
          "id": "79b2dd51-a209-4ef9-9f1c-95e01b1fad85"
        }
      ],
      "id": "new_topic_64377447f22a4421888a32534cb5bbea",
      "displayName": "Dialog for Como sei se posso aceder ao Office 365 através do meu dispositivo?",
      "createdTime": "2021-04-07T18:37:12.8785774Z",
      "updatedTime": "2021-04-07T18:37:12.8785774Z",
      "createdUserId": "704dbbff-ed42-4ede-b8c8-2ac7c33773ac",
      "updatedUserId": "704dbbff-ed42-4ede-b8c8-2ac7c33773ac"
    }
  ],
  "botMessages": [
    {
      "channelContent": {
        "web": {
          "contentFormat": "Markdown",
          "content": "O Office 365 é compatível com Windows, Mac, iPhone, Android. Para versões compatíveis do Windows e macOS, e para outros requisitos de funcionalidade, consulte os Requisitos do Sistema"
        }
      },
      "id": "1086ad9d-1471-4ea9-91d3-e7676d36d060",
      "createdTime": "2021-04-07T18:37:12.8785774Z",
      "updatedTime": "2021-04-07T18:37:12.8785774Z",
      "createdUserId": "704dbbff-ed42-4ede-b8c8-2ac7c33773ac",
      "updatedUserId": "704dbbff-ed42-4ede-b8c8-2ac7c33773ac"
    }
  ],
  "createdUtc": "0001-01-01T00:00:00Z"
}