{
  "namedEntities": [
    {
      "synonyms": [
        "home"
      ],
      "id": "ff0ca6dd-de7a-4bee-b849-16210d63f3c5",
      "displayName": "Usuário Doméstico",
      "updatedTime": "2021-03-24T18:04:13.0234938Z",
      "updatedUserId": "478b1ca5-fac4-4940-bda1-873c551431ee",
      "versionNumber": 0,
      "componentId": "00000000-0000-0000-0000-000000000000"
    },
    {
      "synonyms": [
        "gaming"
      ],
      "id": "2ccf421b-89a6-43a8-8b4f-b8d8f63b58bf",
      "displayName": "Jogador",
      "updatedTime": "2021-03-24T18:04:13.0234938Z",
      "updatedUserId": "478b1ca5-fac4-4940-bda1-873c551431ee",
      "versionNumber": 0,
      "componentId": "00000000-0000-0000-0000-000000000000"
    },
    {
      "synonyms": [
        "business"
      ],
      "id": "2d32734c-9552-47c5-963b-563fe1d9ea7e",
      "displayName": "Usuário Empresarial",
      "updatedTime": "2021-03-24T18:04:13.0234938Z",
      "updatedUserId": "478b1ca5-fac4-4940-bda1-873c551431ee",
      "versionNumber": 0,
      "componentId": "00000000-0000-0000-0000-000000000000"
    }
  ],
  "createdUtc": "0001-01-01T00:00:00Z",
  "closedListTypes": [
    {
      "namedEntities": [
        "ff0ca6dd-de7a-4bee-b849-16210d63f3c5",
        "2ccf421b-89a6-43a8-8b4f-b8d8f63b58bf",
        "2d32734c-9552-47c5-963b-563fe1d9ea7e"
      ],
      "smartMatchingEnabled": true,
      "customTypeSchema": "ClosedList",
      "id": "new_customtype_ff75c3680c434d8cba423897663a537e_f86fcadfd497444e91ed11c12b059d10",
      "displayName": "Tipo de Uso",
      "description": "Entidade Tipo de Uso da Lição 4",
      "createdTime": "2019-10-25T14:03:43.9601778Z",
      "updatedTime": "2021-03-24T18:04:13.0234938Z",
      "createdUserId": "user0",
      "updatedUserId": "478b1ca5-fac4-4940-bda1-873c551431ee",
      "versionNumber": 0,
      "componentId": "00000000-0000-0000-0000-000000000000"
    }
  ]
}