{
  "intents": [
    {
      "triggerQueries": [
        "Como me junto a uma reunião de equipa?"
      ],
      "dialogId": "new_topic_0b3c4f95bdc544d081be74c404a53a57",
      "isTriggeringEnabled": true,
      "canTriggeringBeDisabled": true,
      "id": "new_topic_0b3c4f95bdc544d081be74c404a53a57",
      "displayName": "Como me junto a uma reunião de equipa?",
      "description": "https://adoptbotv2kb.blob.core.windows.net/%24web/adoptbot2021-Portuguese (Portugal).docx",
      "createdTime": "2021-03-24T18:09:18.0653521Z",
      "updatedTime": "2021-03-25T09:12:21.8856772Z",
      "createdUserId": "478b1ca5-fac4-4940-bda1-873c551431ee",
      "updatedUserId": "478b1ca5-fac4-4940-bda1-873c551431ee",
      "versionNumber": 0,
      "componentId": "00000000-0000-0000-0000-000000000000"
    }
  ],
  "dialogs": [
    {
      "rootNodeId": "66a4aab5-bed4-41e4-8687-a98a7100bf37",
      "messageNodes": [
        {
          "botMessageId": "0e7ef840-51d7-4ab5-8aa1-d5fd42d60336",
          "nodeType": "BotMessageNode",
          "id": "66a4aab5-bed4-41e4-8687-a98a7100bf37",
          "defaultTargetNodeId": "bf12d276-8cea-42c5-9f6a-9a5077e2b85f"
        }
      ],
      "dialogChangeNodes": [
        {
          "targetDialogId": "new_topic_ff75c3680c434d8cba423897663a537e_aeabea4d071f415c8c107e1cb7af5424_assumedsuccess",
          "nodeType": "DialogChangeNode",
          "id": "bf12d276-8cea-42c5-9f6a-9a5077e2b85f"
        }
      ],
      "id": "new_topic_0b3c4f95bdc544d081be74c404a53a57",
      "displayName": "Dialog for Como me junto a uma reunião de equipa?",
      "createdTime": "2021-03-24T18:09:18.0653521Z",
      "updatedTime": "2021-03-24T18:09:18.0653521Z",
      "createdUserId": "478b1ca5-fac4-4940-bda1-873c551431ee",
      "updatedUserId": "478b1ca5-fac4-4940-bda1-873c551431ee",
      "versionNumber": 0,
      "componentId": "00000000-0000-0000-0000-000000000000"
    }
  ],
  "botMessages": [
    {
      "channelContent": {
        "web": {
          "contentFormat": "Markdown",
          "content": "[Pode juntar-se a uma](https://support.microsoft.com/en-us/office/ansluta-till-ett-m%C3%B6te-i-teams-1613bb53-f3fa-431e-85a9-d6a91e3468c9) [equipa](https://support.microsoft.com/en-us/office/ansluta-till-ett-m%C3%B6te-i-teams-1613bb53-f3fa-431e-85a9-d6a91e3468c9)[a](https://support.microsoft.com/en-us/office/ansluta-till-ett-m%C3%B6te-i-teams-1613bb53-f3fa-431e-85a9-d6a91e3468c9) [qualquer momento.](https://support.microsoft.com/en-us/office/ansluta-till-ett-m%C3%B6te-i-teams-1613bb53-f3fa-431e-85a9-d6a91e3468c9) Clique no link no  seu convite de reunião  ou selecione  Junte-se  diretamente  em  Equipas.\r\n\r\nAtravés do Calendar em Equipas,  pode ver o seu calendário e  participar e/ou agendar reuniões de equipas. Se  a sua  organização oferecer  conferência sonora como opção,  um número de marcaçãoserá  mostradono   convite para a reunião."
        }
      },
      "id": "0e7ef840-51d7-4ab5-8aa1-d5fd42d60336",
      "createdTime": "2021-03-24T18:09:18.0653521Z",
      "updatedTime": "2021-03-24T18:09:18.0653521Z",
      "createdUserId": "478b1ca5-fac4-4940-bda1-873c551431ee",
      "updatedUserId": "478b1ca5-fac4-4940-bda1-873c551431ee",
      "versionNumber": 0,
      "componentId": "00000000-0000-0000-0000-000000000000"
    }
  ],
  "createdUtc": "0001-01-01T00:00:00Z"
}