{
  "intents": [
    {
      "triggerQueries": [
        "Como adiciono mais donos de equipas?"
      ],
      "dialogId": "new_topic_7d339ba94b65489f9296e9939e6905ff",
      "isTriggeringEnabled": false,
      "id": "new_topic_7d339ba94b65489f9296e9939e6905ff",
      "displayName": "Como adiciono mais donos de equipas?",
      "description": "https://myfirstbot5159226067.blob.core.windows.net/adoptbotpt/adoptbot2021-Portuguese (3).docx",
      "createdTime": "2021-04-07T18:37:12.8795986Z",
      "updatedTime": "2021-04-07T18:37:12.8795986Z",
      "createdUserId": "704dbbff-ed42-4ede-b8c8-2ac7c33773ac"
    }
  ],
  "dialogs": [
    {
      "rootNodeId": "e24e4729-b071-4eed-a261-7ae28bed729b",
      "messageNodes": [
        {
          "botMessageId": "f431377c-8f15-41a7-bf04-576b51ba7bb6",
          "nodeType": "BotMessageNode",
          "id": "e24e4729-b071-4eed-a261-7ae28bed729b",
          "defaultTargetNodeId": "c04be7d7-cf4e-4ecb-a923-014d6ac5aed4"
        }
      ],
      "dialogChangeNodes": [
        {
          "targetDialogId": "new_topic_f47de1d400dd44789efae4b80b274492_aeabea4d071f415c8c107e1cb7af5424_assumedsuccess",
          "nodeType": "DialogChangeNode",
          "id": "c04be7d7-cf4e-4ecb-a923-014d6ac5aed4"
        }
      ],
      "id": "new_topic_7d339ba94b65489f9296e9939e6905ff",
      "displayName": "Dialog for Como adiciono mais donos de equipas?",
      "createdTime": "2021-04-07T18:37:12.8795986Z",
      "updatedTime": "2021-04-07T18:37:12.8795986Z",
      "createdUserId": "704dbbff-ed42-4ede-b8c8-2ac7c33773ac",
      "updatedUserId": "704dbbff-ed42-4ede-b8c8-2ac7c33773ac"
    }
  ],
  "botMessages": [
    {
      "channelContent": {
        "web": {
          "contentFormat": "Markdown",
          "content": "Encontre a equipa que criou, clique em Mais options &gt; Manage Team.\r\n\r\nEm seguida, vá ao separador deputados. Encontre as pessoas que deseja designar como proprietáriadaequipa. Em Função, clique em Proprietário.\r\n\r\nDica: Certifique-se de ter pelo menos dois proprietários por equipa. Isto garante um contacto de backup no caso de um dos proprietários não estar  disponível."
        }
      },
      "id": "f431377c-8f15-41a7-bf04-576b51ba7bb6",
      "createdTime": "2021-04-07T18:37:12.8795986Z",
      "updatedTime": "2021-04-07T18:37:12.8795986Z",
      "createdUserId": "704dbbff-ed42-4ede-b8c8-2ac7c33773ac",
      "updatedUserId": "704dbbff-ed42-4ede-b8c8-2ac7c33773ac"
    }
  ],
  "createdUtc": "0001-01-01T00:00:00Z"
}