{
  "intents": [
    {
      "triggerQueries": [
        "Como adiciono mais donos de equipas?"
      ],
      "dialogId": "new_topic_8fa38bf7cc984abab9001236492af8ec",
      "isTriggeringEnabled": true,
      "canTriggeringBeDisabled": true,
      "id": "new_topic_8fa38bf7cc984abab9001236492af8ec",
      "displayName": "Como adiciono mais donos de equipas?",
      "description": "https://adoptbotv2kb.blob.core.windows.net/%24web/adoptbot2021-Portuguese (Portugal).docx",
      "createdTime": "2021-03-24T18:09:18.0653521Z",
      "updatedTime": "2021-03-25T09:12:33.2497706Z",
      "createdUserId": "478b1ca5-fac4-4940-bda1-873c551431ee",
      "updatedUserId": "478b1ca5-fac4-4940-bda1-873c551431ee",
      "versionNumber": 0,
      "componentId": "00000000-0000-0000-0000-000000000000"
    }
  ],
  "dialogs": [
    {
      "rootNodeId": "166fd95f-ede3-4b15-ad97-7d20a50f8421",
      "messageNodes": [
        {
          "botMessageId": "c15fb712-b821-4241-9c62-ff842956720c",
          "nodeType": "BotMessageNode",
          "id": "166fd95f-ede3-4b15-ad97-7d20a50f8421",
          "defaultTargetNodeId": "b4fd935e-59f6-49b8-a15d-5d492de5ee92"
        }
      ],
      "dialogChangeNodes": [
        {
          "targetDialogId": "new_topic_ff75c3680c434d8cba423897663a537e_aeabea4d071f415c8c107e1cb7af5424_assumedsuccess",
          "nodeType": "DialogChangeNode",
          "id": "b4fd935e-59f6-49b8-a15d-5d492de5ee92"
        }
      ],
      "id": "new_topic_8fa38bf7cc984abab9001236492af8ec",
      "displayName": "Dialog for Como adiciono mais donos de equipas?",
      "createdTime": "2021-03-24T18:09:18.0653521Z",
      "updatedTime": "2021-03-24T18:09:18.0653521Z",
      "createdUserId": "478b1ca5-fac4-4940-bda1-873c551431ee",
      "updatedUserId": "478b1ca5-fac4-4940-bda1-873c551431ee",
      "versionNumber": 0,
      "componentId": "00000000-0000-0000-0000-000000000000"
    }
  ],
  "botMessages": [
    {
      "channelContent": {
        "web": {
          "contentFormat": "Markdown",
          "content": "Encontre a equipa que criou, clique em Mais options &gt; Manage Team.\r\n\r\nEm seguida, vá ao separador deputados. Encontre as pessoas que deseja designar como proprietáriadaequipa. Em Função, clique em Proprietário.\r\n\r\nDica: Certifique-se de ter pelo menos dois proprietários por equipa. Isto garante um contacto de backup no caso de um dos proprietários não estar  disponível."
        }
      },
      "id": "c15fb712-b821-4241-9c62-ff842956720c",
      "createdTime": "2021-03-24T18:09:18.0653521Z",
      "updatedTime": "2021-03-24T18:09:18.0653521Z",
      "createdUserId": "478b1ca5-fac4-4940-bda1-873c551431ee",
      "updatedUserId": "478b1ca5-fac4-4940-bda1-873c551431ee",
      "versionNumber": 0,
      "componentId": "00000000-0000-0000-0000-000000000000"
    }
  ],
  "createdUtc": "0001-01-01T00:00:00Z"
}