{
  "intents": [
    {
      "triggerQueries": [
        "Como posso intitular os meus cargos?"
      ],
      "dialogId": "new_topic_15ba53c916e74ed6b5ad838ef6c0331f",
      "isTriggeringEnabled": true,
      "canTriggeringBeDisabled": true,
      "id": "new_topic_15ba53c916e74ed6b5ad838ef6c0331f",
      "displayName": "Como posso intitular os meus cargos?",
      "description": "https://adoptbotv2kb.blob.core.windows.net/%24web/adoptbot2021-Portuguese (Portugal).docx",
      "createdTime": "2021-03-24T18:09:18.0653521Z",
      "updatedTime": "2021-03-25T09:12:41.0774631Z",
      "createdUserId": "478b1ca5-fac4-4940-bda1-873c551431ee",
      "updatedUserId": "478b1ca5-fac4-4940-bda1-873c551431ee",
      "versionNumber": 0,
      "componentId": "00000000-0000-0000-0000-000000000000"
    }
  ],
  "dialogs": [
    {
      "rootNodeId": "63d11c17-9870-470e-bd5f-6e96655c12b7",
      "messageNodes": [
        {
          "botMessageId": "580b6296-60a1-4e64-a644-637092f9db5d",
          "nodeType": "BotMessageNode",
          "id": "63d11c17-9870-470e-bd5f-6e96655c12b7",
          "defaultTargetNodeId": "3c3e15b2-793b-46a1-8041-9ddacdfbf65d"
        }
      ],
      "dialogChangeNodes": [
        {
          "targetDialogId": "new_topic_ff75c3680c434d8cba423897663a537e_aeabea4d071f415c8c107e1cb7af5424_assumedsuccess",
          "nodeType": "DialogChangeNode",
          "id": "3c3e15b2-793b-46a1-8041-9ddacdfbf65d"
        }
      ],
      "id": "new_topic_15ba53c916e74ed6b5ad838ef6c0331f",
      "displayName": "Dialog for Como posso intitular os meus cargos?",
      "createdTime": "2021-03-24T18:09:18.0653521Z",
      "updatedTime": "2021-03-24T18:09:18.0653521Z",
      "createdUserId": "478b1ca5-fac4-4940-bda1-873c551431ee",
      "updatedUserId": "478b1ca5-fac4-4940-bda1-873c551431ee",
      "versionNumber": 0,
      "componentId": "00000000-0000-0000-0000-000000000000"
    }
  ],
  "botMessages": [
    {
      "channelContent": {
        "web": {
          "contentFormat": "Markdown",
          "content": "Pode usar um título e uma legenda para destacar o seu tópico.  Vai ajudá-lo a  procurá-lo    mais tarde. Para adicionar isto, selecione o botão de formatação (parece um A com uma caneta) e adicione um título."
        }
      },
      "id": "580b6296-60a1-4e64-a644-637092f9db5d",
      "createdTime": "2021-03-24T18:09:18.0653521Z",
      "updatedTime": "2021-03-24T18:09:18.0653521Z",
      "createdUserId": "478b1ca5-fac4-4940-bda1-873c551431ee",
      "updatedUserId": "478b1ca5-fac4-4940-bda1-873c551431ee",
      "versionNumber": 0,
      "componentId": "00000000-0000-0000-0000-000000000000"
    }
  ],
  "createdUtc": "0001-01-01T00:00:00Z"
}