{
  "intents": [
    {
      "triggerQueries": [
        "O que são eventos ao vivo?"
      ],
      "dialogId": "new_topic_35595e91633e4a20877772ba64b0e0f9",
      "isTriggeringEnabled": false,
      "id": "new_topic_35595e91633e4a20877772ba64b0e0f9",
      "displayName": "O que são eventos ao vivo?",
      "description": "https://myfirstbot5159226067.blob.core.windows.net/adoptbotpt/adoptbot2021-Portuguese (3).docx",
      "createdTime": "2021-04-07T18:37:12.8806065Z",
      "updatedTime": "2021-04-07T18:37:12.8806065Z",
      "createdUserId": "704dbbff-ed42-4ede-b8c8-2ac7c33773ac"
    }
  ],
  "dialogs": [
    {
      "rootNodeId": "6dab77be-e59f-4db0-96e9-93ca6ed209d4",
      "messageNodes": [
        {
          "botMessageId": "335f8b1c-8a65-4b75-9289-ae27a7ad993a",
          "nodeType": "BotMessageNode",
          "id": "6dab77be-e59f-4db0-96e9-93ca6ed209d4",
          "defaultTargetNodeId": "d09a4c0e-db6f-4ea6-b878-3ad1922db3c8"
        }
      ],
      "dialogChangeNodes": [
        {
          "targetDialogId": "new_topic_f47de1d400dd44789efae4b80b274492_aeabea4d071f415c8c107e1cb7af5424_assumedsuccess",
          "nodeType": "DialogChangeNode",
          "id": "d09a4c0e-db6f-4ea6-b878-3ad1922db3c8"
        }
      ],
      "id": "new_topic_35595e91633e4a20877772ba64b0e0f9",
      "displayName": "Dialog for O que são eventos ao vivo?",
      "createdTime": "2021-04-07T18:37:12.8806065Z",
      "updatedTime": "2021-04-07T18:37:12.8806065Z",
      "createdUserId": "704dbbff-ed42-4ede-b8c8-2ac7c33773ac",
      "updatedUserId": "704dbbff-ed42-4ede-b8c8-2ac7c33773ac"
    }
  ],
  "botMessages": [
    {
      "channelContent": {
        "web": {
          "contentFormat": "Markdown",
          "content": "Com os Teams Live Events, os utilizadores da sua organização podem transmitir vídeo e reuniões de conteúdos para grandes grupos. Veja  [o que são eventos ao vivo do Microsoft Teams](https://docs.microsoft.com/en-us/microsoftteams/teams-live-events/what-are-teams-live-events)"
        }
      },
      "id": "335f8b1c-8a65-4b75-9289-ae27a7ad993a",
      "createdTime": "2021-04-07T18:37:12.8806065Z",
      "updatedTime": "2021-04-07T18:37:12.8806065Z",
      "createdUserId": "704dbbff-ed42-4ede-b8c8-2ac7c33773ac",
      "updatedUserId": "704dbbff-ed42-4ede-b8c8-2ac7c33773ac"
    }
  ],
  "createdUtc": "0001-01-01T00:00:00Z"
}