{
  "intents": [
    {
      "triggerQueries": [
        "Onde posso encontrar o Outlook umdd-in para equipas meetings?"
      ],
      "dialogId": "new_topic_9022f071868740b584173c52e64e2ddf",
      "isTriggeringEnabled": true,
      "canTriggeringBeDisabled": true,
      "id": "new_topic_9022f071868740b584173c52e64e2ddf",
      "displayName": "Onde posso encontrar o Outlook umdd-in para equipas meetings?",
      "description": "https://adoptbotv2kb.blob.core.windows.net/%24web/adoptbot2021-Portuguese (Portugal).docx",
      "createdTime": "2021-03-24T18:09:18.0653521Z",
      "updatedTime": "2021-03-25T09:12:42.8237393Z",
      "createdUserId": "478b1ca5-fac4-4940-bda1-873c551431ee",
      "updatedUserId": "478b1ca5-fac4-4940-bda1-873c551431ee",
      "versionNumber": 0,
      "componentId": "00000000-0000-0000-0000-000000000000"
    }
  ],
  "dialogs": [
    {
      "rootNodeId": "94872194-573a-4069-88fb-eef3a0f87496",
      "messageNodes": [
        {
          "botMessageId": "9904c92c-2551-46a6-a2d3-ee2d44b4e5bf",
          "nodeType": "BotMessageNode",
          "id": "94872194-573a-4069-88fb-eef3a0f87496",
          "defaultTargetNodeId": "cef00aac-7ed3-43b1-af0a-7ad4803a6ed8"
        }
      ],
      "dialogChangeNodes": [
        {
          "targetDialogId": "new_topic_ff75c3680c434d8cba423897663a537e_aeabea4d071f415c8c107e1cb7af5424_assumedsuccess",
          "nodeType": "DialogChangeNode",
          "id": "cef00aac-7ed3-43b1-af0a-7ad4803a6ed8"
        }
      ],
      "id": "new_topic_9022f071868740b584173c52e64e2ddf",
      "displayName": "Dialog for Onde posso encontrar o Outlook umdd-in para equipas meetings?",
      "createdTime": "2021-03-24T18:09:18.0653521Z",
      "updatedTime": "2021-03-24T18:09:18.0653521Z",
      "createdUserId": "478b1ca5-fac4-4940-bda1-873c551431ee",
      "updatedUserId": "478b1ca5-fac4-4940-bda1-873c551431ee",
      "versionNumber": 0,
      "componentId": "00000000-0000-0000-0000-000000000000"
    }
  ],
  "botMessages": [
    {
      "channelContent": {
        "web": {
          "contentFormat": "Markdown",
          "content": "O add-in Teams Meeting é instalado automaticamente para utilizadores que tenham Microsoft Teams e office 2013, Office 2016 ou Office 2019 instalados no seu PC Windows . Os utilizadores vêem  a  reunião das Equipas \" add-in\" na fita no calendário do Outlook.\r\n\r\nUse [o add-in de reunião de equipas](https://docs.microsoft.com/en-us/microsoftteams/teams-add-in-for-outlook)\r\n\r\nPara o Outlook naweb, as reuniões das equipas são criadas automaticamente quando os participantes são convidados (podem ser desativados)."
        }
      },
      "id": "9904c92c-2551-46a6-a2d3-ee2d44b4e5bf",
      "createdTime": "2021-03-24T18:09:18.0653521Z",
      "updatedTime": "2021-03-24T18:09:18.0653521Z",
      "createdUserId": "478b1ca5-fac4-4940-bda1-873c551431ee",
      "updatedUserId": "478b1ca5-fac4-4940-bda1-873c551431ee",
      "versionNumber": 0,
      "componentId": "00000000-0000-0000-0000-000000000000"
    }
  ],
  "createdUtc": "0001-01-01T00:00:00Z"
}