{
  "intents": [
    {
      "triggerQueries": [
        "O Office requer acesso à Internet?"
      ],
      "dialogId": "new_topic_3335fbaf484c4d6295e3a41b57cd9ab7",
      "isTriggeringEnabled": true,
      "canTriggeringBeDisabled": true,
      "id": "new_topic_3335fbaf484c4d6295e3a41b57cd9ab7",
      "displayName": "O Office requer acesso à Internet?",
      "description": "https://adoptbotv2kb.blob.core.windows.net/%24web/adoptbot2021-Portuguese (Portugal).docx",
      "createdTime": "2021-03-24T18:09:18.0573466Z",
      "updatedTime": "2021-03-25T09:14:32.3841894Z",
      "createdUserId": "478b1ca5-fac4-4940-bda1-873c551431ee",
      "updatedUserId": "478b1ca5-fac4-4940-bda1-873c551431ee",
      "versionNumber": 0,
      "componentId": "00000000-0000-0000-0000-000000000000"
    }
  ],
  "dialogs": [
    {
      "rootNodeId": "58d8cb73-fb4e-4e5e-8878-fb31ede75d8f",
      "messageNodes": [
        {
          "botMessageId": "da9fa484-5e06-4c31-8600-1ae8142e87a6",
          "nodeType": "BotMessageNode",
          "id": "58d8cb73-fb4e-4e5e-8878-fb31ede75d8f",
          "defaultTargetNodeId": "7b07a1bb-e51d-4de0-a573-30f84529e30a"
        }
      ],
      "dialogChangeNodes": [
        {
          "targetDialogId": "new_topic_ff75c3680c434d8cba423897663a537e_aeabea4d071f415c8c107e1cb7af5424_assumedsuccess",
          "nodeType": "DialogChangeNode",
          "id": "7b07a1bb-e51d-4de0-a573-30f84529e30a"
        }
      ],
      "id": "new_topic_3335fbaf484c4d6295e3a41b57cd9ab7",
      "displayName": "Dialog for O Office requer acesso à Internet?",
      "createdTime": "2021-03-24T18:09:18.0573466Z",
      "updatedTime": "2021-03-24T18:09:18.0573466Z",
      "createdUserId": "478b1ca5-fac4-4940-bda1-873c551431ee",
      "updatedUserId": "478b1ca5-fac4-4940-bda1-873c551431ee",
      "versionNumber": 0,
      "componentId": "00000000-0000-0000-0000-000000000000"
    }
  ],
  "botMessages": [
    {
      "channelContent": {
        "web": {
          "contentFormat": "Markdown",
          "content": "Não precisa de estar ligado à Internet para utilizar aplicações de escritórios – como o Word, Excel e PowerPoint, porque as  aplicações  estão totalmente instaladas no seu computador.\r\n\r\nO acesso à Internet é necessário para instalar e ativar todas as últimas edições do Office Suites e todos os planos de subscrição do Office 365. O acesso à Internet também é necessário para aceder a documentos armazenados no OneDrive, a menos que instale a[aplicação de ambiente de trabalho OneDrive.](https://go.microsoft.com/fwlink/p/?LinkID=403721)\r\n\r\nTambém deve ligar-se regularmente à Internet para manter a sua versão do Office atualizada e tirar partido das atualizações automáticas. Se não ligar à Internet pelo menos a cada 31 dias, as suas aplicações entrarão em modo de funcionalidade reduzido, o que significa que pode ver ou imprimir os seus documentos, mas não pode editar os documentos ou criar novos. To reativar as suas  aplicações do Office, basta voltar a ligar-se à Internet."
        }
      },
      "id": "da9fa484-5e06-4c31-8600-1ae8142e87a6",
      "createdTime": "2021-03-24T18:09:18.0573466Z",
      "updatedTime": "2021-03-24T18:09:18.0573466Z",
      "createdUserId": "478b1ca5-fac4-4940-bda1-873c551431ee",
      "updatedUserId": "478b1ca5-fac4-4940-bda1-873c551431ee",
      "versionNumber": 0,
      "componentId": "00000000-0000-0000-0000-000000000000"
    }
  ],
  "createdUtc": "0001-01-01T00:00:00Z"
}