{
  "intents": [
    {
      "triggerQueries": [
        "Como edito uma mensagem enviada?"
      ],
      "dialogId": "new_topic_39dc40e66aa5489796edde3c4a8a445c",
      "isTriggeringEnabled": false,
      "id": "new_topic_39dc40e66aa5489796edde3c4a8a445c",
      "displayName": "Como edito uma mensagem enviada?",
      "description": "https://myfirstbot5159226067.blob.core.windows.net/adoptbotpt/adoptbot2021-Portuguese (3).docx",
      "createdTime": "2021-04-07T18:37:12.8795986Z",
      "updatedTime": "2021-04-07T18:37:12.8795986Z",
      "createdUserId": "704dbbff-ed42-4ede-b8c8-2ac7c33773ac"
    }
  ],
  "dialogs": [
    {
      "rootNodeId": "5084a8c4-3832-48df-80ed-75b25bc1fa1f",
      "messageNodes": [
        {
          "botMessageId": "956cfe6f-7806-4172-baf8-3a689dd75e6d",
          "nodeType": "BotMessageNode",
          "id": "5084a8c4-3832-48df-80ed-75b25bc1fa1f",
          "defaultTargetNodeId": "158531ae-c44d-4bb5-9aa8-c9ef7b19a981"
        }
      ],
      "dialogChangeNodes": [
        {
          "targetDialogId": "new_topic_f47de1d400dd44789efae4b80b274492_aeabea4d071f415c8c107e1cb7af5424_assumedsuccess",
          "nodeType": "DialogChangeNode",
          "id": "158531ae-c44d-4bb5-9aa8-c9ef7b19a981"
        }
      ],
      "id": "new_topic_39dc40e66aa5489796edde3c4a8a445c",
      "displayName": "Dialog for Como edito uma mensagem enviada?",
      "createdTime": "2021-04-07T18:37:12.8795986Z",
      "updatedTime": "2021-04-07T18:37:12.8795986Z",
      "createdUserId": "704dbbff-ed42-4ede-b8c8-2ac7c33773ac",
      "updatedUserId": "704dbbff-ed42-4ede-b8c8-2ac7c33773ac"
    }
  ],
  "botMessages": [
    {
      "channelContent": {
        "web": {
          "contentFormat": "Markdown",
          "content": "Pode editar todas as mensagens que tenha enviado para um chat ou canal. Vá à mensagem e selecione Mais opções  &gt;  Editar. Faça alterações na sua mensagem e, em seguida, prima Enter para guardar a atualização. Não há limite para o número de vezes que pode fazer alterações a uma mensagem enviada.\r\n\r\nNota: Algumas organizações ou algumas equipas podem ter desativado esta opção."
        }
      },
      "id": "956cfe6f-7806-4172-baf8-3a689dd75e6d",
      "createdTime": "2021-04-07T18:37:12.8795986Z",
      "updatedTime": "2021-04-07T18:37:12.8795986Z",
      "createdUserId": "704dbbff-ed42-4ede-b8c8-2ac7c33773ac",
      "updatedUserId": "704dbbff-ed42-4ede-b8c8-2ac7c33773ac"
    }
  ],
  "createdUtc": "0001-01-01T00:00:00Z"
}