{
  "intents": [
    {
      "triggerQueries": [
        "Um utilizador pode ter uma iD de conferência pessoal?"
      ],
      "dialogId": "new_topic_0b32424c2d6044c1b8b86d443d841578",
      "isTriggeringEnabled": false,
      "id": "new_topic_0b32424c2d6044c1b8b86d443d841578",
      "displayName": "Um utilizador pode ter uma iD de conferência pessoal?",
      "description": "https://myfirstbot5159226067.blob.core.windows.net/adoptbotpt/adoptbot2021-Portuguese (3).docx",
      "createdTime": "2021-04-07T18:37:12.8785774Z",
      "updatedTime": "2021-04-07T18:37:12.8785774Z",
      "createdUserId": "704dbbff-ed42-4ede-b8c8-2ac7c33773ac"
    }
  ],
  "dialogs": [
    {
      "rootNodeId": "4a8f1356-bdc1-4056-8ecd-a22d4ff27ce8",
      "messageNodes": [
        {
          "botMessageId": "b5885dc2-1b8a-45ff-b965-ccb1fca17ddb",
          "nodeType": "BotMessageNode",
          "id": "4a8f1356-bdc1-4056-8ecd-a22d4ff27ce8",
          "defaultTargetNodeId": "72f2c586-33d5-4060-b008-c095800f699f"
        }
      ],
      "dialogChangeNodes": [
        {
          "targetDialogId": "new_topic_f47de1d400dd44789efae4b80b274492_aeabea4d071f415c8c107e1cb7af5424_assumedsuccess",
          "nodeType": "DialogChangeNode",
          "id": "72f2c586-33d5-4060-b008-c095800f699f"
        }
      ],
      "id": "new_topic_0b32424c2d6044c1b8b86d443d841578",
      "displayName": "Dialog for Um utilizador pode ter uma iD de conferência pessoal?",
      "createdTime": "2021-04-07T18:37:12.8785774Z",
      "updatedTime": "2021-04-07T18:37:12.8785774Z",
      "createdUserId": "704dbbff-ed42-4ede-b8c8-2ac7c33773ac",
      "updatedUserId": "704dbbff-ed42-4ede-b8c8-2ac7c33773ac"
    }
  ],
  "botMessages": [
    {
      "channelContent": {
        "web": {
          "contentFormat": "Markdown",
          "content": "Os utilizadores da Microsoft Teams serão atribuídos aleatoriamentea conferenciar  IDs e não podem reservar ou introduzir um ID de conferência estática que só eles podem usar."
        }
      },
      "id": "b5885dc2-1b8a-45ff-b965-ccb1fca17ddb",
      "createdTime": "2021-04-07T18:37:12.8785774Z",
      "updatedTime": "2021-04-07T18:37:12.8785774Z",
      "createdUserId": "704dbbff-ed42-4ede-b8c8-2ac7c33773ac",
      "updatedUserId": "704dbbff-ed42-4ede-b8c8-2ac7c33773ac"
    }
  ],
  "createdUtc": "0001-01-01T00:00:00Z"
}