{
  "intents": [
    {
      "triggerQueries": [
        "Qual é o número máximo de membros que posso ter numa equipa?"
      ],
      "dialogId": "new_topic_70313f437b114c52b9541dcb1dbddcb2",
      "isTriggeringEnabled": false,
      "id": "new_topic_70313f437b114c52b9541dcb1dbddcb2",
      "displayName": "Qual é o número máximo de membros que posso ter numa equipa?",
      "description": "https://myfirstbot5159226067.blob.core.windows.net/adoptbotpt/adoptbot2021-Portuguese (3).docx",
      "createdTime": "2021-04-07T18:37:12.8785774Z",
      "updatedTime": "2021-04-07T18:37:12.8785774Z",
      "createdUserId": "704dbbff-ed42-4ede-b8c8-2ac7c33773ac"
    }
  ],
  "dialogs": [
    {
      "rootNodeId": "e38ff526-2c23-46d9-a86d-93d14c7471e5",
      "messageNodes": [
        {
          "botMessageId": "6b4f8cfa-f593-4819-9ed9-38296ccb596e",
          "nodeType": "BotMessageNode",
          "id": "e38ff526-2c23-46d9-a86d-93d14c7471e5",
          "defaultTargetNodeId": "761f4a96-20b5-414f-a96a-4c6fb69a1e68"
        }
      ],
      "dialogChangeNodes": [
        {
          "targetDialogId": "new_topic_f47de1d400dd44789efae4b80b274492_aeabea4d071f415c8c107e1cb7af5424_assumedsuccess",
          "nodeType": "DialogChangeNode",
          "id": "761f4a96-20b5-414f-a96a-4c6fb69a1e68"
        }
      ],
      "id": "new_topic_70313f437b114c52b9541dcb1dbddcb2",
      "displayName": "Dialog for Qual é o número máximo de membros que posso ter numa equipa?",
      "createdTime": "2021-04-07T18:37:12.8785774Z",
      "updatedTime": "2021-04-07T18:37:12.8785774Z",
      "createdUserId": "704dbbff-ed42-4ede-b8c8-2ac7c33773ac",
      "updatedUserId": "704dbbff-ed42-4ede-b8c8-2ac7c33773ac"
    }
  ],
  "botMessages": [
    {
      "channelContent": {
        "web": {
          "contentFormat": "Markdown",
          "content": "[O número máximo de membros de uma equipa é](https://docs.microsoft.com/en-us/microsoftteams/limits-specifications-teams) atualmente de 10.000 pessoas (início de 2021).  Clique sempre  no link para as  últimas notícias, uma vez que o limite pode ter sido  aumentado.\r\n\r\nEm 2021, o limite vai aumentar para  [25.000 pessoas por equipa](https://www.microsoft.com/en-us/microsoft-365/roadmap?filters=&searchterms=68723) ."
        }
      },
      "id": "6b4f8cfa-f593-4819-9ed9-38296ccb596e",
      "createdTime": "2021-04-07T18:37:12.8785774Z",
      "updatedTime": "2021-04-07T18:37:12.8785774Z",
      "createdUserId": "704dbbff-ed42-4ede-b8c8-2ac7c33773ac",
      "updatedUserId": "704dbbff-ed42-4ede-b8c8-2ac7c33773ac"
    }
  ],
  "createdUtc": "0001-01-01T00:00:00Z"
}