{
  "intents": [
    {
      "triggerQueries": [
        "Posso ter um relatório de presença das reuniões?"
      ],
      "dialogId": "new_topic_b95947cd58574948a33b524b59beb069",
      "isTriggeringEnabled": false,
      "id": "new_topic_b95947cd58574948a33b524b59beb069",
      "displayName": "Posso ter um relatório de presença das reuniões?",
      "description": "https://myfirstbot5159226067.blob.core.windows.net/adoptbotpt/adoptbot2021-Portuguese (3).docx",
      "createdTime": "2021-04-07T18:37:12.8795986Z",
      "updatedTime": "2021-04-07T18:37:12.8795986Z",
      "createdUserId": "704dbbff-ed42-4ede-b8c8-2ac7c33773ac"
    }
  ],
  "dialogs": [
    {
      "rootNodeId": "db8d038f-2da0-4ff9-b0c7-3181bfb8d751",
      "messageNodes": [
        {
          "botMessageId": "8f6fefd2-1448-4f0e-b295-55d0cbf8b0e5",
          "nodeType": "BotMessageNode",
          "id": "db8d038f-2da0-4ff9-b0c7-3181bfb8d751",
          "defaultTargetNodeId": "305853f1-8c17-42ea-9584-6e8ea676b341"
        }
      ],
      "dialogChangeNodes": [
        {
          "targetDialogId": "new_topic_f47de1d400dd44789efae4b80b274492_aeabea4d071f415c8c107e1cb7af5424_assumedsuccess",
          "nodeType": "DialogChangeNode",
          "id": "305853f1-8c17-42ea-9584-6e8ea676b341"
        }
      ],
      "id": "new_topic_b95947cd58574948a33b524b59beb069",
      "displayName": "Dialog for Posso ter um relatório de presença das reuniões?",
      "createdTime": "2021-04-07T18:37:12.8795986Z",
      "updatedTime": "2021-04-07T18:37:12.8795986Z",
      "createdUserId": "704dbbff-ed42-4ede-b8c8-2ac7c33773ac",
      "updatedUserId": "704dbbff-ed42-4ede-b8c8-2ac7c33773ac"
    }
  ],
  "botMessages": [
    {
      "channelContent": {
        "web": {
          "contentFormat": "Markdown",
          "content": "Os organizadores da reunião podem ver e baixar um relatório de presença de reunião. Encontre este relatório no painel de participantes da reunião, clicando na seta de descarregamento como mostrado abaixo. Pode fazer o download do relatório em .CSV (pode ser aberto no Excel).\r\n\r\nConsulte este artigo para mais detalhes: [Relatório de presença de reuniões da Microsoft Teams](https://docs.microsoft.com/en-us/microsoftteams/teams-analytics-and-reports/meeting-attendance-report)"
        }
      },
      "id": "8f6fefd2-1448-4f0e-b295-55d0cbf8b0e5",
      "createdTime": "2021-04-07T18:37:12.8795986Z",
      "updatedTime": "2021-04-07T18:37:12.8795986Z",
      "createdUserId": "704dbbff-ed42-4ede-b8c8-2ac7c33773ac",
      "updatedUserId": "704dbbff-ed42-4ede-b8c8-2ac7c33773ac"
    }
  ],
  "createdUtc": "0001-01-01T00:00:00Z"
}