{
  "intents": [
    {
      "triggerQueries": [
        "Como posso alterar as notificações das equipas?"
      ],
      "dialogId": "new_topic_298d29441fff48e8a260cf1e6391c851",
      "isTriggeringEnabled": false,
      "id": "new_topic_298d29441fff48e8a260cf1e6391c851",
      "displayName": "Como posso alterar as notificações das equipas?",
      "description": "https://myfirstbot5159226067.blob.core.windows.net/adoptbotpt/adoptbot2021-Portuguese (3).docx",
      "createdTime": "2021-04-07T18:37:12.8795986Z",
      "updatedTime": "2021-04-07T18:37:12.8795986Z",
      "createdUserId": "704dbbff-ed42-4ede-b8c8-2ac7c33773ac"
    }
  ],
  "dialogs": [
    {
      "rootNodeId": "af67aabc-a42e-4782-80ed-7a66f284e517",
      "messageNodes": [
        {
          "botMessageId": "336abd0e-6303-425e-8726-340f15736f32",
          "nodeType": "BotMessageNode",
          "id": "af67aabc-a42e-4782-80ed-7a66f284e517",
          "defaultTargetNodeId": "30743e46-7868-4cb5-8fb5-e3a61e31bc05"
        }
      ],
      "dialogChangeNodes": [
        {
          "targetDialogId": "new_topic_f47de1d400dd44789efae4b80b274492_aeabea4d071f415c8c107e1cb7af5424_assumedsuccess",
          "nodeType": "DialogChangeNode",
          "id": "30743e46-7868-4cb5-8fb5-e3a61e31bc05"
        }
      ],
      "id": "new_topic_298d29441fff48e8a260cf1e6391c851",
      "displayName": "Dialog for Como posso alterar as notificações das equipas?",
      "createdTime": "2021-04-07T18:37:12.8795986Z",
      "updatedTime": "2021-04-07T18:37:12.8795986Z",
      "createdUserId": "704dbbff-ed42-4ede-b8c8-2ac7c33773ac",
      "updatedUserId": "704dbbff-ed42-4ede-b8c8-2ac7c33773ac"
    }
  ],
  "botMessages": [
    {
      "channelContent": {
        "web": {
          "contentFormat": "Markdown",
          "content": "O Microsoft Teams oferece diferentes formas de aceder, receber e gerir notificações.\r\n\r\nEstas definições incluem como, quando e onde as suas notificações aparecem, configurações personalizadas para canais e chat, aparência e sons, desligando mensagens específicas, e assim por diante.\r\n\r\nPara gerir as suas notificações, selecione a sua imagem de perfil no direito superior dasEquipas.  Then selecione Definições &gt; Notificações.\r\n\r\nVeja maissobre[m](https://support.microsoft.com/en-us/office/manage-notifications-in-teams-1cc31834-5fe5-412b-8edb-43fecc78413d) [anaging](https://support.microsoft.com/en-us/office/manage-notifications-in-teams-1cc31834-5fe5-412b-8edb-43fecc78413d) [your](https://support.microsoft.com/en-us/office/manage-notifications-in-teams-1cc31834-5fe5-412b-8edb-43fecc78413d)[n](https://support.microsoft.com/en-us/office/manage-notifications-in-teams-1cc31834-5fe5-412b-8edb-43fecc78413d) [otification](https://support.microsoft.com/en-us/office/manage-notifications-in-teams-1cc31834-5fe5-412b-8edb-43fecc78413d) [s](https://support.microsoft.com/en-us/office/manage-notifications-in-teams-1cc31834-5fe5-412b-8edb-43fecc78413d) in Microsoft [Teams](https://support.microsoft.com/en-us/office/manage-notifications-in-teams-1cc31834-5fe5-412b-8edb-43fecc78413d) ."
        }
      },
      "id": "336abd0e-6303-425e-8726-340f15736f32",
      "createdTime": "2021-04-07T18:37:12.8795986Z",
      "updatedTime": "2021-04-07T18:37:12.8795986Z",
      "createdUserId": "704dbbff-ed42-4ede-b8c8-2ac7c33773ac",
      "updatedUserId": "704dbbff-ed42-4ede-b8c8-2ac7c33773ac"
    }
  ],
  "createdUtc": "0001-01-01T00:00:00Z"
}