{
  "intents": [
    {
      "triggerQueries": [
        "É possível chamar a atenção de cada utilizador num canal?"
      ],
      "dialogId": "new_topic_a1cfb9e8d39a48e6acc36b0de3c6fb98",
      "isTriggeringEnabled": false,
      "id": "new_topic_a1cfb9e8d39a48e6acc36b0de3c6fb98",
      "displayName": "É possível chamar a atenção de cada utilizador num canal?",
      "description": "https://myfirstbot5159226067.blob.core.windows.net/adoptbotpt/adoptbot2021-Portuguese (3).docx",
      "createdTime": "2021-04-07T18:37:12.8795986Z",
      "updatedTime": "2021-04-07T18:37:12.8795986Z",
      "createdUserId": "704dbbff-ed42-4ede-b8c8-2ac7c33773ac"
    }
  ],
  "dialogs": [
    {
      "rootNodeId": "6c1f6d80-1625-4244-a41b-e28832560a89",
      "messageNodes": [
        {
          "botMessageId": "95171539-9dbe-4de9-9f7d-62082492a586",
          "nodeType": "BotMessageNode",
          "id": "6c1f6d80-1625-4244-a41b-e28832560a89",
          "defaultTargetNodeId": "bd05856d-9096-4221-a57f-1e24f1e7728d"
        }
      ],
      "dialogChangeNodes": [
        {
          "targetDialogId": "new_topic_f47de1d400dd44789efae4b80b274492_aeabea4d071f415c8c107e1cb7af5424_assumedsuccess",
          "nodeType": "DialogChangeNode",
          "id": "bd05856d-9096-4221-a57f-1e24f1e7728d"
        }
      ],
      "id": "new_topic_a1cfb9e8d39a48e6acc36b0de3c6fb98",
      "displayName": "Dialog for É possível chamar a atenção de cada utilizador num canal?",
      "createdTime": "2021-04-07T18:37:12.8795986Z",
      "updatedTime": "2021-04-07T18:37:12.8795986Z",
      "createdUserId": "704dbbff-ed42-4ede-b8c8-2ac7c33773ac",
      "updatedUserId": "704dbbff-ed42-4ede-b8c8-2ac7c33773ac"
    }
  ],
  "botMessages": [
    {
      "channelContent": {
        "web": {
          "contentFormat": "Markdown",
          "content": "Para chamar a atenção de alguém numa conversa de canal ou numa conversa, @mention-los. Basta escrever @ antes do seu nome e selecioná-los\r\n\r\nda lista que aparece. Ao  usar @team numa conversa, cada membro da equipa recebe um alerta. O tipo de notificação  depende da  configuração de cadaindivíduo.\r\n\r\nDica: Também pode mencionar alguém simplesmente digitando o seu nome e escolhendo o seu pseudónimo. Comece por escrever o primeiro nome e, à medida que continuar a  escrever, será exibida a pessoa ou uma lista de  pessoas  correspondentes.    Escolha a pessoa que quer @mention."
        }
      },
      "id": "95171539-9dbe-4de9-9f7d-62082492a586",
      "createdTime": "2021-04-07T18:37:12.8795986Z",
      "updatedTime": "2021-04-07T18:37:12.8795986Z",
      "createdUserId": "704dbbff-ed42-4ede-b8c8-2ac7c33773ac",
      "updatedUserId": "704dbbff-ed42-4ede-b8c8-2ac7c33773ac"
    }
  ],
  "createdUtc": "0001-01-01T00:00:00Z"
}