{
  "intents": [
    {
      "triggerQueries": [
        "Posso restaurar uma equipa ou um canal apagados?"
      ],
      "dialogId": "new_topic_18597fc509b74676a3d1cc637f3fcdb4",
      "isTriggeringEnabled": false,
      "id": "new_topic_18597fc509b74676a3d1cc637f3fcdb4",
      "displayName": "Posso restaurar uma equipa ou um canal apagados?",
      "description": "https://myfirstbot5159226067.blob.core.windows.net/adoptbotpt/adoptbot2021-Portuguese (3).docx",
      "createdTime": "2021-04-07T18:37:12.8785774Z",
      "updatedTime": "2021-04-07T18:37:12.8785774Z",
      "createdUserId": "704dbbff-ed42-4ede-b8c8-2ac7c33773ac"
    }
  ],
  "dialogs": [
    {
      "rootNodeId": "142be3d0-2946-4da6-b83b-627b28d794e4",
      "messageNodes": [
        {
          "botMessageId": "3e157c5d-ae31-43c9-8c59-e40b45354066",
          "nodeType": "BotMessageNode",
          "id": "142be3d0-2946-4da6-b83b-627b28d794e4",
          "defaultTargetNodeId": "0fa20466-b191-4b48-a638-8e2cc900b76e"
        }
      ],
      "dialogChangeNodes": [
        {
          "targetDialogId": "new_topic_f47de1d400dd44789efae4b80b274492_aeabea4d071f415c8c107e1cb7af5424_assumedsuccess",
          "nodeType": "DialogChangeNode",
          "id": "0fa20466-b191-4b48-a638-8e2cc900b76e"
        }
      ],
      "id": "new_topic_18597fc509b74676a3d1cc637f3fcdb4",
      "displayName": "Dialog for Posso restaurar uma equipa ou um canal apagados?",
      "createdTime": "2021-04-07T18:37:12.8785774Z",
      "updatedTime": "2021-04-07T18:37:12.8785774Z",
      "createdUserId": "704dbbff-ed42-4ede-b8c8-2ac7c33773ac",
      "updatedUserId": "704dbbff-ed42-4ede-b8c8-2ac7c33773ac"
    }
  ],
  "botMessages": [
    {
      "channelContent": {
        "web": {
          "contentFormat": "Markdown",
          "content": "Para restaurar uma equipa eliminada, fale com o seu departamento de IT. Pode partilhar este post de blog  se  precisarem  de instruções.\r\n\r\nPara restaurar um canal eliminado, vá ao nome da equipa, clique emMais opções e, de seguida, clique em  Gerira equipa . Posteriormente, aceda ao  separador Canais. Aqui irá encontrar o canal na secção Apagar  e clique em  Restaurar. Todas as conversas de canais, ficheiros e separadores serão restaurados."
        }
      },
      "id": "3e157c5d-ae31-43c9-8c59-e40b45354066",
      "createdTime": "2021-04-07T18:37:12.8785774Z",
      "updatedTime": "2021-04-07T18:37:12.8785774Z",
      "createdUserId": "704dbbff-ed42-4ede-b8c8-2ac7c33773ac",
      "updatedUserId": "704dbbff-ed42-4ede-b8c8-2ac7c33773ac"
    }
  ],
  "createdUtc": "0001-01-01T00:00:00Z"
}