<botcomponent schemaname="new_topic_165f1f3671544313ad83e9e205dc7077">
  <componenttype>0</componenttype>
  <description>https://myfirstbot5159226067.blob.core.windows.net/adoptbotpt/adoptbot2021-Portuguese (3).docx</description>
  <iscustomizable>1</iscustomizable>
  <name>Como posso afixar / fazer pin (d)o Walkie Talkie no meu Teams? / Como ponho walkie talkie para acesso rápido no meu telemóvel / device / dispositivo?</name>
  <statecode>0</statecode>
  <statuscode>1</statuscode>
</botcomponent>