{
  "intents": [
    {
      "triggerQueries": [
        "Como posso afixar / fazer pin (d)o Walkie Talkie no meu Teams? / Como ponho walkie talkie para acesso rápido no meu telemóvel / device / dispositivo?"
      ],
      "dialogId": "new_topic_165f1f3671544313ad83e9e205dc7077",
      "isTriggeringEnabled": false,
      "id": "new_topic_165f1f3671544313ad83e9e205dc7077",
      "displayName": "Como posso afixar / fazer pin (d)o Walkie Talkie no meu Teams? / Como ponho walkie talkie para acesso rápido no meu telemóvel / device / dispositivo?",
      "description": "https://myfirstbot5159226067.blob.core.windows.net/adoptbotpt/adoptbot2021-Portuguese (3).docx",
      "createdTime": "2021-04-07T18:37:12.8806065Z",
      "updatedTime": "2021-04-07T18:37:12.8806065Z",
      "createdUserId": "704dbbff-ed42-4ede-b8c8-2ac7c33773ac"
    }
  ],
  "dialogs": [
    {
      "rootNodeId": "39660ca8-b679-4af9-887f-72a57b789ced",
      "messageNodes": [
        {
          "botMessageId": "c553e686-9ac1-493a-bfb3-907dc6240c3f",
          "nodeType": "BotMessageNode",
          "id": "39660ca8-b679-4af9-887f-72a57b789ced",
          "defaultTargetNodeId": "1b3b2e2e-bc1b-4812-96b4-54f0e3142f08"
        }
      ],
      "dialogChangeNodes": [
        {
          "targetDialogId": "new_topic_f47de1d400dd44789efae4b80b274492_aeabea4d071f415c8c107e1cb7af5424_assumedsuccess",
          "nodeType": "DialogChangeNode",
          "id": "1b3b2e2e-bc1b-4812-96b4-54f0e3142f08"
        }
      ],
      "id": "new_topic_165f1f3671544313ad83e9e205dc7077",
      "displayName": "Dialog for Como posso afixar / fazer pin (d)o Walkie Talkie no meu Teams? / Como ponho walkie talkie para acesso rápido no meu telemóvel / device / dispositivo?",
      "createdTime": "2021-04-07T18:37:12.8806065Z",
      "updatedTime": "2021-04-07T18:37:12.8806065Z",
      "createdUserId": "704dbbff-ed42-4ede-b8c8-2ac7c33773ac",
      "updatedUserId": "704dbbff-ed42-4ede-b8c8-2ac7c33773ac"
    }
  ],
  "botMessages": [
    {
      "channelContent": {
        "web": {
          "contentFormat": "Markdown",
          "content": "Se a aplicação Walkie Talkie ainda não estiver afixada à barra de navegação no Teams, eis como pode fazê-lo: No Teams, percorra para cima na barra de navegação inferior e toque em Editar .\r\n\r\nEm Editar navegação , arraste Walkie Talkie de Mais Aplicações para a secção superior."
        }
      },
      "id": "c553e686-9ac1-493a-bfb3-907dc6240c3f",
      "createdTime": "2021-04-07T18:37:12.8806065Z",
      "updatedTime": "2021-04-07T18:37:12.8806065Z",
      "createdUserId": "704dbbff-ed42-4ede-b8c8-2ac7c33773ac",
      "updatedUserId": "704dbbff-ed42-4ede-b8c8-2ac7c33773ac"
    }
  ],
  "createdUtc": "0001-01-01T00:00:00Z"
}