{
  "intents": [
    {
      "triggerQueries": [
        "Como vejo ou sigo um canal?"
      ],
      "dialogId": "new_topic_e1bbfbfb5f264fce9031481548ffc2af",
      "isTriggeringEnabled": true,
      "canTriggeringBeDisabled": true,
      "id": "new_topic_e1bbfbfb5f264fce9031481548ffc2af",
      "displayName": "Como vejo ou sigo um canal?",
      "description": "https://adoptbotv2kb.blob.core.windows.net/%24web/adoptbot2021-Portuguese (Portugal).docx",
      "createdTime": "2021-03-24T18:09:18.0573466Z",
      "updatedTime": "2021-03-25T09:14:01.392741Z",
      "createdUserId": "478b1ca5-fac4-4940-bda1-873c551431ee",
      "updatedUserId": "478b1ca5-fac4-4940-bda1-873c551431ee",
      "versionNumber": 0,
      "componentId": "00000000-0000-0000-0000-000000000000"
    }
  ],
  "dialogs": [
    {
      "rootNodeId": "eaf56438-42aa-4f5e-9dfd-e3b2c943d0f1",
      "messageNodes": [
        {
          "botMessageId": "629c247f-ef89-48e3-9850-dbe0119c4f52",
          "nodeType": "BotMessageNode",
          "id": "eaf56438-42aa-4f5e-9dfd-e3b2c943d0f1",
          "defaultTargetNodeId": "7d185d95-6559-47aa-96ef-e0c2d7616f21"
        }
      ],
      "dialogChangeNodes": [
        {
          "targetDialogId": "new_topic_ff75c3680c434d8cba423897663a537e_aeabea4d071f415c8c107e1cb7af5424_assumedsuccess",
          "nodeType": "DialogChangeNode",
          "id": "7d185d95-6559-47aa-96ef-e0c2d7616f21"
        }
      ],
      "id": "new_topic_e1bbfbfb5f264fce9031481548ffc2af",
      "displayName": "Dialog for Como vejo ou sigo um canal?",
      "createdTime": "2021-03-24T18:09:18.0573466Z",
      "updatedTime": "2021-03-24T18:09:18.0573466Z",
      "createdUserId": "478b1ca5-fac4-4940-bda1-873c551431ee",
      "updatedUserId": "478b1ca5-fac4-4940-bda1-873c551431ee",
      "versionNumber": 0,
      "componentId": "00000000-0000-0000-0000-000000000000"
    }
  ],
  "botMessages": [
    {
      "channelContent": {
        "web": {
          "contentFormat": "Markdown",
          "content": "Num Canal, clique em Mais options &gt;  Show."
        }
      },
      "id": "629c247f-ef89-48e3-9850-dbe0119c4f52",
      "createdTime": "2021-03-24T18:09:18.0573466Z",
      "updatedTime": "2021-03-24T18:09:18.0573466Z",
      "createdUserId": "478b1ca5-fac4-4940-bda1-873c551431ee",
      "updatedUserId": "478b1ca5-fac4-4940-bda1-873c551431ee",
      "versionNumber": 0,
      "componentId": "00000000-0000-0000-0000-000000000000"
    }
  ],
  "createdUtc": "0001-01-01T00:00:00Z"
}