{
  "intents": [
    {
      "triggerQueries": [
        "Existe alguma restrição para os ficheiros armazenados no Teams?"
      ],
      "dialogId": "new_topic_6cbab84c9d534e6c8f2c485694436933",
      "isTriggeringEnabled": false,
      "id": "new_topic_6cbab84c9d534e6c8f2c485694436933",
      "displayName": "Existe alguma restrição para os ficheiros armazenados no Teams?",
      "description": "https://myfirstbot5159226067.blob.core.windows.net/adoptbotpt/adoptbot2021-Portuguese (3).docx",
      "createdTime": "2021-04-07T18:37:12.8785774Z",
      "updatedTime": "2021-04-07T18:37:12.8785774Z",
      "createdUserId": "704dbbff-ed42-4ede-b8c8-2ac7c33773ac"
    }
  ],
  "dialogs": [
    {
      "rootNodeId": "b62394e6-76cf-47ad-85c1-352f9235e326",
      "messageNodes": [
        {
          "botMessageId": "46a93028-532d-4b21-9639-6b2d38d2f6f4",
          "nodeType": "BotMessageNode",
          "id": "b62394e6-76cf-47ad-85c1-352f9235e326",
          "defaultTargetNodeId": "a2f9a821-edc9-44a8-8e15-755638c7348e"
        }
      ],
      "dialogChangeNodes": [
        {
          "targetDialogId": "new_topic_f47de1d400dd44789efae4b80b274492_aeabea4d071f415c8c107e1cb7af5424_assumedsuccess",
          "nodeType": "DialogChangeNode",
          "id": "a2f9a821-edc9-44a8-8e15-755638c7348e"
        }
      ],
      "id": "new_topic_6cbab84c9d534e6c8f2c485694436933",
      "displayName": "Dialog for Existe alguma restrição para os ficheiros armazenados no Teams?",
      "createdTime": "2021-04-07T18:37:12.8785774Z",
      "updatedTime": "2021-04-07T18:37:12.8785774Z",
      "createdUserId": "704dbbff-ed42-4ede-b8c8-2ac7c33773ac",
      "updatedUserId": "704dbbff-ed42-4ede-b8c8-2ac7c33773ac"
    }
  ],
  "botMessages": [
    {
      "channelContent": {
        "web": {
          "contentFormat": "Markdown",
          "content": "O upload limite é de 100 GB, por ficheiro. Como as Equipas são asseguradas num backend online sharePoint para partilha de ficheiros, as limitações do SharePoint aplicam-se à secção Ficheiros dentro de uma equipa ."
        }
      },
      "id": "46a93028-532d-4b21-9639-6b2d38d2f6f4",
      "createdTime": "2021-04-07T18:37:12.8785774Z",
      "updatedTime": "2021-04-07T18:37:12.8785774Z",
      "createdUserId": "704dbbff-ed42-4ede-b8c8-2ac7c33773ac",
      "updatedUserId": "704dbbff-ed42-4ede-b8c8-2ac7c33773ac"
    }
  ],
  "createdUtc": "0001-01-01T00:00:00Z"
}