{
  "intents": [
    {
      "triggerQueries": [
        "O que significa ser @mentioned?"
      ],
      "dialogId": "new_topic_1b8e6f255549474d94462840e089519f",
      "isTriggeringEnabled": true,
      "canTriggeringBeDisabled": true,
      "id": "new_topic_1b8e6f255549474d94462840e089519f",
      "displayName": "O que significa ser @mentioned?",
      "description": "https://adoptbotv2kb.blob.core.windows.net/%24web/adoptbot2021-Portuguese (Portugal).docx",
      "createdTime": "2021-03-24T18:09:18.0573466Z",
      "updatedTime": "2021-03-25T09:13:44.3739124Z",
      "createdUserId": "478b1ca5-fac4-4940-bda1-873c551431ee",
      "updatedUserId": "478b1ca5-fac4-4940-bda1-873c551431ee",
      "versionNumber": 0,
      "componentId": "00000000-0000-0000-0000-000000000000"
    }
  ],
  "dialogs": [
    {
      "rootNodeId": "a5156abf-6ea7-400d-8b30-7f773914c6e0",
      "messageNodes": [
        {
          "botMessageId": "82092975-84c5-4f17-9359-378963accb98",
          "nodeType": "BotMessageNode",
          "id": "a5156abf-6ea7-400d-8b30-7f773914c6e0",
          "defaultTargetNodeId": "78623684-6298-42bf-bb30-1f0842c1fab0"
        }
      ],
      "dialogChangeNodes": [
        {
          "targetDialogId": "new_topic_ff75c3680c434d8cba423897663a537e_aeabea4d071f415c8c107e1cb7af5424_assumedsuccess",
          "nodeType": "DialogChangeNode",
          "id": "78623684-6298-42bf-bb30-1f0842c1fab0"
        }
      ],
      "id": "new_topic_1b8e6f255549474d94462840e089519f",
      "displayName": "Dialog for O que significa ser @mentioned?",
      "createdTime": "2021-03-24T18:09:18.0573466Z",
      "updatedTime": "2021-03-24T18:09:18.0573466Z",
      "createdUserId": "478b1ca5-fac4-4940-bda1-873c551431ee",
      "updatedUserId": "478b1ca5-fac4-4940-bda1-873c551431ee",
      "versionNumber": 0,
      "componentId": "00000000-0000-0000-0000-000000000000"
    }
  ],
  "botMessages": [
    {
      "channelContent": {
        "web": {
          "contentFormat": "Markdown",
          "content": "Ser @mentioned é como um toque suave no ombro, uma forma de chamar a sua atenção numa conversa ou conversa decanal.\r\n\r\nQuando alguém @mentions você, você recebe uma notificação no seu feed de Atividade, e você também vê um número ao lado do canal ou chat em que você estava @mentioned dentro. Clique na notificação para ir diretamente ao ponto da conversa onde o mencionaram.\r\n\r\nSe alguma vez se sentir um pouco sobrecarregado com todas as suas @mentions, pode sempre [filtrar o seu feed de Atividade](https://support.microsoft.com/en-us/office/explore-the-activity-feed-in-teams-91c635a1-644a-4c60-9c98-233db3e13a56) para ajudar a resolvê-los.\r\n\r\nPara @mention alguém, basta escrever '@'  na caixa de composição e selecionar o seu nome no menu que aparece."
        }
      },
      "id": "82092975-84c5-4f17-9359-378963accb98",
      "createdTime": "2021-03-24T18:09:18.0573466Z",
      "updatedTime": "2021-03-24T18:09:18.0573466Z",
      "createdUserId": "478b1ca5-fac4-4940-bda1-873c551431ee",
      "updatedUserId": "478b1ca5-fac4-4940-bda1-873c551431ee",
      "versionNumber": 0,
      "componentId": "00000000-0000-0000-0000-000000000000"
    }
  ],
  "createdUtc": "0001-01-01T00:00:00Z"
}