{
  "intents": [
    {
      "triggerQueries": [
        "Gravação de reunião emEquipas?"
      ],
      "dialogId": "new_topic_0ed5d4efbede4769b3e2b380fdd6ffa6",
      "isTriggeringEnabled": true,
      "canTriggeringBeDisabled": true,
      "id": "new_topic_0ed5d4efbede4769b3e2b380fdd6ffa6",
      "displayName": "Gravação de reunião emEquipas?",
      "description": "https://adoptbotv2kb.blob.core.windows.net/%24web/adoptbot2021-Portuguese (Portugal).docx",
      "createdTime": "2021-03-24T18:09:18.0653521Z",
      "updatedTime": "2021-03-25T09:12:44.2552035Z",
      "createdUserId": "478b1ca5-fac4-4940-bda1-873c551431ee",
      "updatedUserId": "478b1ca5-fac4-4940-bda1-873c551431ee",
      "versionNumber": 0,
      "componentId": "00000000-0000-0000-0000-000000000000"
    }
  ],
  "dialogs": [
    {
      "rootNodeId": "6ea0a9b9-9fdd-4a07-8bcc-b3c0d628bcfa",
      "messageNodes": [
        {
          "botMessageId": "5e26f894-8f37-48a4-90c8-b45737d43eed",
          "nodeType": "BotMessageNode",
          "id": "6ea0a9b9-9fdd-4a07-8bcc-b3c0d628bcfa",
          "defaultTargetNodeId": "0e1a9235-00d2-4c8b-ba9f-b8076ba8fcac"
        }
      ],
      "dialogChangeNodes": [
        {
          "targetDialogId": "new_topic_ff75c3680c434d8cba423897663a537e_aeabea4d071f415c8c107e1cb7af5424_assumedsuccess",
          "nodeType": "DialogChangeNode",
          "id": "0e1a9235-00d2-4c8b-ba9f-b8076ba8fcac"
        }
      ],
      "id": "new_topic_0ed5d4efbede4769b3e2b380fdd6ffa6",
      "displayName": "Dialog for Gravação de reunião emEquipas?",
      "createdTime": "2021-03-24T18:09:18.0653521Z",
      "updatedTime": "2021-03-24T18:09:18.0653521Z",
      "createdUserId": "478b1ca5-fac4-4940-bda1-873c551431ee",
      "updatedUserId": "478b1ca5-fac4-4940-bda1-873c551431ee",
      "versionNumber": 0,
      "componentId": "00000000-0000-0000-0000-000000000000"
    }
  ],
  "botMessages": [
    {
      "channelContent": {
        "web": {
          "contentFormat": "Markdown",
          "content": "Nas Equipas microsoft, os utilizadores podem  gravar  as suas reuniões de Teams e chamadas de grupo para capturar atividade de partilha de áudio, vídeo e ecrã. Existe também uma opção para que as gravações tenham transcrição automática, para que os utilizadores possam reproduzir gravações de reuniões com legendas e procurar itens de discussão importantes na transcrição.\r\n\r\nPor favor, note! As gravações  devem ser iniciadas manualmente, caso contrário nada é guardado numa equipaque   não seja a  informação partilhada no  chat.\r\n\r\nConsulte este artigo para mais detalhes: [Gravação de reuniões](https://docs.microsoft.com/en-us/microsoftteams/cloud-recording) em Equipas"
        }
      },
      "id": "5e26f894-8f37-48a4-90c8-b45737d43eed",
      "createdTime": "2021-03-24T18:09:18.0653521Z",
      "updatedTime": "2021-03-24T18:09:18.0653521Z",
      "createdUserId": "478b1ca5-fac4-4940-bda1-873c551431ee",
      "updatedUserId": "478b1ca5-fac4-4940-bda1-873c551431ee",
      "versionNumber": 0,
      "componentId": "00000000-0000-0000-0000-000000000000"
    }
  ],
  "createdUtc": "0001-01-01T00:00:00Z"
}