<botcomponent schemaname="new_topic_ff75c3680c434d8cba423897663a537e_33d5123770ba4daeafae51b361ddc80a">
  <componenttype>0</componenttype>
  <description>Lição 1 - Esta lição mostra como criar um tópico simples com uma ramificação condicional.

Nas próximas lições, mostraremos como adicionar e definir variáveis, condições e entidades.

Bem-vindo ao Power Virtual Agents!</description>
  <iscustomizable>1</iscustomizable>
  <name>Lição 1 - Um tópico simples</name>
  <statecode>0</statecode>
  <statuscode>1</statuscode>
</botcomponent>