{
  "intents": [
    {
      "triggerQueries": [
        "Posso usar caracteres especiais para o meu nome de canal?"
      ],
      "dialogId": "new_topic_8d2c862259a74e23ab40d02401ffddc7",
      "isTriggeringEnabled": false,
      "id": "new_topic_8d2c862259a74e23ab40d02401ffddc7",
      "displayName": "Posso usar caracteres especiais para o meu nome de canal?",
      "description": "https://myfirstbot5159226067.blob.core.windows.net/adoptbotpt/adoptbot2021-Portuguese (3).docx",
      "createdTime": "2021-04-07T18:37:12.8795986Z",
      "updatedTime": "2021-04-07T18:37:12.8795986Z",
      "createdUserId": "704dbbff-ed42-4ede-b8c8-2ac7c33773ac"
    }
  ],
  "dialogs": [
    {
      "rootNodeId": "338bfb56-ebe7-4cd4-a702-56d9effd780d",
      "messageNodes": [
        {
          "botMessageId": "1736cc01-fb67-4d2d-a1df-e7f0133df779",
          "nodeType": "BotMessageNode",
          "id": "338bfb56-ebe7-4cd4-a702-56d9effd780d",
          "defaultTargetNodeId": "85fdf0e7-1d52-492f-b98e-137f209b928b"
        }
      ],
      "dialogChangeNodes": [
        {
          "targetDialogId": "new_topic_f47de1d400dd44789efae4b80b274492_aeabea4d071f415c8c107e1cb7af5424_assumedsuccess",
          "nodeType": "DialogChangeNode",
          "id": "85fdf0e7-1d52-492f-b98e-137f209b928b"
        }
      ],
      "id": "new_topic_8d2c862259a74e23ab40d02401ffddc7",
      "displayName": "Dialog for Posso usar caracteres especiais para o meu nome de canal?",
      "createdTime": "2021-04-07T18:37:12.8795986Z",
      "updatedTime": "2021-04-07T18:37:12.8795986Z",
      "createdUserId": "704dbbff-ed42-4ede-b8c8-2ac7c33773ac",
      "updatedUserId": "704dbbff-ed42-4ede-b8c8-2ac7c33773ac"
    }
  ],
  "botMessages": [
    {
      "channelContent": {
        "web": {
          "contentFormat": "Markdown",
          "content": "Sempre nomeie o canal em letras apenas  primeiro. Em seguida, pode editar o nome e adicionar um ícones para maior compreensão\r\n\r\nNo entanto, os nomes dos canais não podem conter os seguintes caracteres ou palavras.\r\n\r\nPersonagens: ~ # % & \\* { } + / \\ : &lt; &gt; ' .\r\n\r\nPalavras: Formulários, CON, CONIN$, CONOUT$, PRN, AUX, NUL, COM1 a COM9, LPT1 a LPT9, desktop.ini, \\_vti\\_\r\n\r\nNota: Os nomes do canal não podem começar com um  sublinhado (\\_) ou período (.), ou terminar com um período(.)."
        }
      },
      "id": "1736cc01-fb67-4d2d-a1df-e7f0133df779",
      "createdTime": "2021-04-07T18:37:12.8795986Z",
      "updatedTime": "2021-04-07T18:37:12.8795986Z",
      "createdUserId": "704dbbff-ed42-4ede-b8c8-2ac7c33773ac",
      "updatedUserId": "704dbbff-ed42-4ede-b8c8-2ac7c33773ac"
    }
  ],
  "createdUtc": "0001-01-01T00:00:00Z"
}