{
  "intents": [
    {
      "triggerQueries": [
        "Posso restaurar uma equipa ou um canal apagados?"
      ],
      "dialogId": "new_topic_6f7febf06aa84ce5845932206f6776a1",
      "isTriggeringEnabled": true,
      "canTriggeringBeDisabled": true,
      "id": "new_topic_6f7febf06aa84ce5845932206f6776a1",
      "displayName": "Posso restaurar uma equipa ou um canal apagados?",
      "description": "https://adoptbotv2kb.blob.core.windows.net/%24web/adoptbot2021-Portuguese (Portugal).docx",
      "createdTime": "2021-03-24T18:09:18.0573466Z",
      "updatedTime": "2021-03-25T09:13:54.9819818Z",
      "createdUserId": "478b1ca5-fac4-4940-bda1-873c551431ee",
      "updatedUserId": "478b1ca5-fac4-4940-bda1-873c551431ee",
      "versionNumber": 0,
      "componentId": "00000000-0000-0000-0000-000000000000"
    }
  ],
  "dialogs": [
    {
      "rootNodeId": "0d66c213-85cb-4899-9813-3a58d9c44fcd",
      "messageNodes": [
        {
          "botMessageId": "770f9448-fcf2-467b-aba3-7e5830a0c905",
          "nodeType": "BotMessageNode",
          "id": "0d66c213-85cb-4899-9813-3a58d9c44fcd",
          "defaultTargetNodeId": "837641cc-bd29-4edf-b147-ec7eba387dfa"
        }
      ],
      "dialogChangeNodes": [
        {
          "targetDialogId": "new_topic_ff75c3680c434d8cba423897663a537e_aeabea4d071f415c8c107e1cb7af5424_assumedsuccess",
          "nodeType": "DialogChangeNode",
          "id": "837641cc-bd29-4edf-b147-ec7eba387dfa"
        }
      ],
      "id": "new_topic_6f7febf06aa84ce5845932206f6776a1",
      "displayName": "Dialog for Posso restaurar uma equipa ou um canal apagados?",
      "createdTime": "2021-03-24T18:09:18.0573466Z",
      "updatedTime": "2021-03-24T18:09:18.0573466Z",
      "createdUserId": "478b1ca5-fac4-4940-bda1-873c551431ee",
      "updatedUserId": "478b1ca5-fac4-4940-bda1-873c551431ee",
      "versionNumber": 0,
      "componentId": "00000000-0000-0000-0000-000000000000"
    }
  ],
  "botMessages": [
    {
      "channelContent": {
        "web": {
          "contentFormat": "Markdown",
          "content": "Para restaurar uma equipa eliminada, fale com o seu administrador de TI. Pode partilhar [este post de blog](https://www.thewindowsclub.com/how-to-restore-deleted-teams-and-channels-in-microsoft-teams)  se  precisarem  de instruções.\r\n\r\nPara restaurar um canal eliminado, vá ao nome da equipa e clique emMais opções e, em seguida, clique em  Gerira equipa . Vá ao  separador Canais.    Encontre o canal na secção Apagar  e clique em  Restaurar. Todas as conversas de canais, ficheiros e separadores serão restaurados."
        }
      },
      "id": "770f9448-fcf2-467b-aba3-7e5830a0c905",
      "createdTime": "2021-03-24T18:09:18.0573466Z",
      "updatedTime": "2021-03-24T18:09:18.0573466Z",
      "createdUserId": "478b1ca5-fac4-4940-bda1-873c551431ee",
      "updatedUserId": "478b1ca5-fac4-4940-bda1-873c551431ee",
      "versionNumber": 0,
      "componentId": "00000000-0000-0000-0000-000000000000"
    }
  ],
  "createdUtc": "0001-01-01T00:00:00Z"
}