{
  "intents": [
    {
      "triggerQueries": [
        "Delete uma mensagem enviada?"
      ],
      "dialogId": "new_topic_06f9472dcb8e4450aac0aea6ecb2ec95",
      "isTriggeringEnabled": true,
      "canTriggeringBeDisabled": true,
      "id": "new_topic_06f9472dcb8e4450aac0aea6ecb2ec95",
      "displayName": "Delete uma mensagem enviada?",
      "description": "https://adoptbotv2kb.blob.core.windows.net/%24web/adoptbot2021-Portuguese (Portugal).docx",
      "createdTime": "2021-03-24T18:09:18.0573466Z",
      "updatedTime": "2021-03-25T09:14:03.1074718Z",
      "createdUserId": "478b1ca5-fac4-4940-bda1-873c551431ee",
      "updatedUserId": "478b1ca5-fac4-4940-bda1-873c551431ee",
      "versionNumber": 0,
      "componentId": "00000000-0000-0000-0000-000000000000"
    }
  ],
  "dialogs": [
    {
      "rootNodeId": "05572ab5-141e-4a5c-9bb8-c21ee84c0fa1",
      "messageNodes": [
        {
          "botMessageId": "5f6a7625-4547-4b86-a8c3-b72d806748b8",
          "nodeType": "BotMessageNode",
          "id": "05572ab5-141e-4a5c-9bb8-c21ee84c0fa1",
          "defaultTargetNodeId": "545f101c-11d7-4a6e-8349-4c80366ed700"
        }
      ],
      "dialogChangeNodes": [
        {
          "targetDialogId": "new_topic_ff75c3680c434d8cba423897663a537e_aeabea4d071f415c8c107e1cb7af5424_assumedsuccess",
          "nodeType": "DialogChangeNode",
          "id": "545f101c-11d7-4a6e-8349-4c80366ed700"
        }
      ],
      "id": "new_topic_06f9472dcb8e4450aac0aea6ecb2ec95",
      "displayName": "Dialog for Delete uma mensagem enviada?",
      "createdTime": "2021-03-24T18:09:18.0573466Z",
      "updatedTime": "2021-03-24T18:09:18.0573466Z",
      "createdUserId": "478b1ca5-fac4-4940-bda1-873c551431ee",
      "updatedUserId": "478b1ca5-fac4-4940-bda1-873c551431ee",
      "versionNumber": 0,
      "componentId": "00000000-0000-0000-0000-000000000000"
    }
  ],
  "botMessages": [
    {
      "channelContent": {
        "web": {
          "contentFormat": "Markdown",
          "content": "Se precisar de [desfazer e apagar algo que acabou de enviar,](https://support.microsoft.com/en-us/office/redigera-eller-ta-bort-ett-skickat-meddelande-i-teams-5f1fe604-a900-4a07-b8b7-8cf70ed6b263?ui=sv-SE&rs=sv-SE&ad=SE) vá  à mensagem e selecione  Mais opções  nos três  pontos \"... \" &gt; Delete (ocaixote do lixo).\r\n\r\nSe ainda não enviou a mensagem, selecione Formato (A com caneta) para expandir a caixa. Em seguida, selecione Delete(o caixote do lixo)."
        }
      },
      "id": "5f6a7625-4547-4b86-a8c3-b72d806748b8",
      "createdTime": "2021-03-24T18:09:18.0573466Z",
      "updatedTime": "2021-03-24T18:09:18.0573466Z",
      "createdUserId": "478b1ca5-fac4-4940-bda1-873c551431ee",
      "updatedUserId": "478b1ca5-fac4-4940-bda1-873c551431ee",
      "versionNumber": 0,
      "componentId": "00000000-0000-0000-0000-000000000000"
    }
  ],
  "createdUtc": "0001-01-01T00:00:00Z"
}