{
  "intents": [
    {
      "triggerQueries": [
        "Quem pode participar em eventos ao vivo?"
      ],
      "dialogId": "new_topic_a24085bcf880480db331420b94b5ff70",
      "isTriggeringEnabled": false,
      "id": "new_topic_a24085bcf880480db331420b94b5ff70",
      "displayName": "Quem pode participar em eventos ao vivo?",
      "description": "https://myfirstbot5159226067.blob.core.windows.net/adoptbotpt/adoptbot2021-Portuguese (3).docx",
      "createdTime": "2021-04-07T18:37:12.8806065Z",
      "updatedTime": "2021-04-07T18:37:12.8806065Z",
      "createdUserId": "704dbbff-ed42-4ede-b8c8-2ac7c33773ac"
    }
  ],
  "dialogs": [
    {
      "rootNodeId": "6e9282f5-bff2-4b9b-b516-af3a08163be8",
      "messageNodes": [
        {
          "botMessageId": "5b38f05f-18a4-4ddf-988e-0e7c05c7fe68",
          "nodeType": "BotMessageNode",
          "id": "6e9282f5-bff2-4b9b-b516-af3a08163be8",
          "defaultTargetNodeId": "38501815-9c69-4a50-8f70-128aa90cb392"
        }
      ],
      "dialogChangeNodes": [
        {
          "targetDialogId": "new_topic_f47de1d400dd44789efae4b80b274492_aeabea4d071f415c8c107e1cb7af5424_assumedsuccess",
          "nodeType": "DialogChangeNode",
          "id": "38501815-9c69-4a50-8f70-128aa90cb392"
        }
      ],
      "id": "new_topic_a24085bcf880480db331420b94b5ff70",
      "displayName": "Dialog for Quem pode participar em eventos ao vivo?",
      "createdTime": "2021-04-07T18:37:12.8806065Z",
      "updatedTime": "2021-04-07T18:37:12.8806065Z",
      "createdUserId": "704dbbff-ed42-4ede-b8c8-2ac7c33773ac",
      "updatedUserId": "704dbbff-ed42-4ede-b8c8-2ac7c33773ac"
    }
  ],
  "botMessages": [
    {
      "channelContent": {
        "web": {
          "contentFormat": "Markdown",
          "content": "Eventos públicos:\r\n\r\nSe um evento for público, qualquer pessoa com o link pode participar sem fazer login.\r\n\r\nEventos privados:\r\n\r\nSe a presença se limitar à sua organização ou a pessoas e grupos específicos, os participantes devem  fazer login para participar. Se  o evento for produzido externamente, precisarão de uma licença  queinclua o Microsoft Stream.\r\n\r\nPara mais detalhes, consulte[Aprenda a trabalhar com os eventos ao vivo do Microsoft Teams](https://support.microsoft.com/en-us/office/get-started-with-microsoft-teams-live-events-d077fec2-a058-483e-9ab5-1494afda578a) ."
        }
      },
      "id": "5b38f05f-18a4-4ddf-988e-0e7c05c7fe68",
      "createdTime": "2021-04-07T18:37:12.8806065Z",
      "updatedTime": "2021-04-07T18:37:12.8806065Z",
      "createdUserId": "704dbbff-ed42-4ede-b8c8-2ac7c33773ac",
      "updatedUserId": "704dbbff-ed42-4ede-b8c8-2ac7c33773ac"
    }
  ],
  "createdUtc": "0001-01-01T00:00:00Z"
}