{
  "intents": [
    {
      "triggerQueries": [
        "Vou mudar de Skype para negócios?"
      ],
      "dialogId": "new_topic_807a80b89ddf4e8ab8752e7dc14b2eb8",
      "isTriggeringEnabled": true,
      "canTriggeringBeDisabled": true,
      "id": "new_topic_807a80b89ddf4e8ab8752e7dc14b2eb8",
      "displayName": "Vou mudar de Skype para negócios?",
      "description": "https://adoptbotv2kb.blob.core.windows.net/%24web/adoptbot2021-Portuguese (Portugal).docx",
      "createdTime": "2021-03-24T18:09:07.7089078Z",
      "updatedTime": "2021-03-25T09:14:07.5569469Z",
      "createdUserId": "478b1ca5-fac4-4940-bda1-873c551431ee",
      "updatedUserId": "478b1ca5-fac4-4940-bda1-873c551431ee",
      "versionNumber": 0,
      "componentId": "00000000-0000-0000-0000-000000000000"
    }
  ],
  "dialogs": [
    {
      "rootNodeId": "a3115bb9-2e66-4aac-838d-42dc91d8a9a6",
      "messageNodes": [
        {
          "botMessageId": "2fe842a1-ca5c-435e-9116-07be65b28f6a",
          "nodeType": "BotMessageNode",
          "id": "a3115bb9-2e66-4aac-838d-42dc91d8a9a6",
          "defaultTargetNodeId": "6ce9fd42-f5fc-49d3-a3e2-22f0c63c96f7"
        }
      ],
      "dialogChangeNodes": [
        {
          "targetDialogId": "new_topic_ff75c3680c434d8cba423897663a537e_aeabea4d071f415c8c107e1cb7af5424_assumedsuccess",
          "nodeType": "DialogChangeNode",
          "id": "6ce9fd42-f5fc-49d3-a3e2-22f0c63c96f7"
        }
      ],
      "id": "new_topic_807a80b89ddf4e8ab8752e7dc14b2eb8",
      "displayName": "Dialog for Vou mudar de Skype para negócios?",
      "createdTime": "2021-03-24T18:09:07.7089078Z",
      "updatedTime": "2021-03-24T18:09:07.7089078Z",
      "createdUserId": "478b1ca5-fac4-4940-bda1-873c551431ee",
      "updatedUserId": "478b1ca5-fac4-4940-bda1-873c551431ee",
      "versionNumber": 0,
      "componentId": "00000000-0000-0000-0000-000000000000"
    }
  ],
  "botMessages": [
    {
      "channelContent": {
        "web": {
          "contentFormat": "Markdown",
          "content": "Você vai encontrar um monte de funcionalidades familiares à medida que faz a mudança do Skype para Business para Microsoft Teams, além de algumas coisas novas que esperamos que você desfrute! As equipas também oferecem:\r\n\r\n- [Equipas e canais para](https://support.microsoft.com/en-us/office/learn-about-teams-and-channels-5e4fd702-85f5-48d7-ae14-98821a1f90d3) projetos, conversas, ficheiros e reuniões num só local\r\n- [Integração de aplicações do Office](https://support.microsoft.com/en-us/office/five-things-to-know-about-apps-in-microsoft-teams-747492ee-7cdd-4115-a993-8c7e7f98a3d0)\r\n- Aplicativos [e bots](https://support.microsoft.com/en-us/office/five-things-to-know-about-apps-in-microsoft-teams-747492ee-7cdd-4115-a993-8c7e7f98a3d0) personalizáveis\r\n- @mentions [chamar a atenção de alguém.](https://support.microsoft.com/en-us/office/use-mentions-to-get-someone-s-attention-in-teams-eb4f059d-320e-454e-b111-03361d4d6855)\r\n\r\n\r\nSe achou isto útil, há um guia completo para\r\n\r\n[fazer a transição para equipas do Skype para negócios.](https://support.microsoft.com/en-us/office/switch-to-teams-from-skype-for-business-6295a0ae-4e8e-4bba-a100-64cc951cc964)"
        }
      },
      "id": "2fe842a1-ca5c-435e-9116-07be65b28f6a",
      "createdTime": "2021-03-24T18:09:07.7089078Z",
      "updatedTime": "2021-03-24T18:09:07.7089078Z",
      "createdUserId": "478b1ca5-fac4-4940-bda1-873c551431ee",
      "updatedUserId": "478b1ca5-fac4-4940-bda1-873c551431ee",
      "versionNumber": 0,
      "componentId": "00000000-0000-0000-0000-000000000000"
    }
  ],
  "createdUtc": "0001-01-01T00:00:00Z"
}