{
  "intents": [
    {
      "triggerQueries": [
        "Como escondo um canal?"
      ],
      "dialogId": "new_topic_92a194e59e4d4d2e91c65f91686f7952",
      "isTriggeringEnabled": false,
      "id": "new_topic_92a194e59e4d4d2e91c65f91686f7952",
      "displayName": "Como escondo um canal?",
      "description": "https://myfirstbot5159226067.blob.core.windows.net/adoptbotpt/adoptbot2021-Portuguese (3).docx",
      "createdTime": "2021-04-07T18:37:12.8785774Z",
      "updatedTime": "2021-04-07T18:37:12.8785774Z",
      "createdUserId": "704dbbff-ed42-4ede-b8c8-2ac7c33773ac"
    }
  ],
  "dialogs": [
    {
      "rootNodeId": "94999aed-5d0d-4f01-b16d-a11fee915fc7",
      "messageNodes": [
        {
          "botMessageId": "686d46cd-0c2b-4ab2-af8a-a1640cfc859d",
          "nodeType": "BotMessageNode",
          "id": "94999aed-5d0d-4f01-b16d-a11fee915fc7",
          "defaultTargetNodeId": "79ba06e3-821c-4831-9cd8-caa403c2b1d7"
        }
      ],
      "dialogChangeNodes": [
        {
          "targetDialogId": "new_topic_f47de1d400dd44789efae4b80b274492_aeabea4d071f415c8c107e1cb7af5424_assumedsuccess",
          "nodeType": "DialogChangeNode",
          "id": "79ba06e3-821c-4831-9cd8-caa403c2b1d7"
        }
      ],
      "id": "new_topic_92a194e59e4d4d2e91c65f91686f7952",
      "displayName": "Dialog for Como escondo um canal?",
      "createdTime": "2021-04-07T18:37:12.8785774Z",
      "updatedTime": "2021-04-07T18:37:12.8785774Z",
      "createdUserId": "704dbbff-ed42-4ede-b8c8-2ac7c33773ac",
      "updatedUserId": "704dbbff-ed42-4ede-b8c8-2ac7c33773ac"
    }
  ],
  "botMessages": [
    {
      "channelContent": {
        "web": {
          "contentFormat": "Markdown",
          "content": "Vá ao nome da equipa e clique em Maisopções&gt; \"Hide”."
        }
      },
      "id": "686d46cd-0c2b-4ab2-af8a-a1640cfc859d",
      "createdTime": "2021-04-07T18:37:12.8785774Z",
      "updatedTime": "2021-04-07T18:37:12.8785774Z",
      "createdUserId": "704dbbff-ed42-4ede-b8c8-2ac7c33773ac",
      "updatedUserId": "704dbbff-ed42-4ede-b8c8-2ac7c33773ac"
    }
  ],
  "createdUtc": "0001-01-01T00:00:00Z"
}