{
  "intents": [
    {
      "triggerQueries": [
        "Os participantes recebem uma notificação quando um utilizador se junta ou sai de uma reunião?"
      ],
      "dialogId": "new_topic_fc31dc868ad7492bbe1fcc7bdc60d806",
      "isTriggeringEnabled": false,
      "id": "new_topic_fc31dc868ad7492bbe1fcc7bdc60d806",
      "displayName": "Os participantes recebem uma notificação quando um utilizador se junta ou sai de uma reunião?",
      "description": "https://myfirstbot5159226067.blob.core.windows.net/adoptbotpt/adoptbot2021-Portuguese (3).docx",
      "createdTime": "2021-04-07T18:37:12.8785774Z",
      "updatedTime": "2021-04-07T18:37:12.8785774Z",
      "createdUserId": "704dbbff-ed42-4ede-b8c8-2ac7c33773ac"
    }
  ],
  "dialogs": [
    {
      "rootNodeId": "9db0ae76-f7e2-48b5-85db-aff3e4eab8ee",
      "messageNodes": [
        {
          "botMessageId": "111ba81f-b8bd-4de0-9f69-5114a9e9ae38",
          "nodeType": "BotMessageNode",
          "id": "9db0ae76-f7e2-48b5-85db-aff3e4eab8ee",
          "defaultTargetNodeId": "c3886f80-5607-408d-b692-5c737a7dccdb"
        }
      ],
      "dialogChangeNodes": [
        {
          "targetDialogId": "new_topic_f47de1d400dd44789efae4b80b274492_aeabea4d071f415c8c107e1cb7af5424_assumedsuccess",
          "nodeType": "DialogChangeNode",
          "id": "c3886f80-5607-408d-b692-5c737a7dccdb"
        }
      ],
      "id": "new_topic_fc31dc868ad7492bbe1fcc7bdc60d806",
      "displayName": "Dialog for Os participantes recebem uma notificação quando um utilizador se junta ou sai de uma reunião?",
      "createdTime": "2021-04-07T18:37:12.8785774Z",
      "updatedTime": "2021-04-07T18:37:12.8785774Z",
      "createdUserId": "704dbbff-ed42-4ede-b8c8-2ac7c33773ac",
      "updatedUserId": "704dbbff-ed42-4ede-b8c8-2ac7c33773ac"
    }
  ],
  "botMessages": [
    {
      "channelContent": {
        "web": {
          "contentFormat": "Markdown",
          "content": "Por predefinição, os participantes são notificados quando os utilizadores  se juntam à reunião. Para alterar estas definições, consulte  [as definições dos participantes para uma](https://support.microsoft.com/en-us/office/change-participant-settings-for-a-teams-meeting-53261366-dbd5-45f9-aae9-a70e6354f88e)[reunião de equipas](https://support.microsoft.com/en-us/office/change-participant-settings-for-a-teams-meeting-53261366-dbd5-45f9-aae9-a70e6354f88e)"
        }
      },
      "id": "111ba81f-b8bd-4de0-9f69-5114a9e9ae38",
      "createdTime": "2021-04-07T18:37:12.8785774Z",
      "updatedTime": "2021-04-07T18:37:12.8785774Z",
      "createdUserId": "704dbbff-ed42-4ede-b8c8-2ac7c33773ac",
      "updatedUserId": "704dbbff-ed42-4ede-b8c8-2ac7c33773ac"
    }
  ],
  "createdUtc": "0001-01-01T00:00:00Z"
}