{
  "intents": [
    {
      "triggerQueries": [
        "Como edito um ficheiro em Equipas?"
      ],
      "dialogId": "new_topic_047f710430ca4e979496ed1017e2cadc",
      "isTriggeringEnabled": true,
      "canTriggeringBeDisabled": true,
      "id": "new_topic_047f710430ca4e979496ed1017e2cadc",
      "displayName": "Como edito um ficheiro em Equipas?",
      "description": "https://adoptbotv2kb.blob.core.windows.net/%24web/adoptbot2021-Portuguese (Portugal).docx",
      "createdTime": "2021-03-24T18:09:18.0573466Z",
      "updatedTime": "2021-03-25T09:13:55.5714399Z",
      "createdUserId": "478b1ca5-fac4-4940-bda1-873c551431ee",
      "updatedUserId": "478b1ca5-fac4-4940-bda1-873c551431ee",
      "versionNumber": 0,
      "componentId": "00000000-0000-0000-0000-000000000000"
    }
  ],
  "dialogs": [
    {
      "rootNodeId": "000955ab-c78d-41d1-af72-640526751e9b",
      "messageNodes": [
        {
          "botMessageId": "9057b9d5-3fac-4c42-8873-243692702c68",
          "nodeType": "BotMessageNode",
          "id": "000955ab-c78d-41d1-af72-640526751e9b",
          "defaultTargetNodeId": "8f3f8783-9f45-4a3e-ab04-90b1cb2d7f0e"
        }
      ],
      "dialogChangeNodes": [
        {
          "targetDialogId": "new_topic_ff75c3680c434d8cba423897663a537e_aeabea4d071f415c8c107e1cb7af5424_assumedsuccess",
          "nodeType": "DialogChangeNode",
          "id": "8f3f8783-9f45-4a3e-ab04-90b1cb2d7f0e"
        }
      ],
      "id": "new_topic_047f710430ca4e979496ed1017e2cadc",
      "displayName": "Dialog for Como edito um ficheiro em Equipas?",
      "createdTime": "2021-03-24T18:09:18.0573466Z",
      "updatedTime": "2021-03-24T18:09:18.0573466Z",
      "createdUserId": "478b1ca5-fac4-4940-bda1-873c551431ee",
      "updatedUserId": "478b1ca5-fac4-4940-bda1-873c551431ee",
      "versionNumber": 0,
      "componentId": "00000000-0000-0000-0000-000000000000"
    }
  ],
  "botMessages": [
    {
      "channelContent": {
        "web": {
          "contentFormat": "Markdown",
          "content": "Se tiver documentos do Office nos Ficheiros de um canal geral em Equipas, pode clicar nas elipses para expandir um menu de opções de ação para esse ficheiro.\r\n\r\nQuando selecionar Editar em Equipas terá a capacidade de escoar alterações no seu documento e guardá-lo."
        }
      },
      "id": "9057b9d5-3fac-4c42-8873-243692702c68",
      "createdTime": "2021-03-24T18:09:18.0573466Z",
      "updatedTime": "2021-03-24T18:09:18.0573466Z",
      "createdUserId": "478b1ca5-fac4-4940-bda1-873c551431ee",
      "updatedUserId": "478b1ca5-fac4-4940-bda1-873c551431ee",
      "versionNumber": 0,
      "componentId": "00000000-0000-0000-0000-000000000000"
    }
  ],
  "createdUtc": "0001-01-01T00:00:00Z"
}