{
  "intents": [
    {
      "triggerQueries": [
        "Os participantes ouvirão uma notificação quando um utilizador se junta ou cancela uma reunião?"
      ],
      "dialogId": "new_topic_9a9cae635ce744a9839ce724afd91473",
      "isTriggeringEnabled": true,
      "canTriggeringBeDisabled": true,
      "id": "new_topic_9a9cae635ce744a9839ce724afd91473",
      "displayName": "Os participantes ouvirão uma notificação quando um utilizador se junta ou cancela uma reunião?",
      "description": "https://adoptbotv2kb.blob.core.windows.net/%24web/adoptbot2021-Portuguese (Portugal).docx",
      "createdTime": "2021-03-24T18:09:18.0583447Z",
      "updatedTime": "2021-03-25T09:13:35.2044939Z",
      "createdUserId": "478b1ca5-fac4-4940-bda1-873c551431ee",
      "updatedUserId": "478b1ca5-fac4-4940-bda1-873c551431ee",
      "versionNumber": 0,
      "componentId": "00000000-0000-0000-0000-000000000000"
    }
  ],
  "dialogs": [
    {
      "rootNodeId": "686ad54a-481b-4f0d-9d91-73221f787622",
      "messageNodes": [
        {
          "botMessageId": "679ba770-4885-429e-8dd7-53ca07da380e",
          "nodeType": "BotMessageNode",
          "id": "686ad54a-481b-4f0d-9d91-73221f787622",
          "defaultTargetNodeId": "c314487a-9b84-44ef-b0c6-8d1dc11ef90a"
        }
      ],
      "dialogChangeNodes": [
        {
          "targetDialogId": "new_topic_ff75c3680c434d8cba423897663a537e_aeabea4d071f415c8c107e1cb7af5424_assumedsuccess",
          "nodeType": "DialogChangeNode",
          "id": "c314487a-9b84-44ef-b0c6-8d1dc11ef90a"
        }
      ],
      "id": "new_topic_9a9cae635ce744a9839ce724afd91473",
      "displayName": "Dialog for Os participantes ouvirão uma notificação quando um utilizador se junta ou cancela uma reunião?",
      "createdTime": "2021-03-24T18:09:18.0583447Z",
      "updatedTime": "2021-03-24T18:09:18.0583447Z",
      "createdUserId": "478b1ca5-fac4-4940-bda1-873c551431ee",
      "updatedUserId": "478b1ca5-fac4-4940-bda1-873c551431ee",
      "versionNumber": 0,
      "componentId": "00000000-0000-0000-0000-000000000000"
    }
  ],
  "botMessages": [
    {
      "channelContent": {
        "web": {
          "contentFormat": "Markdown",
          "content": "Por predefinição, os participantes são notificados quando os utilizadores  se ligam. Para alterar estas definições, consulte  [as definições dos participantes para uma](https://support.microsoft.com/en-us/office/change-participant-settings-for-a-teams-meeting-53261366-dbd5-45f9-aae9-a70e6354f88e)[reunião de equipas](https://support.microsoft.com/en-us/office/change-participant-settings-for-a-teams-meeting-53261366-dbd5-45f9-aae9-a70e6354f88e)"
        }
      },
      "id": "679ba770-4885-429e-8dd7-53ca07da380e",
      "createdTime": "2021-03-24T18:09:18.0583447Z",
      "updatedTime": "2021-03-24T18:09:18.0583447Z",
      "createdUserId": "478b1ca5-fac4-4940-bda1-873c551431ee",
      "updatedUserId": "478b1ca5-fac4-4940-bda1-873c551431ee",
      "versionNumber": 0,
      "componentId": "00000000-0000-0000-0000-000000000000"
    }
  ],
  "createdUtc": "0001-01-01T00:00:00Z"
}