{
  "intents": [
    {
      "triggerQueries": [
        "Como posso bloquear um bot?"
      ],
      "dialogId": "new_topic_07f75ac285b94bf0a692aaecfd75c745",
      "isTriggeringEnabled": false,
      "id": "new_topic_07f75ac285b94bf0a692aaecfd75c745",
      "displayName": "Como posso bloquear um bot?",
      "description": "https://myfirstbot5159226067.blob.core.windows.net/adoptbotpt/adoptbot2021-Portuguese (3).docx",
      "createdTime": "2021-04-07T18:37:12.8785774Z",
      "updatedTime": "2021-04-07T18:37:12.8785774Z",
      "createdUserId": "704dbbff-ed42-4ede-b8c8-2ac7c33773ac"
    }
  ],
  "dialogs": [
    {
      "rootNodeId": "b96c8801-489a-4f93-adce-a36f4caa76d2",
      "messageNodes": [
        {
          "botMessageId": "c5156efa-77db-4ea4-8158-799818794988",
          "nodeType": "BotMessageNode",
          "id": "b96c8801-489a-4f93-adce-a36f4caa76d2",
          "defaultTargetNodeId": "66b0a875-f5dd-4220-bfd9-6a186695b024"
        }
      ],
      "dialogChangeNodes": [
        {
          "targetDialogId": "new_topic_f47de1d400dd44789efae4b80b274492_aeabea4d071f415c8c107e1cb7af5424_assumedsuccess",
          "nodeType": "DialogChangeNode",
          "id": "66b0a875-f5dd-4220-bfd9-6a186695b024"
        }
      ],
      "id": "new_topic_07f75ac285b94bf0a692aaecfd75c745",
      "displayName": "Dialog for Como posso bloquear um bot?",
      "createdTime": "2021-04-07T18:37:12.8785774Z",
      "updatedTime": "2021-04-07T18:37:12.8785774Z",
      "createdUserId": "704dbbff-ed42-4ede-b8c8-2ac7c33773ac",
      "updatedUserId": "704dbbff-ed42-4ede-b8c8-2ac7c33773ac"
    }
  ],
  "botMessages": [
    {
      "channelContent": {
        "web": {
          "contentFormat": "Markdown",
          "content": "Se não tiver ouvido falar de um bot... Temos pções.\r\n\r\nPara impedir que um bot fale, procure o título da sua conversa com o bot na lista de conversas, clique em Mais opções  e, posteriormente, selecione  Mute .\r\n\r\nSe procura uma solução mais permanente, pode remover um bot de um canal a título definitivo. Aceda ao canal que pretende , clique em Mais opções  e, de seguida,  Gerir a equipa .\r\n\r\nNo  separador Apps, clique em  Desinstalar  ao lado do nome do bot que pretende remover."
        }
      },
      "id": "c5156efa-77db-4ea4-8158-799818794988",
      "createdTime": "2021-04-07T18:37:12.8785774Z",
      "updatedTime": "2021-04-07T18:37:12.8785774Z",
      "createdUserId": "704dbbff-ed42-4ede-b8c8-2ac7c33773ac",
      "updatedUserId": "704dbbff-ed42-4ede-b8c8-2ac7c33773ac"
    }
  ],
  "createdUtc": "0001-01-01T00:00:00Z"
}