{
  "intents": [
    {
      "triggerQueries": [
        "Descrever o processo de criação de uma equipa?"
      ],
      "dialogId": "new_topic_d8242de56a2c49c5ae2fdd8357cb2b38",
      "isTriggeringEnabled": false,
      "id": "new_topic_d8242de56a2c49c5ae2fdd8357cb2b38",
      "displayName": "Descrever o processo de criação de uma equipa?",
      "description": "https://myfirstbot5159226067.blob.core.windows.net/adoptbotpt/adoptbot2021-Portuguese (3).docx",
      "createdTime": "2021-04-07T18:37:12.8795986Z",
      "updatedTime": "2021-04-07T18:37:12.8795986Z",
      "createdUserId": "704dbbff-ed42-4ede-b8c8-2ac7c33773ac"
    }
  ],
  "dialogs": [
    {
      "rootNodeId": "e0df03ba-5569-4671-87dd-4e27531f1b37",
      "messageNodes": [
        {
          "botMessageId": "6ffcabd6-9dc8-47af-8816-f5a23eb13ede",
          "nodeType": "BotMessageNode",
          "id": "e0df03ba-5569-4671-87dd-4e27531f1b37",
          "defaultTargetNodeId": "25dbdc2e-3de5-4048-b4f2-91050384fd18"
        }
      ],
      "dialogChangeNodes": [
        {
          "targetDialogId": "new_topic_f47de1d400dd44789efae4b80b274492_aeabea4d071f415c8c107e1cb7af5424_assumedsuccess",
          "nodeType": "DialogChangeNode",
          "id": "25dbdc2e-3de5-4048-b4f2-91050384fd18"
        }
      ],
      "id": "new_topic_d8242de56a2c49c5ae2fdd8357cb2b38",
      "displayName": "Dialog for Descrever o processo de criação de uma equipa?",
      "createdTime": "2021-04-07T18:37:12.8795986Z",
      "updatedTime": "2021-04-07T18:37:12.8795986Z",
      "createdUserId": "704dbbff-ed42-4ede-b8c8-2ac7c33773ac",
      "updatedUserId": "704dbbff-ed42-4ede-b8c8-2ac7c33773ac"
    }
  ],
  "botMessages": [
    {
      "channelContent": {
        "web": {
          "contentFormat": "Markdown",
          "content": "Existem duas opções: [Criar uma equipa de raiz](https://support.microsoft.com/en-us/office/skapa-ett-team-fr%C3%A5n-grunden-174adf5f-846b-4780-b765-de1a0a737e2b) ou de um  modelo/equipa existente.\r\n\r\nPara criar uma equipa:\r\n\r\nNa barra lateral das Equipas, clique em Equipa (na parte inferior da lista), clique em \"Juntar  ou criar uma  equipa\"  e, em seguida, clique em Criar uma nova equipa.\r\n\r\nDo zero:\r\n\r\nPode criar uma nova equipa com as seguintes definições:\r\n\r\n-Privado: Proprietários precisam convidar colegas para se juntarem à equipa\r\n\r\n-Público: Todos os colegas têm a opção de aderir\r\n\r\nApenas para  administradores:  Equipa org-wide: Todos os colegas são automaticamente adicionados à equipa.\r\n\r\nDe um grupo ouequipa:\r\n\r\nPode reutilizar a estrutura e as configurações existentes para uma nova equipa. Escolha uma equipa existente ou um grupo Microsoft 365. Ajuste o que deseja replicar.\r\n\r\nDepois de criar a    sua equipa, pode  convidar  as pessoas. Pode adicionar utilizadores individuais, grupos e até grupos de contacto inteiros (listas de distribuição).\r\n\r\nDica: Não se esqueça que deve ser pelo menos  dois  donos  de equipas  em  cada equipa."
        }
      },
      "id": "6ffcabd6-9dc8-47af-8816-f5a23eb13ede",
      "createdTime": "2021-04-07T18:37:12.8795986Z",
      "updatedTime": "2021-04-07T18:37:12.8795986Z",
      "createdUserId": "704dbbff-ed42-4ede-b8c8-2ac7c33773ac",
      "updatedUserId": "704dbbff-ed42-4ede-b8c8-2ac7c33773ac"
    }
  ],
  "createdUtc": "0001-01-01T00:00:00Z"
}