{
  "intents": [
    {
      "triggerQueries": [
        "Um utilizador pode receber assistência do operador durante uma reunião?"
      ],
      "dialogId": "new_topic_8082e5024faa4393b2389dabfdead568",
      "isTriggeringEnabled": false,
      "id": "new_topic_8082e5024faa4393b2389dabfdead568",
      "displayName": "Um utilizador pode receber assistência do operador durante uma reunião?",
      "description": "https://myfirstbot5159226067.blob.core.windows.net/adoptbotpt/adoptbot2021-Portuguese (3).docx",
      "createdTime": "2021-04-07T18:37:12.8785774Z",
      "updatedTime": "2021-04-07T18:37:12.8785774Z",
      "createdUserId": "704dbbff-ed42-4ede-b8c8-2ac7c33773ac"
    }
  ],
  "dialogs": [
    {
      "rootNodeId": "1db9adf7-f8d8-4ce0-b182-5ae9d31930d3",
      "messageNodes": [
        {
          "botMessageId": "83daa581-6284-40b8-915d-e24eef0a200c",
          "nodeType": "BotMessageNode",
          "id": "1db9adf7-f8d8-4ce0-b182-5ae9d31930d3",
          "defaultTargetNodeId": "47b2a6d9-a0f9-4654-a1bf-fbb3bb283e78"
        }
      ],
      "dialogChangeNodes": [
        {
          "targetDialogId": "new_topic_f47de1d400dd44789efae4b80b274492_aeabea4d071f415c8c107e1cb7af5424_assumedsuccess",
          "nodeType": "DialogChangeNode",
          "id": "47b2a6d9-a0f9-4654-a1bf-fbb3bb283e78"
        }
      ],
      "id": "new_topic_8082e5024faa4393b2389dabfdead568",
      "displayName": "Dialog for Um utilizador pode receber assistência do operador durante uma reunião?",
      "createdTime": "2021-04-07T18:37:12.8785774Z",
      "updatedTime": "2021-04-07T18:37:12.8785774Z",
      "createdUserId": "704dbbff-ed42-4ede-b8c8-2ac7c33773ac",
      "updatedUserId": "704dbbff-ed42-4ede-b8c8-2ac7c33773ac"
    }
  ],
  "botMessages": [
    {
      "channelContent": {
        "web": {
          "contentFormat": "Markdown",
          "content": "Um utilizador não pode obter ajuda ou suporte do operador premindo \\*0 durante a reunião. Se houver   problemas de conferência sonora,  um administrador da organização pode contactar o Microsoft Support para o Office 365"
        }
      },
      "id": "83daa581-6284-40b8-915d-e24eef0a200c",
      "createdTime": "2021-04-07T18:37:12.8785774Z",
      "updatedTime": "2021-04-07T18:37:12.8785774Z",
      "createdUserId": "704dbbff-ed42-4ede-b8c8-2ac7c33773ac",
      "updatedUserId": "704dbbff-ed42-4ede-b8c8-2ac7c33773ac"
    }
  ],
  "createdUtc": "0001-01-01T00:00:00Z"
}