{
  "intents": [
    {
      "triggerQueries": [
        "O que é Exchange Online?"
      ],
      "dialogId": "new_topic_1e64d7ef1d934a6a99d3a69673330888",
      "isTriggeringEnabled": false,
      "id": "new_topic_1e64d7ef1d934a6a99d3a69673330888",
      "displayName": "O que é Exchange Online?",
      "description": "https://myfirstbot5159226067.blob.core.windows.net/adoptbotpt/adoptbot2021-Portuguese (3).docx",
      "createdTime": "2021-04-07T18:37:12.8806065Z",
      "updatedTime": "2021-04-07T18:37:12.8806065Z",
      "createdUserId": "704dbbff-ed42-4ede-b8c8-2ac7c33773ac"
    }
  ],
  "dialogs": [
    {
      "rootNodeId": "f12bbf6b-ccff-4f25-9dcd-42be45e4727f",
      "messageNodes": [
        {
          "botMessageId": "f5537337-e0f3-4139-ae2c-2a8fbe04e11a",
          "nodeType": "BotMessageNode",
          "id": "f12bbf6b-ccff-4f25-9dcd-42be45e4727f",
          "defaultTargetNodeId": "07dd0c8b-9ad0-4708-9c08-b8c5be5d758d"
        }
      ],
      "dialogChangeNodes": [
        {
          "targetDialogId": "new_topic_f47de1d400dd44789efae4b80b274492_aeabea4d071f415c8c107e1cb7af5424_assumedsuccess",
          "nodeType": "DialogChangeNode",
          "id": "07dd0c8b-9ad0-4708-9c08-b8c5be5d758d"
        }
      ],
      "id": "new_topic_1e64d7ef1d934a6a99d3a69673330888",
      "displayName": "Dialog for O que é Exchange Online?",
      "createdTime": "2021-04-07T18:37:12.8806065Z",
      "updatedTime": "2021-04-07T18:37:12.8806065Z",
      "createdUserId": "704dbbff-ed42-4ede-b8c8-2ac7c33773ac",
      "updatedUserId": "704dbbff-ed42-4ede-b8c8-2ac7c33773ac"
    }
  ],
  "botMessages": [
    {
      "channelContent": {
        "web": {
          "contentFormat": "Markdown",
          "content": "O Exchange Online faz parte do Microsoft 365. Fornece  e-mail e calendário. Clique no ícone Outlook no Office 365 para  iniciá-lo."
        }
      },
      "id": "f5537337-e0f3-4139-ae2c-2a8fbe04e11a",
      "createdTime": "2021-04-07T18:37:12.8806065Z",
      "updatedTime": "2021-04-07T18:37:12.8806065Z",
      "createdUserId": "704dbbff-ed42-4ede-b8c8-2ac7c33773ac",
      "updatedUserId": "704dbbff-ed42-4ede-b8c8-2ac7c33773ac"
    }
  ],
  "createdUtc": "0001-01-01T00:00:00Z"
}