{
  "intents": [
    {
      "triggerQueries": [
        "Como trabalhar remotamente de qualquer lugar?"
      ],
      "dialogId": "new_topic_3b09dec0d2ab4913bc6b017950d4620f",
      "isTriggeringEnabled": false,
      "id": "new_topic_3b09dec0d2ab4913bc6b017950d4620f",
      "displayName": "Como trabalhar remotamente de qualquer lugar?",
      "description": "https://myfirstbot5159226067.blob.core.windows.net/adoptbotpt/adoptbot2021-Portuguese (3).docx",
      "createdTime": "2021-04-07T18:37:12.8806065Z",
      "updatedTime": "2021-04-07T18:37:12.8806065Z",
      "createdUserId": "704dbbff-ed42-4ede-b8c8-2ac7c33773ac"
    }
  ],
  "dialogs": [
    {
      "rootNodeId": "53bcda07-4150-48df-8b37-ea59fd449aa9",
      "messageNodes": [
        {
          "botMessageId": "39ffda8c-9bab-4eeb-bfcf-ea019696e967",
          "nodeType": "BotMessageNode",
          "id": "53bcda07-4150-48df-8b37-ea59fd449aa9",
          "defaultTargetNodeId": "918a85bc-9e5e-479b-baba-5d591a40dd4b"
        }
      ],
      "dialogChangeNodes": [
        {
          "targetDialogId": "new_topic_f47de1d400dd44789efae4b80b274492_aeabea4d071f415c8c107e1cb7af5424_assumedsuccess",
          "nodeType": "DialogChangeNode",
          "id": "918a85bc-9e5e-479b-baba-5d591a40dd4b"
        }
      ],
      "id": "new_topic_3b09dec0d2ab4913bc6b017950d4620f",
      "displayName": "Dialog for Como trabalhar remotamente de qualquer lugar?",
      "createdTime": "2021-04-07T18:37:12.8806065Z",
      "updatedTime": "2021-04-07T18:37:12.8806065Z",
      "createdUserId": "704dbbff-ed42-4ede-b8c8-2ac7c33773ac",
      "updatedUserId": "704dbbff-ed42-4ede-b8c8-2ac7c33773ac"
    }
  ],
  "botMessages": [
    {
      "channelContent": {
        "web": {
          "contentFormat": "Markdown",
          "content": "[Colabore com a Microsoft 365](https://support.office.com/article/collaborate-with-office-365-ac05a41e-0b49-4420-9ebc-190ee4e744f4) – Um guia de como trabalhar melhor em conjunto em todas as workloads do Microsoft 365."
        }
      },
      "id": "39ffda8c-9bab-4eeb-bfcf-ea019696e967",
      "createdTime": "2021-04-07T18:37:12.8806065Z",
      "updatedTime": "2021-04-07T18:37:12.8806065Z",
      "createdUserId": "704dbbff-ed42-4ede-b8c8-2ac7c33773ac",
      "updatedUserId": "704dbbff-ed42-4ede-b8c8-2ac7c33773ac"
    }
  ],
  "createdUtc": "0001-01-01T00:00:00Z"
}