{
  "intents": [
    {
      "triggerQueries": [
        "Podemos otimizar a nossa rede para equipas daMicrosoft?"
      ],
      "dialogId": "new_topic_1d27b0df5b9c49afb47787b4c2190898",
      "isTriggeringEnabled": true,
      "canTriggeringBeDisabled": true,
      "id": "new_topic_1d27b0df5b9c49afb47787b4c2190898",
      "displayName": "Podemos otimizar a nossa rede para equipas daMicrosoft?",
      "description": "https://adoptbotv2kb.blob.core.windows.net/%24web/adoptbot2021-Portuguese (Portugal).docx",
      "createdTime": "2021-03-24T18:09:18.0653521Z",
      "updatedTime": "2021-03-25T09:13:27.8351546Z",
      "createdUserId": "478b1ca5-fac4-4940-bda1-873c551431ee",
      "updatedUserId": "478b1ca5-fac4-4940-bda1-873c551431ee",
      "versionNumber": 0,
      "componentId": "00000000-0000-0000-0000-000000000000"
    }
  ],
  "dialogs": [
    {
      "rootNodeId": "76ee8315-4dc2-467c-843d-efd482dbefa8",
      "messageNodes": [
        {
          "botMessageId": "114c1007-ab0a-4237-a855-1447b5433715",
          "nodeType": "BotMessageNode",
          "id": "76ee8315-4dc2-467c-843d-efd482dbefa8",
          "defaultTargetNodeId": "78e978a5-6c44-492f-a715-1a8ed0e18266"
        }
      ],
      "dialogChangeNodes": [
        {
          "targetDialogId": "new_topic_ff75c3680c434d8cba423897663a537e_aeabea4d071f415c8c107e1cb7af5424_assumedsuccess",
          "nodeType": "DialogChangeNode",
          "id": "78e978a5-6c44-492f-a715-1a8ed0e18266"
        }
      ],
      "id": "new_topic_1d27b0df5b9c49afb47787b4c2190898",
      "displayName": "Dialog for Podemos otimizar a nossa rede para equipas daMicrosoft?",
      "createdTime": "2021-03-24T18:09:18.0653521Z",
      "updatedTime": "2021-03-24T18:09:18.0653521Z",
      "createdUserId": "478b1ca5-fac4-4940-bda1-873c551431ee",
      "updatedUserId": "478b1ca5-fac4-4940-bda1-873c551431ee",
      "versionNumber": 0,
      "componentId": "00000000-0000-0000-0000-000000000000"
    }
  ],
  "botMessages": [
    {
      "channelContent": {
        "web": {
          "contentFormat": "Markdown",
          "content": "[Siga este guia para preparar e otimizar a rede de equipas da sua](https://docs.microsoft.com/en-us/microsoftteams/prepare-network) organização.\r\n\r\nÉ importante otimizar  o  desempenho , especialmente se muitos  na sua organização trabalharem  remotely.  Para os administradores,aqui está um curto [curso](https://docs.microsoft.com/en-us/learn/modules/m365-teams-rooms-optimize-network/) sobre a [otimização](https://docs.microsoft.com/en-us/learn/modules/m365-teams-rooms-optimize-network/) da sua rede [no Microsoft Learn](https://docs.microsoft.com/en-us/learn/modules/m365-teams-rooms-optimize-network/) ."
        }
      },
      "id": "114c1007-ab0a-4237-a855-1447b5433715",
      "createdTime": "2021-03-24T18:09:18.0653521Z",
      "updatedTime": "2021-03-24T18:09:18.0653521Z",
      "createdUserId": "478b1ca5-fac4-4940-bda1-873c551431ee",
      "updatedUserId": "478b1ca5-fac4-4940-bda1-873c551431ee",
      "versionNumber": 0,
      "componentId": "00000000-0000-0000-0000-000000000000"
    }
  ],
  "createdUtc": "0001-01-01T00:00:00Z"
}