{
  "intents": [
    {
      "triggerQueries": [
        "Como abro um ficheiro no SharePoint das Equipas?"
      ],
      "dialogId": "new_topic_bb4840ed5edf4b71a9c64fa5f21e1c72",
      "isTriggeringEnabled": false,
      "id": "new_topic_bb4840ed5edf4b71a9c64fa5f21e1c72",
      "displayName": "Como abro um ficheiro no SharePoint das Equipas?",
      "description": "https://myfirstbot5159226067.blob.core.windows.net/adoptbotpt/adoptbot2021-Portuguese (3).docx",
      "createdTime": "2021-04-07T18:37:12.8795986Z",
      "updatedTime": "2021-04-07T18:37:12.8795986Z",
      "createdUserId": "704dbbff-ed42-4ede-b8c8-2ac7c33773ac"
    }
  ],
  "dialogs": [
    {
      "rootNodeId": "6fba71e8-4692-4b1d-a6f9-d22f736b54ef",
      "messageNodes": [
        {
          "botMessageId": "dacbddbf-5347-4db7-ba07-1c414e2bc463",
          "nodeType": "BotMessageNode",
          "id": "6fba71e8-4692-4b1d-a6f9-d22f736b54ef",
          "defaultTargetNodeId": "babeb969-5dec-4b51-9907-9ff11183bfc4"
        }
      ],
      "dialogChangeNodes": [
        {
          "targetDialogId": "new_topic_f47de1d400dd44789efae4b80b274492_aeabea4d071f415c8c107e1cb7af5424_assumedsuccess",
          "nodeType": "DialogChangeNode",
          "id": "babeb969-5dec-4b51-9907-9ff11183bfc4"
        }
      ],
      "id": "new_topic_bb4840ed5edf4b71a9c64fa5f21e1c72",
      "displayName": "Dialog for Como abro um ficheiro no SharePoint das Equipas?",
      "createdTime": "2021-04-07T18:37:12.8795986Z",
      "updatedTime": "2021-04-07T18:37:12.8795986Z",
      "createdUserId": "704dbbff-ed42-4ede-b8c8-2ac7c33773ac",
      "updatedUserId": "704dbbff-ed42-4ede-b8c8-2ac7c33773ac"
    }
  ],
  "botMessages": [
    {
      "channelContent": {
        "web": {
          "contentFormat": "Markdown",
          "content": "Se selecionar \"Open in SharePoint\" a partir das opções de ocumentod em Equipas, obterá formas adicionais de gerir o seu documento:\r\n\r\n- Encontre e abra as versões anteriores  de um documento utilizando funcionalidades de histórico de documentos.\r\n- Sincronizar o OneDrive for Business utilizando  o cliente de sincronização OneDrive para visualizar as bibliotecas de documentos teams no File Explorer.\r\n- Ver e gerir quem tem acesso ao seu documento.\r\n\r\n\r\nSugestão:\r\n\r\nEvite fazer  alterações em ficheiros ou pastasna  vista SharePoint. Se possível, faça-o  diretamente  em Equipas."
        }
      },
      "id": "dacbddbf-5347-4db7-ba07-1c414e2bc463",
      "createdTime": "2021-04-07T18:37:12.8795986Z",
      "updatedTime": "2021-04-07T18:37:12.8795986Z",
      "createdUserId": "704dbbff-ed42-4ede-b8c8-2ac7c33773ac",
      "updatedUserId": "704dbbff-ed42-4ede-b8c8-2ac7c33773ac"
    }
  ],
  "createdUtc": "0001-01-01T00:00:00Z"
}