{
  "intents": [
    {
      "triggerQueries": [
        "Como começo uma conversa privada?"
      ],
      "dialogId": "new_topic_14d30be1d6334af3a8b4383a3fd1f498",
      "isTriggeringEnabled": true,
      "canTriggeringBeDisabled": true,
      "id": "new_topic_14d30be1d6334af3a8b4383a3fd1f498",
      "displayName": "Como começo uma conversa privada?",
      "description": "https://adoptbotv2kb.blob.core.windows.net/%24web/adoptbot2021-Portuguese (Portugal).docx",
      "createdTime": "2021-03-24T18:09:18.0573466Z",
      "updatedTime": "2021-03-25T09:13:56.1164736Z",
      "createdUserId": "478b1ca5-fac4-4940-bda1-873c551431ee",
      "updatedUserId": "478b1ca5-fac4-4940-bda1-873c551431ee",
      "versionNumber": 0,
      "componentId": "00000000-0000-0000-0000-000000000000"
    }
  ],
  "dialogs": [
    {
      "rootNodeId": "1936f6aa-2a49-4535-8fb8-339496825434",
      "messageNodes": [
        {
          "botMessageId": "445d8fac-bc44-4b70-b2d8-15d68064b47f",
          "nodeType": "BotMessageNode",
          "id": "1936f6aa-2a49-4535-8fb8-339496825434",
          "defaultTargetNodeId": "6e6925ff-612d-4200-a3c3-63d9bb6efa7e"
        }
      ],
      "dialogChangeNodes": [
        {
          "targetDialogId": "new_topic_ff75c3680c434d8cba423897663a537e_aeabea4d071f415c8c107e1cb7af5424_assumedsuccess",
          "nodeType": "DialogChangeNode",
          "id": "6e6925ff-612d-4200-a3c3-63d9bb6efa7e"
        }
      ],
      "id": "new_topic_14d30be1d6334af3a8b4383a3fd1f498",
      "displayName": "Dialog for Como começo uma conversa privada?",
      "createdTime": "2021-03-24T18:09:18.0573466Z",
      "updatedTime": "2021-03-24T18:09:18.0573466Z",
      "createdUserId": "478b1ca5-fac4-4940-bda1-873c551431ee",
      "updatedUserId": "478b1ca5-fac4-4940-bda1-873c551431ee",
      "versionNumber": 0,
      "componentId": "00000000-0000-0000-0000-000000000000"
    }
  ],
  "botMessages": [
    {
      "channelContent": {
        "web": {
          "contentFormat": "Markdown",
          "content": "Na barra de pesquisa, escreva o nome da pessoa com quem quer conversar. Selecione a pessoa e, em seguida, digite a sua mensagem e clique na seta Enviar.\r\n\r\nSe for uma pessoa externa, escreva o seu endereço de e-mail.\r\n\r\nNota! Isto requer pré-requisitos técnicos nas respetivas organizações:\r\n\r\n[Comunicar com utilizadores de outras organizações em Microsoft Teams](https://docs.microsoft.com/en-us/microsoftteams/communicate-with-users-from-other-organizations)"
        }
      },
      "id": "445d8fac-bc44-4b70-b2d8-15d68064b47f",
      "createdTime": "2021-03-24T18:09:18.0573466Z",
      "updatedTime": "2021-03-24T18:09:18.0573466Z",
      "createdUserId": "478b1ca5-fac4-4940-bda1-873c551431ee",
      "updatedUserId": "478b1ca5-fac4-4940-bda1-873c551431ee",
      "versionNumber": 0,
      "componentId": "00000000-0000-0000-0000-000000000000"
    }
  ],
  "createdUtc": "0001-01-01T00:00:00Z"
}