{
  "intents": [
    {
      "triggerQueries": [
        "Como posso criar uma equipa de uma equipa existente?"
      ],
      "dialogId": "new_topic_ccbca60df2c8460d84f564250b3b6629",
      "isTriggeringEnabled": false,
      "id": "new_topic_ccbca60df2c8460d84f564250b3b6629",
      "displayName": "Como posso criar uma equipa de uma equipa existente?",
      "description": "https://myfirstbot5159226067.blob.core.windows.net/adoptbotpt/adoptbot2021-Portuguese (3).docx",
      "createdTime": "2021-04-07T18:37:12.8795986Z",
      "updatedTime": "2021-04-07T18:37:12.8795986Z",
      "createdUserId": "704dbbff-ed42-4ede-b8c8-2ac7c33773ac"
    }
  ],
  "dialogs": [
    {
      "rootNodeId": "fa37ffd0-10cb-4217-ba68-f7943fe967e0",
      "messageNodes": [
        {
          "botMessageId": "0a2b3985-cfe0-426e-a656-5c9810803d03",
          "nodeType": "BotMessageNode",
          "id": "fa37ffd0-10cb-4217-ba68-f7943fe967e0",
          "defaultTargetNodeId": "d2127fec-8f69-44d3-a924-f66d23c82cb5"
        }
      ],
      "dialogChangeNodes": [
        {
          "targetDialogId": "new_topic_f47de1d400dd44789efae4b80b274492_aeabea4d071f415c8c107e1cb7af5424_assumedsuccess",
          "nodeType": "DialogChangeNode",
          "id": "d2127fec-8f69-44d3-a924-f66d23c82cb5"
        }
      ],
      "id": "new_topic_ccbca60df2c8460d84f564250b3b6629",
      "displayName": "Dialog for Como posso criar uma equipa de uma equipa existente?",
      "createdTime": "2021-04-07T18:37:12.8795986Z",
      "updatedTime": "2021-04-07T18:37:12.8795986Z",
      "createdUserId": "704dbbff-ed42-4ede-b8c8-2ac7c33773ac",
      "updatedUserId": "704dbbff-ed42-4ede-b8c8-2ac7c33773ac"
    }
  ],
  "botMessages": [
    {
      "channelContent": {
        "web": {
          "contentFormat": "Markdown",
          "content": "[Criar uma equipa de uma equipa existente](https://support.microsoft.com/en-us/office/skapa-ett-team-fr%C3%A5n-ett-befintligt-team-f41a759b-3101-4af6-93bd-6aba0e5d7635)\r\n\r\nPode reutilizar a estrutura e as configurações existentes para uma nova equipa.\r\n\r\nPara criar uma equipa: Na barra lateral das Equipas, clique em Equipas.  A t na parte inferior da lista da  sua  equipa, clique em  \" Junte-seou crie umaequipa \"  e, em seguida, clique em Criar uma nova equipa.\r\n\r\nSelecione a opção \" De um grupo ou equipa \". Selecione a equipa existente ou  o  grupo Microsoft 3 65 a partir do grupo microsoft [3](https://support.microsoft.com/en-us/office/skapa-ett-team-fr%C3%A5n-en-befintlig-grupp-24ec428e-40d7-4a1a-ab87-29be7d145865) [65](https://support.microsoft.com/en-us/office/skapa-ett-team-fr%C3%A5n-en-befintlig-grupp-24ec428e-40d7-4a1a-ab87-29be7d145865) a partir de . Escolha um novo nome e reveja as suas definições.\r\n\r\nDepois de criares a tua equipa, podes convidar  as pessoas. Pode adicionar utilizadores individuais, grupos e até grupos de contacto inteiros (listas de distribuição).\r\n\r\nTip: Não se esqueça que deve ser pelo menos  dois  donos  de equipas  em  cada equipa."
        }
      },
      "id": "0a2b3985-cfe0-426e-a656-5c9810803d03",
      "createdTime": "2021-04-07T18:37:12.8795986Z",
      "updatedTime": "2021-04-07T18:37:12.8795986Z",
      "createdUserId": "704dbbff-ed42-4ede-b8c8-2ac7c33773ac",
      "updatedUserId": "704dbbff-ed42-4ede-b8c8-2ac7c33773ac"
    }
  ],
  "createdUtc": "0001-01-01T00:00:00Z"
}