{
  "intents": [
    {
      "triggerQueries": [
        "O que é um membro da equipa?"
      ],
      "dialogId": "new_topic_9169cc5f47ee4dccb8f56b73434935d1",
      "isTriggeringEnabled": false,
      "id": "new_topic_9169cc5f47ee4dccb8f56b73434935d1",
      "displayName": "O que é um membro da equipa?",
      "description": "https://myfirstbot5159226067.blob.core.windows.net/adoptbotpt/adoptbot2021-Portuguese (3).docx",
      "createdTime": "2021-04-07T18:37:12.8785774Z",
      "updatedTime": "2021-04-07T18:37:12.8785774Z",
      "createdUserId": "704dbbff-ed42-4ede-b8c8-2ac7c33773ac"
    }
  ],
  "dialogs": [
    {
      "rootNodeId": "a9300c93-d2ad-4c9a-8cec-344cceeda0f9",
      "messageNodes": [
        {
          "botMessageId": "ca1d1f5b-daa7-4060-abff-5f4498078c92",
          "nodeType": "BotMessageNode",
          "id": "a9300c93-d2ad-4c9a-8cec-344cceeda0f9",
          "defaultTargetNodeId": "9cc4cc1f-4311-4621-8447-d20a807f44c3"
        }
      ],
      "dialogChangeNodes": [
        {
          "targetDialogId": "new_topic_f47de1d400dd44789efae4b80b274492_aeabea4d071f415c8c107e1cb7af5424_assumedsuccess",
          "nodeType": "DialogChangeNode",
          "id": "9cc4cc1f-4311-4621-8447-d20a807f44c3"
        }
      ],
      "id": "new_topic_9169cc5f47ee4dccb8f56b73434935d1",
      "displayName": "Dialog for O que é um membro da equipa?",
      "createdTime": "2021-04-07T18:37:12.8785774Z",
      "updatedTime": "2021-04-07T18:37:12.8785774Z",
      "createdUserId": "704dbbff-ed42-4ede-b8c8-2ac7c33773ac",
      "updatedUserId": "704dbbff-ed42-4ede-b8c8-2ac7c33773ac"
    }
  ],
  "botMessages": [
    {
      "channelContent": {
        "web": {
          "contentFormat": "Markdown",
          "content": "Pessoas que os donos da equipa convidam para se juntarem à sua equipa."
        }
      },
      "id": "ca1d1f5b-daa7-4060-abff-5f4498078c92",
      "createdTime": "2021-04-07T18:37:12.8785774Z",
      "updatedTime": "2021-04-07T18:37:12.8785774Z",
      "createdUserId": "704dbbff-ed42-4ede-b8c8-2ac7c33773ac",
      "updatedUserId": "704dbbff-ed42-4ede-b8c8-2ac7c33773ac"
    }
  ],
  "createdUtc": "0001-01-01T00:00:00Z"
}