{
  "intents": [
    {
      "triggerQueries": [
        "Podemos otimizar a nossa rede para o Microsoft Teams?"
      ],
      "dialogId": "new_topic_a61ae3d960634f4984c64681d3e45c5e",
      "isTriggeringEnabled": false,
      "id": "new_topic_a61ae3d960634f4984c64681d3e45c5e",
      "displayName": "Podemos otimizar a nossa rede para o Microsoft Teams?",
      "description": "https://myfirstbot5159226067.blob.core.windows.net/adoptbotpt/adoptbot2021-Portuguese (3).docx",
      "createdTime": "2021-04-07T18:37:12.8806065Z",
      "updatedTime": "2021-04-07T18:37:12.8806065Z",
      "createdUserId": "704dbbff-ed42-4ede-b8c8-2ac7c33773ac"
    }
  ],
  "dialogs": [
    {
      "rootNodeId": "47fee013-3cf4-42da-aad6-f13238ed2aed",
      "messageNodes": [
        {
          "botMessageId": "15ac6310-6497-4e5c-9c66-b500f2724f29",
          "nodeType": "BotMessageNode",
          "id": "47fee013-3cf4-42da-aad6-f13238ed2aed",
          "defaultTargetNodeId": "882c244c-b859-4ae5-9a58-d08820ab5d95"
        }
      ],
      "dialogChangeNodes": [
        {
          "targetDialogId": "new_topic_f47de1d400dd44789efae4b80b274492_aeabea4d071f415c8c107e1cb7af5424_assumedsuccess",
          "nodeType": "DialogChangeNode",
          "id": "882c244c-b859-4ae5-9a58-d08820ab5d95"
        }
      ],
      "id": "new_topic_a61ae3d960634f4984c64681d3e45c5e",
      "displayName": "Dialog for Podemos otimizar a nossa rede para o Microsoft Teams?",
      "createdTime": "2021-04-07T18:37:12.8806065Z",
      "updatedTime": "2021-04-07T18:37:12.8806065Z",
      "createdUserId": "704dbbff-ed42-4ede-b8c8-2ac7c33773ac",
      "updatedUserId": "704dbbff-ed42-4ede-b8c8-2ac7c33773ac"
    }
  ],
  "botMessages": [
    {
      "channelContent": {
        "web": {
          "contentFormat": "Markdown",
          "content": "[Siga este guia para preparar e otimizar a rede para o Microsoft Teams da sua](https://docs.microsoft.com/en-us/microsoftteams/prepare-network) organização.\r\n\r\nÉ importante otimizar  o desempenho , especialmente se muitas pessoas  na sua organização trabalharem  rematamente.  Para os administradores, aqui está um curto [curso](https://docs.microsoft.com/en-us/learn/modules/m365-teams-rooms-optimize-network/) sobre a [otimização](https://docs.microsoft.com/en-us/learn/modules/m365-teams-rooms-optimize-network/) da sua rede [no Microsoft Learn](https://docs.microsoft.com/en-us/learn/modules/m365-teams-rooms-optimize-network/) ."
        }
      },
      "id": "15ac6310-6497-4e5c-9c66-b500f2724f29",
      "createdTime": "2021-04-07T18:37:12.8806065Z",
      "updatedTime": "2021-04-07T18:37:12.8806065Z",
      "createdUserId": "704dbbff-ed42-4ede-b8c8-2ac7c33773ac",
      "updatedUserId": "704dbbff-ed42-4ede-b8c8-2ac7c33773ac"
    }
  ],
  "createdUtc": "0001-01-01T00:00:00Z"
}