{
  "intents": [
    {
      "triggerQueries": [
        "Podemosimit quem pode criar equipas?"
      ],
      "dialogId": "new_topic_346437bd1d7b4a2d9db24b395636530b",
      "isTriggeringEnabled": true,
      "canTriggeringBeDisabled": true,
      "id": "new_topic_346437bd1d7b4a2d9db24b395636530b",
      "displayName": "Podemosimit quem pode criar equipas?",
      "description": "https://adoptbotv2kb.blob.core.windows.net/%24web/adoptbot2021-Portuguese (Portugal).docx",
      "createdTime": "2021-03-24T18:09:18.0653521Z",
      "updatedTime": "2021-03-25T09:13:09.1042555Z",
      "createdUserId": "478b1ca5-fac4-4940-bda1-873c551431ee",
      "updatedUserId": "478b1ca5-fac4-4940-bda1-873c551431ee",
      "versionNumber": 0,
      "componentId": "00000000-0000-0000-0000-000000000000"
    }
  ],
  "dialogs": [
    {
      "rootNodeId": "1a936d79-a569-4888-84bf-2752b3fbed24",
      "messageNodes": [
        {
          "botMessageId": "60d5dd2b-630c-4ed7-9ddf-a5bd0bb4b84f",
          "nodeType": "BotMessageNode",
          "id": "1a936d79-a569-4888-84bf-2752b3fbed24",
          "defaultTargetNodeId": "c75a3617-e7b4-4803-9cd7-a3f82d32bde7"
        }
      ],
      "dialogChangeNodes": [
        {
          "targetDialogId": "new_topic_ff75c3680c434d8cba423897663a537e_aeabea4d071f415c8c107e1cb7af5424_assumedsuccess",
          "nodeType": "DialogChangeNode",
          "id": "c75a3617-e7b4-4803-9cd7-a3f82d32bde7"
        }
      ],
      "id": "new_topic_346437bd1d7b4a2d9db24b395636530b",
      "displayName": "Dialog for Podemosimit quem pode criar equipas?",
      "createdTime": "2021-03-24T18:09:18.0653521Z",
      "updatedTime": "2021-03-24T18:09:18.0653521Z",
      "createdUserId": "478b1ca5-fac4-4940-bda1-873c551431ee",
      "updatedUserId": "478b1ca5-fac4-4940-bda1-873c551431ee",
      "versionNumber": 0,
      "componentId": "00000000-0000-0000-0000-000000000000"
    }
  ],
  "botMessages": [
    {
      "channelContent": {
        "web": {
          "contentFormat": "Markdown",
          "content": "Por padrão, todos os utilizadores com uma caixa de correio Exchange Online têm permissão para criar grupos Microsoft 365e, portanto,  uma equipa em Microsoft Teams. Pode ter um controlo mais apertado e limitar a criação de novas equipas e, assim, a criação de novos grupos Microsoft 365,  delegando direitos de criação e gestão de grupos a um conjunto de utilizadores.\r\n\r\nPara obter instruções, consulte Manage  quem pode [criar grupos Microsoft 365.](https://docs.microsoft.com/en-us/microsoft-365/solutions/manage-creation-of-groups?view=o365-worldwide)\r\n\r\nDica: Confira a app Teams \" Requesta Team\"[Request-a-team](https://docs.microsoft.com/en-us/microsoftteams/platform/samples/app-templates)[-](https://docs.microsoft.com/en-us/microsoftteams/platform/samples/app-templates)[Modelo](https://docs.microsoft.com/en-us/microsoftteams/platform/samples/app-templates)[de aplicação gratuito](https://docs.microsoft.com/en-us/microsoftteams/platform/samples/app-templates)"
        }
      },
      "id": "60d5dd2b-630c-4ed7-9ddf-a5bd0bb4b84f",
      "createdTime": "2021-03-24T18:09:18.0653521Z",
      "updatedTime": "2021-03-24T18:09:18.0653521Z",
      "createdUserId": "478b1ca5-fac4-4940-bda1-873c551431ee",
      "updatedUserId": "478b1ca5-fac4-4940-bda1-873c551431ee",
      "versionNumber": 0,
      "componentId": "00000000-0000-0000-0000-000000000000"
    }
  ],
  "createdUtc": "0001-01-01T00:00:00Z"
}