{
  "intents": [
    {
      "triggerQueries": [
        "Como uso salas defuga?"
      ],
      "dialogId": "new_topic_8bae782e29634a6f81fda7d6bcd41694",
      "isTriggeringEnabled": true,
      "canTriggeringBeDisabled": true,
      "id": "new_topic_8bae782e29634a6f81fda7d6bcd41694",
      "displayName": "Como uso salas defuga?",
      "description": "https://adoptbotv2kb.blob.core.windows.net/%24web/adoptbot2021-Portuguese (Portugal).docx",
      "createdTime": "2021-03-24T18:09:18.0653521Z",
      "updatedTime": "2021-03-25T09:13:23.4969878Z",
      "createdUserId": "478b1ca5-fac4-4940-bda1-873c551431ee",
      "updatedUserId": "478b1ca5-fac4-4940-bda1-873c551431ee",
      "versionNumber": 0,
      "componentId": "00000000-0000-0000-0000-000000000000"
    }
  ],
  "dialogs": [
    {
      "rootNodeId": "c7f6644a-5d87-496f-af39-42c023dce35e",
      "messageNodes": [
        {
          "botMessageId": "26e8ae2f-c69d-464d-876a-cca493178d77",
          "nodeType": "BotMessageNode",
          "id": "c7f6644a-5d87-496f-af39-42c023dce35e",
          "defaultTargetNodeId": "4fb66de2-0baf-4fd5-91e6-7ae0bbbdb1f1"
        }
      ],
      "dialogChangeNodes": [
        {
          "targetDialogId": "new_topic_ff75c3680c434d8cba423897663a537e_aeabea4d071f415c8c107e1cb7af5424_assumedsuccess",
          "nodeType": "DialogChangeNode",
          "id": "4fb66de2-0baf-4fd5-91e6-7ae0bbbdb1f1"
        }
      ],
      "id": "new_topic_8bae782e29634a6f81fda7d6bcd41694",
      "displayName": "Dialog for Como uso salas defuga?",
      "createdTime": "2021-03-24T18:09:18.0653521Z",
      "updatedTime": "2021-03-24T18:09:18.0653521Z",
      "createdUserId": "478b1ca5-fac4-4940-bda1-873c551431ee",
      "updatedUserId": "478b1ca5-fac4-4940-bda1-873c551431ee",
      "versionNumber": 0,
      "componentId": "00000000-0000-0000-0000-000000000000"
    }
  ],
  "botMessages": [
    {
      "channelContent": {
        "web": {
          "contentFormat": "Markdown",
          "content": "Salasde pausa são úteis em muitos cenários.  [Verifique o](https://support.microsoft.com/en-us/office/use-breakout-rooms-in-teams-meetings-7de1f48a-da07-466c-a5ab-4ebace28e461) [seu guia sempre atualizado sobre como usar o quarto](https://support.microsoft.com/en-us/office/use-breakout-rooms-in-teams-meetings-7de1f48a-da07-466c-a5ab-4ebace28e461) de fuga [s em Equipas](https://support.microsoft.com/en-us/office/use-breakout-rooms-in-teams-meetings-7de1f48a-da07-466c-a5ab-4ebace28e461) ."
        }
      },
      "id": "26e8ae2f-c69d-464d-876a-cca493178d77",
      "createdTime": "2021-03-24T18:09:18.0653521Z",
      "updatedTime": "2021-03-24T18:09:18.0653521Z",
      "createdUserId": "478b1ca5-fac4-4940-bda1-873c551431ee",
      "updatedUserId": "478b1ca5-fac4-4940-bda1-873c551431ee",
      "versionNumber": 0,
      "componentId": "00000000-0000-0000-0000-000000000000"
    }
  ],
  "createdUtc": "0001-01-01T00:00:00Z"
}