{
  "intents": [
    {
      "triggerQueries": [
        "O que é o Canal Geral?"
      ],
      "dialogId": "new_topic_b938ed02bf114cf89dfd0249f097a6e4",
      "isTriggeringEnabled": false,
      "id": "new_topic_b938ed02bf114cf89dfd0249f097a6e4",
      "displayName": "O que é o Canal Geral?",
      "description": "https://myfirstbot5159226067.blob.core.windows.net/adoptbotpt/adoptbot2021-Portuguese (3).docx",
      "createdTime": "2021-04-07T18:37:12.8795986Z",
      "updatedTime": "2021-04-07T18:37:12.8795986Z",
      "createdUserId": "704dbbff-ed42-4ede-b8c8-2ac7c33773ac"
    }
  ],
  "dialogs": [
    {
      "rootNodeId": "9c6878c8-164c-4937-a96d-a5accb832cf0",
      "messageNodes": [
        {
          "botMessageId": "8790ca9d-6e03-442b-9db7-5388ddbc8cef",
          "nodeType": "BotMessageNode",
          "id": "9c6878c8-164c-4937-a96d-a5accb832cf0",
          "defaultTargetNodeId": "f8adc07d-b640-4e78-a7bd-c851c9fea183"
        }
      ],
      "dialogChangeNodes": [
        {
          "targetDialogId": "new_topic_f47de1d400dd44789efae4b80b274492_aeabea4d071f415c8c107e1cb7af5424_assumedsuccess",
          "nodeType": "DialogChangeNode",
          "id": "f8adc07d-b640-4e78-a7bd-c851c9fea183"
        }
      ],
      "id": "new_topic_b938ed02bf114cf89dfd0249f097a6e4",
      "displayName": "Dialog for O que é o Canal Geral?",
      "createdTime": "2021-04-07T18:37:12.8795986Z",
      "updatedTime": "2021-04-07T18:37:12.8795986Z",
      "createdUserId": "704dbbff-ed42-4ede-b8c8-2ac7c33773ac",
      "updatedUserId": "704dbbff-ed42-4ede-b8c8-2ac7c33773ac"
    }
  ],
  "botMessages": [
    {
      "channelContent": {
        "web": {
          "contentFormat": "Markdown",
          "content": "Por predefinição, o canal Geral é criado para si em cada equipa. Existem muitos propósitos úteis com o  Canal Geral:\r\n\r\n- Use-o para partilhar uma visão geral do que a  equipa quer alcançar. Por exemplo, uma visão geral do projeto  ou quem é quem na  equipa.\r\n- Use-o para o novo membro da equipa a bordo e outras informações gerais  que um novo membro da equipa acharia  útil.\r\n- Use-o para anúncios.\r\n\r\n\r\nAo nomear canais, lembre-se que os canais serão encomendados  alfabeticamente após o canal Geral. Atualmente, não é possível eliminar o canal Geral."
        }
      },
      "id": "8790ca9d-6e03-442b-9db7-5388ddbc8cef",
      "createdTime": "2021-04-07T18:37:12.8795986Z",
      "updatedTime": "2021-04-07T18:37:12.8795986Z",
      "createdUserId": "704dbbff-ed42-4ede-b8c8-2ac7c33773ac",
      "updatedUserId": "704dbbff-ed42-4ede-b8c8-2ac7c33773ac"
    }
  ],
  "createdUtc": "0001-01-01T00:00:00Z"
}