{
  "intents": [
    {
      "triggerQueries": [
        "Existe umsuporte de ccessibilidade disponível em Equipas?"
      ],
      "dialogId": "new_topic_c68d3dc61b3445269eb94fc8ddf38c20",
      "isTriggeringEnabled": true,
      "canTriggeringBeDisabled": true,
      "id": "new_topic_c68d3dc61b3445269eb94fc8ddf38c20",
      "displayName": "Existe umsuporte de ccessibilidade disponível em Equipas?",
      "description": "https://adoptbotv2kb.blob.core.windows.net/%24web/adoptbot2021-Portuguese (Portugal).docx",
      "createdTime": "2021-03-24T18:09:18.0653521Z",
      "updatedTime": "2021-03-25T09:13:21.8912305Z",
      "createdUserId": "478b1ca5-fac4-4940-bda1-873c551431ee",
      "updatedUserId": "478b1ca5-fac4-4940-bda1-873c551431ee",
      "versionNumber": 0,
      "componentId": "00000000-0000-0000-0000-000000000000"
    }
  ],
  "dialogs": [
    {
      "rootNodeId": "aa305c3c-15ea-4b87-8d5c-098146094c8a",
      "messageNodes": [
        {
          "botMessageId": "32900fb1-6a4e-40fb-aaf4-e1ebeec8f07f",
          "nodeType": "BotMessageNode",
          "id": "aa305c3c-15ea-4b87-8d5c-098146094c8a",
          "defaultTargetNodeId": "9aab8a85-2e85-4069-9995-9b8b3d8f2747"
        }
      ],
      "dialogChangeNodes": [
        {
          "targetDialogId": "new_topic_ff75c3680c434d8cba423897663a537e_aeabea4d071f415c8c107e1cb7af5424_assumedsuccess",
          "nodeType": "DialogChangeNode",
          "id": "9aab8a85-2e85-4069-9995-9b8b3d8f2747"
        }
      ],
      "id": "new_topic_c68d3dc61b3445269eb94fc8ddf38c20",
      "displayName": "Dialog for Existe umsuporte de ccessibilidade disponível em Equipas?",
      "createdTime": "2021-03-24T18:09:18.0653521Z",
      "updatedTime": "2021-03-24T18:09:18.0653521Z",
      "createdUserId": "478b1ca5-fac4-4940-bda1-873c551431ee",
      "updatedUserId": "478b1ca5-fac4-4940-bda1-873c551431ee",
      "versionNumber": 0,
      "componentId": "00000000-0000-0000-0000-000000000000"
    }
  ],
  "botMessages": [
    {
      "channelContent": {
        "web": {
          "contentFormat": "Markdown",
          "content": "As equipas proporcionam acessibilidade e apoio para que todos se encontrem, conversem e colaborem inclusivamente com asEquipas.  [Aqui encontrará uma visão geral atualizada](https://support.microsoft.com/en-us/office/%C3%B6versikt-%C3%B6ver-hj%C3%A4lpmedel-i-microsoft-teams-2d4009e7-1300-4766-87e8-7a217496c3d5) da acessibilidade [das](https://support.microsoft.com/en-us/office/%C3%B6versikt-%C3%B6ver-hj%C3%A4lpmedel-i-microsoft-teams-2d4009e7-1300-4766-87e8-7a217496c3d5)[equipas.](https://support.microsoft.com/en-us/office/%C3%B6versikt-%C3%B6ver-hj%C3%A4lpmedel-i-microsoft-teams-2d4009e7-1300-4766-87e8-7a217496c3d5)\r\n\r\nUm exemplo fantástico  é  o  [Imersivo](https://support.microsoft.com/en-us/office/anv%C3%A4nda-avancerad-l%C3%A4sare-i-microsoft-teams-a700c0d0-bc53-4696-a94d-4fbc86ac7a9a)[R](https://support.microsoft.com/en-us/office/anv%C3%A4nda-avancerad-l%C3%A4sare-i-microsoft-teams-a700c0d0-bc53-4696-a94d-4fbc86ac7a9a) [eader em Eams.](https://support.microsoft.com/en-us/office/anv%C3%A4nda-avancerad-l%C3%A4sare-i-microsoft-teams-a700c0d0-bc53-4696-a94d-4fbc86ac7a9a)\r\n\r\nSe desejar que o texto seja lido em voz alta ou fale uma língua diferente, pode  fazer texto em Equipas que lhe convém.  Color, forma, tamanho podem ser adaptados às suas preferências, o que, por exemplo, facilita para pessoas com  dislexia e dificuldades de aprendizagem.\r\n\r\nO dicionário de imagens, o foco de linha e as aulas de palavras também estão disponíveis  para  suporte visual.\r\n\r\nEm qualquer mensagem em Equipas, clique em  Maisoptions \"...\"  e selecione Immersive Reader ."
        }
      },
      "id": "32900fb1-6a4e-40fb-aaf4-e1ebeec8f07f",
      "createdTime": "2021-03-24T18:09:18.0653521Z",
      "updatedTime": "2021-03-24T18:09:18.0653521Z",
      "createdUserId": "478b1ca5-fac4-4940-bda1-873c551431ee",
      "updatedUserId": "478b1ca5-fac4-4940-bda1-873c551431ee",
      "versionNumber": 0,
      "componentId": "00000000-0000-0000-0000-000000000000"
    }
  ],
  "createdUtc": "0001-01-01T00:00:00Z"
}