{
  "intents": [
    {
      "triggerQueries": [
        "Dicas simples para melhores reuniões de equipas?"
      ],
      "dialogId": "new_topic_f631ac21bde34fe588020da34453dc0c",
      "isTriggeringEnabled": false,
      "id": "new_topic_f631ac21bde34fe588020da34453dc0c",
      "displayName": "Dicas simples para melhores reuniões de equipas?",
      "description": "https://myfirstbot5159226067.blob.core.windows.net/adoptbotpt/adoptbot2021-Portuguese (3).docx",
      "createdTime": "2021-04-07T18:37:12.8785774Z",
      "updatedTime": "2021-04-07T18:37:12.8785774Z",
      "createdUserId": "704dbbff-ed42-4ede-b8c8-2ac7c33773ac"
    }
  ],
  "dialogs": [
    {
      "rootNodeId": "7af8c391-7722-4d15-9a04-4bcb838750fe",
      "messageNodes": [
        {
          "botMessageId": "8eb762df-f40b-42d7-a05c-d3a557dfa512",
          "nodeType": "BotMessageNode",
          "id": "7af8c391-7722-4d15-9a04-4bcb838750fe",
          "defaultTargetNodeId": "263443ad-e7e1-40ee-a0a6-731f45963402"
        }
      ],
      "dialogChangeNodes": [
        {
          "targetDialogId": "new_topic_f47de1d400dd44789efae4b80b274492_aeabea4d071f415c8c107e1cb7af5424_assumedsuccess",
          "nodeType": "DialogChangeNode",
          "id": "263443ad-e7e1-40ee-a0a6-731f45963402"
        }
      ],
      "id": "new_topic_f631ac21bde34fe588020da34453dc0c",
      "displayName": "Dialog for Dicas simples para melhores reuniões de equipas?",
      "createdTime": "2021-04-07T18:37:12.8785774Z",
      "updatedTime": "2021-04-07T18:37:12.8785774Z",
      "createdUserId": "704dbbff-ed42-4ede-b8c8-2ac7c33773ac",
      "updatedUserId": "704dbbff-ed42-4ede-b8c8-2ac7c33773ac"
    }
  ],
  "botMessages": [
    {
      "channelContent": {
        "web": {
          "contentFormat": "Markdown",
          "content": "Aqui estão algumas dicas simples para melhores reuniões com o Microsoft Teams  (com  legendas)."
        }
      },
      "id": "8eb762df-f40b-42d7-a05c-d3a557dfa512",
      "createdTime": "2021-04-07T18:37:12.8785774Z",
      "updatedTime": "2021-04-07T18:37:12.8785774Z",
      "createdUserId": "704dbbff-ed42-4ede-b8c8-2ac7c33773ac",
      "updatedUserId": "704dbbff-ed42-4ede-b8c8-2ac7c33773ac"
    }
  ],
  "createdUtc": "0001-01-01T00:00:00Z"
}