{
  "intents": [
    {
      "triggerQueries": [
        "Como procuro em Eams?"
      ],
      "dialogId": "new_topic_add35c1e96844eab80a831f5d6413f76",
      "isTriggeringEnabled": true,
      "canTriggeringBeDisabled": true,
      "id": "new_topic_add35c1e96844eab80a831f5d6413f76",
      "displayName": "Como procuro em Eams?",
      "description": "https://adoptbotv2kb.blob.core.windows.net/%24web/adoptbot2021-Portuguese (Portugal).docx",
      "createdTime": "2021-03-24T18:09:18.0653521Z",
      "updatedTime": "2021-03-25T09:12:42.4571809Z",
      "createdUserId": "478b1ca5-fac4-4940-bda1-873c551431ee",
      "updatedUserId": "478b1ca5-fac4-4940-bda1-873c551431ee",
      "versionNumber": 0,
      "componentId": "00000000-0000-0000-0000-000000000000"
    }
  ],
  "dialogs": [
    {
      "rootNodeId": "0ad64f88-9ce4-4ca2-be72-ecd9f6253991",
      "messageNodes": [
        {
          "botMessageId": "15a8496b-1cde-449f-b922-46f355b50561",
          "nodeType": "BotMessageNode",
          "id": "0ad64f88-9ce4-4ca2-be72-ecd9f6253991",
          "defaultTargetNodeId": "5ca6f35e-ff9e-4f5d-b7be-1ab8b444f9b9"
        }
      ],
      "dialogChangeNodes": [
        {
          "targetDialogId": "new_topic_ff75c3680c434d8cba423897663a537e_aeabea4d071f415c8c107e1cb7af5424_assumedsuccess",
          "nodeType": "DialogChangeNode",
          "id": "5ca6f35e-ff9e-4f5d-b7be-1ab8b444f9b9"
        }
      ],
      "id": "new_topic_add35c1e96844eab80a831f5d6413f76",
      "displayName": "Dialog for Como procuro em Eams?",
      "createdTime": "2021-03-24T18:09:18.0653521Z",
      "updatedTime": "2021-03-24T18:09:18.0653521Z",
      "createdUserId": "478b1ca5-fac4-4940-bda1-873c551431ee",
      "updatedUserId": "478b1ca5-fac4-4940-bda1-873c551431ee",
      "versionNumber": 0,
      "componentId": "00000000-0000-0000-0000-000000000000"
    }
  ],
  "botMessages": [
    {
      "channelContent": {
        "web": {
          "contentFormat": "Markdown",
          "content": "Tem algumas opções de pesquisa e filtragem para ajudá-lo a encontrar mensagens, pessoas, ficheiros e outras informações partilhadas em Equipas. Inicie uma pesquisa  na caixa de pesquisa no topo da  aplicação. Quando escrever uma palavra ou nome, as equipas começarão a apresentar  sugestões. Clique num dos itens sugeridos ou prima Enter para obter uma lista completa de  resultados. Você será  levado para uma página de resultados  de pesquisa.  Selecione um dos  itens  para obter uma  visão completa ou use filtros adicionais.\r\n\r\nTip: Utilize CTRL+F (CMD+F no macOS) para  encontrar  mensagens when you're in a specific chat or channel in Teams.  [Pesquisa de mensagens e muito mais em Equipas](https://support.microsoft.com/en-us/office/search-for-messages-and-more-in-teams-4a351520-33f4-42ab-a5ee-5fc0ab88b263)"
        }
      },
      "id": "15a8496b-1cde-449f-b922-46f355b50561",
      "createdTime": "2021-03-24T18:09:18.0653521Z",
      "updatedTime": "2021-03-24T18:09:18.0653521Z",
      "createdUserId": "478b1ca5-fac4-4940-bda1-873c551431ee",
      "updatedUserId": "478b1ca5-fac4-4940-bda1-873c551431ee",
      "versionNumber": 0,
      "componentId": "00000000-0000-0000-0000-000000000000"
    }
  ],
  "createdUtc": "0001-01-01T00:00:00Z"
}