{
  "intents": [
    {
      "triggerQueries": [
        "Como posso gravar uma reunião?"
      ],
      "dialogId": "new_topic_a4d53cd14a7d49f2b3ce2280068f3666",
      "isTriggeringEnabled": false,
      "id": "new_topic_a4d53cd14a7d49f2b3ce2280068f3666",
      "displayName": "Como posso gravar uma reunião?",
      "description": "https://myfirstbot5159226067.blob.core.windows.net/adoptbotpt/adoptbot2021-Portuguese (3).docx",
      "createdTime": "2021-04-07T18:37:12.8795986Z",
      "updatedTime": "2021-04-07T18:37:12.8795986Z",
      "createdUserId": "704dbbff-ed42-4ede-b8c8-2ac7c33773ac"
    }
  ],
  "dialogs": [
    {
      "rootNodeId": "565c80e8-ff1f-401a-94ca-fc1ef3e9aa06",
      "messageNodes": [
        {
          "botMessageId": "c433d966-9c73-4ead-932b-c75596b1f2e0",
          "nodeType": "BotMessageNode",
          "id": "565c80e8-ff1f-401a-94ca-fc1ef3e9aa06",
          "defaultTargetNodeId": "7d5b45a3-4226-4dd4-904b-12b22b7b59b7"
        }
      ],
      "dialogChangeNodes": [
        {
          "targetDialogId": "new_topic_f47de1d400dd44789efae4b80b274492_aeabea4d071f415c8c107e1cb7af5424_assumedsuccess",
          "nodeType": "DialogChangeNode",
          "id": "7d5b45a3-4226-4dd4-904b-12b22b7b59b7"
        }
      ],
      "id": "new_topic_a4d53cd14a7d49f2b3ce2280068f3666",
      "displayName": "Dialog for Como posso gravar uma reunião?",
      "createdTime": "2021-04-07T18:37:12.8795986Z",
      "updatedTime": "2021-04-07T18:37:12.8795986Z",
      "createdUserId": "704dbbff-ed42-4ede-b8c8-2ac7c33773ac",
      "updatedUserId": "704dbbff-ed42-4ede-b8c8-2ac7c33773ac"
    }
  ],
  "botMessages": [
    {
      "channelContent": {
        "web": {
          "contentFormat": "Markdown",
          "content": "Comece ou junte-se à reunião.\r\n\r\nPara começar a gravar, vá a Mais opções \"...\"e selecioneIniciara gravação . Todos na reunião são informados de que a gravação já começou e uma mensagem no chat confirma isso mesmo. Termine a gravação da mesma forma.\r\n\r\nLeia mais aqui: [Como gravar um encontro em Equipas](https://support.microsoft.com/en-us/office/spela-in-ett-m%C3%B6te-i-teams-34dfbe7f-b07d-4a27-b4c6-de62f1348c24)"
        }
      },
      "id": "c433d966-9c73-4ead-932b-c75596b1f2e0",
      "createdTime": "2021-04-07T18:37:12.8795986Z",
      "updatedTime": "2021-04-07T18:37:12.8795986Z",
      "createdUserId": "704dbbff-ed42-4ede-b8c8-2ac7c33773ac",
      "updatedUserId": "704dbbff-ed42-4ede-b8c8-2ac7c33773ac"
    }
  ],
  "createdUtc": "0001-01-01T00:00:00Z"
}