{
  "intents": [
    {
      "triggerQueries": [
        "Posso utilizar um documento criado no Office 365 em versões mais antigas do Office?"
      ],
      "dialogId": "new_topic_ecaf9bf6007949f8a3bf019f0680133a",
      "isTriggeringEnabled": false,
      "id": "new_topic_ecaf9bf6007949f8a3bf019f0680133a",
      "displayName": "Posso utilizar um documento criado no Office 365 em versões mais antigas do Office?",
      "description": "https://myfirstbot5159226067.blob.core.windows.net/adoptbotpt/adoptbot2021-Portuguese (3).docx",
      "createdTime": "2021-04-07T18:37:12.8785774Z",
      "updatedTime": "2021-04-07T18:37:12.8785774Z",
      "createdUserId": "704dbbff-ed42-4ede-b8c8-2ac7c33773ac"
    }
  ],
  "dialogs": [
    {
      "rootNodeId": "05ba4ef5-b27c-473e-8098-a32da294d246",
      "messageNodes": [
        {
          "botMessageId": "a359676f-4553-4ce8-9e14-bf5710d153b5",
          "nodeType": "BotMessageNode",
          "id": "05ba4ef5-b27c-473e-8098-a32da294d246",
          "defaultTargetNodeId": "753ba99f-cd73-41bb-b38e-05ce885c3569"
        }
      ],
      "dialogChangeNodes": [
        {
          "targetDialogId": "new_topic_f47de1d400dd44789efae4b80b274492_aeabea4d071f415c8c107e1cb7af5424_assumedsuccess",
          "nodeType": "DialogChangeNode",
          "id": "753ba99f-cd73-41bb-b38e-05ce885c3569"
        }
      ],
      "id": "new_topic_ecaf9bf6007949f8a3bf019f0680133a",
      "displayName": "Dialog for Posso utilizar um documento criado no Office 365 em versões mais antigas do Office?",
      "createdTime": "2021-04-07T18:37:12.8785774Z",
      "updatedTime": "2021-04-07T18:37:12.8785774Z",
      "createdUserId": "704dbbff-ed42-4ede-b8c8-2ac7c33773ac",
      "updatedUserId": "704dbbff-ed42-4ede-b8c8-2ac7c33773ac"
    }
  ],
  "botMessages": [
    {
      "channelContent": {
        "web": {
          "contentFormat": "Markdown",
          "content": "As pessoas que usam as aplicações do Office 365, Office 2019, Office 2016, Office 2013 e Office 2010 podem abrir documentos criados  a partir do Microsoft 365 sem qualquer outra ação."
        }
      },
      "id": "a359676f-4553-4ce8-9e14-bf5710d153b5",
      "createdTime": "2021-04-07T18:37:12.8785774Z",
      "updatedTime": "2021-04-07T18:37:12.8785774Z",
      "createdUserId": "704dbbff-ed42-4ede-b8c8-2ac7c33773ac",
      "updatedUserId": "704dbbff-ed42-4ede-b8c8-2ac7c33773ac"
    }
  ],
  "createdUtc": "0001-01-01T00:00:00Z"
}