{
  "intents": [
    {
      "triggerQueries": [
        "Como abro um ficheiro no SharePoint das Equipas?"
      ],
      "dialogId": "new_topic_84fb6b7ceb4f46d581eeae8959ec457b",
      "isTriggeringEnabled": true,
      "canTriggeringBeDisabled": true,
      "id": "new_topic_84fb6b7ceb4f46d581eeae8959ec457b",
      "displayName": "Como abro um ficheiro no SharePoint das Equipas?",
      "description": "https://adoptbotv2kb.blob.core.windows.net/%24web/adoptbot2021-Portuguese (Portugal).docx",
      "createdTime": "2021-03-24T18:09:18.0653521Z",
      "updatedTime": "2021-03-25T09:12:21.0294691Z",
      "createdUserId": "478b1ca5-fac4-4940-bda1-873c551431ee",
      "updatedUserId": "478b1ca5-fac4-4940-bda1-873c551431ee",
      "versionNumber": 0,
      "componentId": "00000000-0000-0000-0000-000000000000"
    }
  ],
  "dialogs": [
    {
      "rootNodeId": "e1bf76d9-6564-441a-9c47-1da11c438e00",
      "messageNodes": [
        {
          "botMessageId": "1e29af73-a97b-4ad5-8a14-843b1466b0c8",
          "nodeType": "BotMessageNode",
          "id": "e1bf76d9-6564-441a-9c47-1da11c438e00",
          "defaultTargetNodeId": "fa52b339-87d3-4fe2-b5a6-d03565bfc5c2"
        }
      ],
      "dialogChangeNodes": [
        {
          "targetDialogId": "new_topic_ff75c3680c434d8cba423897663a537e_aeabea4d071f415c8c107e1cb7af5424_assumedsuccess",
          "nodeType": "DialogChangeNode",
          "id": "fa52b339-87d3-4fe2-b5a6-d03565bfc5c2"
        }
      ],
      "id": "new_topic_84fb6b7ceb4f46d581eeae8959ec457b",
      "displayName": "Dialog for Como abro um ficheiro no SharePoint das Equipas?",
      "createdTime": "2021-03-24T18:09:18.0653521Z",
      "updatedTime": "2021-03-24T18:09:18.0653521Z",
      "createdUserId": "478b1ca5-fac4-4940-bda1-873c551431ee",
      "updatedUserId": "478b1ca5-fac4-4940-bda1-873c551431ee",
      "versionNumber": 0,
      "componentId": "00000000-0000-0000-0000-000000000000"
    }
  ],
  "botMessages": [
    {
      "channelContent": {
        "web": {
          "contentFormat": "Markdown",
          "content": "Se selecionar \"Open in SharePoint\" a partir das opções de ocumentod em Equipas, obterá formas adicionais de gerir o seu documento:\r\n\r\n- Encontre e abra as versões anteriores  de um documento utilizando funcionalidades de histórico de documentos.\r\n- Sincronizar o OneDrive for Business utilizando  o cliente de sincronização OneDrive para visualizar as bibliotecas de documentos teams no File Explorer.\r\n- Ver e gerir quem tem acesso ao seu documento.\r\n\r\n\r\nSugestão:\r\n\r\nEvite fazer  alterações em ficheiros ou pastasna  vista SharePoint. Se possível, faça-o  diretamente  em Equipas."
        }
      },
      "id": "1e29af73-a97b-4ad5-8a14-843b1466b0c8",
      "createdTime": "2021-03-24T18:09:18.0653521Z",
      "updatedTime": "2021-03-24T18:09:18.0653521Z",
      "createdUserId": "478b1ca5-fac4-4940-bda1-873c551431ee",
      "updatedUserId": "478b1ca5-fac4-4940-bda1-873c551431ee",
      "versionNumber": 0,
      "componentId": "00000000-0000-0000-0000-000000000000"
    }
  ],
  "createdUtc": "0001-01-01T00:00:00Z"
}