{
  "intents": [
    {
      "triggerQueries": [
        "Como posso permitir a conversa pop-out?"
      ],
      "dialogId": "new_topic_bec89464d28b41c692c270ba2de3a579",
      "isTriggeringEnabled": true,
      "canTriggeringBeDisabled": true,
      "id": "new_topic_bec89464d28b41c692c270ba2de3a579",
      "displayName": "Como posso permitir a conversa pop-out?",
      "description": "https://adoptbotv2kb.blob.core.windows.net/%24web/adoptbot2021-Portuguese (Portugal).docx",
      "createdTime": "2021-03-24T18:09:18.0653521Z",
      "updatedTime": "2021-03-25T09:12:57.5214153Z",
      "createdUserId": "478b1ca5-fac4-4940-bda1-873c551431ee",
      "updatedUserId": "478b1ca5-fac4-4940-bda1-873c551431ee",
      "versionNumber": 0,
      "componentId": "00000000-0000-0000-0000-000000000000"
    }
  ],
  "dialogs": [
    {
      "rootNodeId": "3c8293c3-ae30-49ad-9a0e-869c24b0b7db",
      "messageNodes": [
        {
          "botMessageId": "1a48ec3c-3893-48c8-ac20-3afeb49f3d6b",
          "nodeType": "BotMessageNode",
          "id": "3c8293c3-ae30-49ad-9a0e-869c24b0b7db",
          "defaultTargetNodeId": "9db949f1-1238-4b87-b5d7-67be456a294c"
        }
      ],
      "dialogChangeNodes": [
        {
          "targetDialogId": "new_topic_ff75c3680c434d8cba423897663a537e_aeabea4d071f415c8c107e1cb7af5424_assumedsuccess",
          "nodeType": "DialogChangeNode",
          "id": "9db949f1-1238-4b87-b5d7-67be456a294c"
        }
      ],
      "id": "new_topic_bec89464d28b41c692c270ba2de3a579",
      "displayName": "Dialog for Como posso permitir a conversa pop-out?",
      "createdTime": "2021-03-24T18:09:18.0653521Z",
      "updatedTime": "2021-03-24T18:09:18.0653521Z",
      "createdUserId": "478b1ca5-fac4-4940-bda1-873c551431ee",
      "updatedUserId": "478b1ca5-fac4-4940-bda1-873c551431ee",
      "versionNumber": 0,
      "componentId": "00000000-0000-0000-0000-000000000000"
    }
  ],
  "botMessages": [
    {
      "channelContent": {
        "web": {
          "contentFormat": "Markdown",
          "content": "Pode lançar instantaneamente o seu num ou em grupo numa janela separada. Em seguida, redimensionar, reposicionar ou fechar a janela como quiser. É uma ótima maneira de fazer muito quando se está numa reunião ou numa chamada.\r\n\r\nNota:Pode lançar várias conversas, mas não a mesma conversa duas vezes.\r\n\r\n[Pop out uma conversa em Equipas](https://support.microsoft.com/en-us/office/pop-out-a-chat-in-teams-cff95cb0-34af-423f-8f69-fe9106973790)"
        }
      },
      "id": "1a48ec3c-3893-48c8-ac20-3afeb49f3d6b",
      "createdTime": "2021-03-24T18:09:18.0653521Z",
      "updatedTime": "2021-03-24T18:09:18.0653521Z",
      "createdUserId": "478b1ca5-fac4-4940-bda1-873c551431ee",
      "updatedUserId": "478b1ca5-fac4-4940-bda1-873c551431ee",
      "versionNumber": 0,
      "componentId": "00000000-0000-0000-0000-000000000000"
    }
  ],
  "createdUtc": "0001-01-01T00:00:00Z"
}