{
  "intents": [
    {
      "triggerQueries": [
        "As equipas inativas podem ser automaticamente eliminadas após um certo número de dias ou meses?"
      ],
      "dialogId": "new_topic_5220a7d4e5b548ce8f58b7620e8f0d55",
      "isTriggeringEnabled": true,
      "canTriggeringBeDisabled": true,
      "id": "new_topic_5220a7d4e5b548ce8f58b7620e8f0d55",
      "displayName": "As equipas inativas podem ser automaticamente eliminadas após um certo número de dias ou meses?",
      "description": "https://adoptbotv2kb.blob.core.windows.net/%24web/adoptbot2021-Portuguese (Portugal).docx",
      "createdTime": "2021-03-24T18:09:18.0653521Z",
      "updatedTime": "2021-03-25T09:13:10.0731422Z",
      "createdUserId": "478b1ca5-fac4-4940-bda1-873c551431ee",
      "updatedUserId": "478b1ca5-fac4-4940-bda1-873c551431ee",
      "versionNumber": 0,
      "componentId": "00000000-0000-0000-0000-000000000000"
    }
  ],
  "dialogs": [
    {
      "rootNodeId": "b63577a5-1fdf-42e5-ae28-d59209704455",
      "messageNodes": [
        {
          "botMessageId": "ec1d80ee-f8c8-4a94-8223-d8bdb5e5738b",
          "nodeType": "BotMessageNode",
          "id": "b63577a5-1fdf-42e5-ae28-d59209704455",
          "defaultTargetNodeId": "d5541588-1420-43c5-8a90-62d915f68105"
        }
      ],
      "dialogChangeNodes": [
        {
          "targetDialogId": "new_topic_ff75c3680c434d8cba423897663a537e_aeabea4d071f415c8c107e1cb7af5424_assumedsuccess",
          "nodeType": "DialogChangeNode",
          "id": "d5541588-1420-43c5-8a90-62d915f68105"
        }
      ],
      "id": "new_topic_5220a7d4e5b548ce8f58b7620e8f0d55",
      "displayName": "Dialog for As equipas inativas podem ser automaticamente eliminadas após um certo número de dias ou meses?",
      "createdTime": "2021-03-24T18:09:18.0653521Z",
      "updatedTime": "2021-03-24T18:09:18.0653521Z",
      "createdUserId": "478b1ca5-fac4-4940-bda1-873c551431ee",
      "updatedUserId": "478b1ca5-fac4-4940-bda1-873c551431ee",
      "versionNumber": 0,
      "componentId": "00000000-0000-0000-0000-000000000000"
    }
  ],
  "botMessages": [
    {
      "channelContent": {
        "web": {
          "contentFormat": "Markdown",
          "content": "A remoção automática de equipas inativas pode ser gerida utilizando a política deex-piração  das  equipas. É uma ótima maneira de limpar equipas inativas que não estão em uso e  remove a desordem\r\n\r\nConsulte este [artigo sobre datas de validade](https://docs.microsoft.com/en-us/microsoftteams/team-expiration-renewal)  e renovação automática  [de equipas](https://docs.microsoft.com/en-us/microsoftteams/team-expiration-renewal)"
        }
      },
      "id": "ec1d80ee-f8c8-4a94-8223-d8bdb5e5738b",
      "createdTime": "2021-03-24T18:09:18.0653521Z",
      "updatedTime": "2021-03-24T18:09:18.0653521Z",
      "createdUserId": "478b1ca5-fac4-4940-bda1-873c551431ee",
      "updatedUserId": "478b1ca5-fac4-4940-bda1-873c551431ee",
      "versionNumber": 0,
      "componentId": "00000000-0000-0000-0000-000000000000"
    }
  ],
  "createdUtc": "0001-01-01T00:00:00Z"
}