{
  "intents": [
    {
      "triggerQueries": [
        "Onde posso encontrar formação digital em Equipas?"
      ],
      "dialogId": "new_topic_3aa6587f8af4476db696755ac9f4ee28",
      "isTriggeringEnabled": true,
      "canTriggeringBeDisabled": true,
      "id": "new_topic_3aa6587f8af4476db696755ac9f4ee28",
      "displayName": "Onde posso encontrar formação digital em Equipas?",
      "description": "https://adoptbotv2kb.blob.core.windows.net/%24web/adoptbot2021-Portuguese (Portugal).docx",
      "createdTime": "2021-03-24T18:09:18.0653521Z",
      "updatedTime": "2021-03-25T09:13:22.996945Z",
      "createdUserId": "478b1ca5-fac4-4940-bda1-873c551431ee",
      "updatedUserId": "478b1ca5-fac4-4940-bda1-873c551431ee",
      "versionNumber": 0,
      "componentId": "00000000-0000-0000-0000-000000000000"
    }
  ],
  "dialogs": [
    {
      "rootNodeId": "c041af6e-ee4a-4e5d-9cfb-c234f4865365",
      "messageNodes": [
        {
          "botMessageId": "9a63be20-5953-47cf-aca1-3443bd49280d",
          "nodeType": "BotMessageNode",
          "id": "c041af6e-ee4a-4e5d-9cfb-c234f4865365",
          "defaultTargetNodeId": "02293e17-ee5b-4ec8-b462-82b19ed7ef84"
        }
      ],
      "dialogChangeNodes": [
        {
          "targetDialogId": "new_topic_ff75c3680c434d8cba423897663a537e_aeabea4d071f415c8c107e1cb7af5424_assumedsuccess",
          "nodeType": "DialogChangeNode",
          "id": "02293e17-ee5b-4ec8-b462-82b19ed7ef84"
        }
      ],
      "id": "new_topic_3aa6587f8af4476db696755ac9f4ee28",
      "displayName": "Dialog for Onde posso encontrar formação digital em Equipas?",
      "createdTime": "2021-03-24T18:09:18.0653521Z",
      "updatedTime": "2021-03-24T18:09:18.0653521Z",
      "createdUserId": "478b1ca5-fac4-4940-bda1-873c551431ee",
      "updatedUserId": "478b1ca5-fac4-4940-bda1-873c551431ee",
      "versionNumber": 0,
      "componentId": "00000000-0000-0000-0000-000000000000"
    }
  ],
  "botMessages": [
    {
      "channelContent": {
        "web": {
          "contentFormat": "Markdown",
          "content": "Aqui pode aproveitar:\r\n\r\n[Treino de Vídeo para Equipas da Microsoft](https://support.microsoft.com/en-us/office/microsoft-teams-video-training-4f108e54-240b-4351-8084-b1089f0d21d7?ui=en-US&rs=en-US&ad=US)"
        }
      },
      "id": "9a63be20-5953-47cf-aca1-3443bd49280d",
      "createdTime": "2021-03-24T18:09:18.0653521Z",
      "updatedTime": "2021-03-24T18:09:18.0653521Z",
      "createdUserId": "478b1ca5-fac4-4940-bda1-873c551431ee",
      "updatedUserId": "478b1ca5-fac4-4940-bda1-873c551431ee",
      "versionNumber": 0,
      "componentId": "00000000-0000-0000-0000-000000000000"
    }
  ],
  "createdUtc": "0001-01-01T00:00:00Z"
}