{
  "intents": [
    {
      "triggerQueries": [
        "Posso usar caracteres especiais para o meu nome de canal?"
      ],
      "dialogId": "new_topic_a1723214061044dfaa1cd53d37dbbaf9",
      "isTriggeringEnabled": true,
      "canTriggeringBeDisabled": true,
      "id": "new_topic_a1723214061044dfaa1cd53d37dbbaf9",
      "displayName": "Posso usar caracteres especiais para o meu nome de canal?",
      "description": "https://adoptbotv2kb.blob.core.windows.net/%24web/adoptbot2021-Portuguese (Portugal).docx",
      "createdTime": "2021-03-24T18:09:18.0653521Z",
      "updatedTime": "2021-03-25T09:12:40.0033214Z",
      "createdUserId": "478b1ca5-fac4-4940-bda1-873c551431ee",
      "updatedUserId": "478b1ca5-fac4-4940-bda1-873c551431ee",
      "versionNumber": 0,
      "componentId": "00000000-0000-0000-0000-000000000000"
    }
  ],
  "dialogs": [
    {
      "rootNodeId": "30dfefcc-9f99-4f2f-88e2-5c4948096aef",
      "messageNodes": [
        {
          "botMessageId": "8e9b97ef-06dc-4e4d-8486-bcc89c46a655",
          "nodeType": "BotMessageNode",
          "id": "30dfefcc-9f99-4f2f-88e2-5c4948096aef",
          "defaultTargetNodeId": "76a103f1-2318-48fa-b156-1769a864091d"
        }
      ],
      "dialogChangeNodes": [
        {
          "targetDialogId": "new_topic_ff75c3680c434d8cba423897663a537e_aeabea4d071f415c8c107e1cb7af5424_assumedsuccess",
          "nodeType": "DialogChangeNode",
          "id": "76a103f1-2318-48fa-b156-1769a864091d"
        }
      ],
      "id": "new_topic_a1723214061044dfaa1cd53d37dbbaf9",
      "displayName": "Dialog for Posso usar caracteres especiais para o meu nome de canal?",
      "createdTime": "2021-03-24T18:09:18.0653521Z",
      "updatedTime": "2021-03-24T18:09:18.0653521Z",
      "createdUserId": "478b1ca5-fac4-4940-bda1-873c551431ee",
      "updatedUserId": "478b1ca5-fac4-4940-bda1-873c551431ee",
      "versionNumber": 0,
      "componentId": "00000000-0000-0000-0000-000000000000"
    }
  ],
  "botMessages": [
    {
      "channelContent": {
        "web": {
          "contentFormat": "Markdown",
          "content": "Sempre nomeie o canal em letras apenas  primeiro. Em seguida, pode editar o nome e adicionar um ícones para maior compreensão\r\n\r\nNo entanto, os nomes dos canais não podem conter os seguintes caracteres ou palavras.\r\n\r\nPersonagens: ~ # % & \\* { } + / \\ : &lt; &gt; ' .\r\n\r\nPalavras: Formulários, CON, CONIN$, CONOUT$, PRN, AUX, NUL, COM1 a COM9, LPT1 a LPT9, desktop.ini, \\_vti\\_\r\n\r\nNota: Os nomes do canal não podem começar com um  sublinhado (\\_) ou período (.), ou terminar com um período(.)."
        }
      },
      "id": "8e9b97ef-06dc-4e4d-8486-bcc89c46a655",
      "createdTime": "2021-03-24T18:09:18.0653521Z",
      "updatedTime": "2021-03-24T18:09:18.0653521Z",
      "createdUserId": "478b1ca5-fac4-4940-bda1-873c551431ee",
      "updatedUserId": "478b1ca5-fac4-4940-bda1-873c551431ee",
      "versionNumber": 0,
      "componentId": "00000000-0000-0000-0000-000000000000"
    }
  ],
  "createdUtc": "0001-01-01T00:00:00Z"
}