{
  "intents": [
    {
      "triggerQueries": [
        "Quem pode usar as Equipas microsoft?"
      ],
      "dialogId": "new_topic_5ca6b70e10654886916b7cb093f3c43a",
      "isTriggeringEnabled": true,
      "canTriggeringBeDisabled": true,
      "id": "new_topic_5ca6b70e10654886916b7cb093f3c43a",
      "displayName": "Quem pode usar as Equipas microsoft?",
      "description": "https://adoptbotv2kb.blob.core.windows.net/%24web/adoptbot2021-Portuguese (Portugal).docx",
      "createdTime": "2021-03-24T18:08:52.7653755Z",
      "updatedTime": "2021-03-25T09:14:30.3933324Z",
      "createdUserId": "478b1ca5-fac4-4940-bda1-873c551431ee",
      "updatedUserId": "478b1ca5-fac4-4940-bda1-873c551431ee",
      "versionNumber": 0,
      "componentId": "00000000-0000-0000-0000-000000000000"
    }
  ],
  "dialogs": [
    {
      "rootNodeId": "fdd7d72f-059c-4b98-8ec7-4a8580ec0cde",
      "messageNodes": [
        {
          "botMessageId": "dcdd7bb9-d1ce-4336-9c78-2493beebaf0d",
          "nodeType": "BotMessageNode",
          "id": "fdd7d72f-059c-4b98-8ec7-4a8580ec0cde",
          "defaultTargetNodeId": "aa306836-19de-4114-ac8a-cc63fa0354c7"
        }
      ],
      "dialogChangeNodes": [
        {
          "targetDialogId": "new_topic_ff75c3680c434d8cba423897663a537e_aeabea4d071f415c8c107e1cb7af5424_assumedsuccess",
          "nodeType": "DialogChangeNode",
          "id": "aa306836-19de-4114-ac8a-cc63fa0354c7"
        }
      ],
      "id": "new_topic_5ca6b70e10654886916b7cb093f3c43a",
      "displayName": "Dialog for Quem pode usar as Equipas microsoft?",
      "createdTime": "2021-03-24T18:08:52.7653755Z",
      "updatedTime": "2021-03-24T18:08:52.7653755Z",
      "createdUserId": "478b1ca5-fac4-4940-bda1-873c551431ee",
      "updatedUserId": "478b1ca5-fac4-4940-bda1-873c551431ee",
      "versionNumber": 0,
      "componentId": "00000000-0000-0000-0000-000000000000"
    }
  ],
  "botMessages": [
    {
      "channelContent": {
        "web": {
          "contentFormat": "Markdown",
          "content": "As equipas fazem parte do Microsoft 365, por isso precisas de uma licença microsoft 365 para a utilizares.\r\n\r\nEspecificamente, precisa de uma destas licenças:\r\n\r\n- Business Essentials ou  Business Premium\r\n- Empresa F1, F3, E1, E3 ou E5\r\n- As licenças microsoft 365 A para educação/escola também incluem equipas.\r\n\r\n\r\nRead[como obter acesso às Equipas microsoft](https://support.microsoft.com/en-us/office/how-do-i-get-access-to-microsoft-teams-fc7f1634-abd3-4f26-a597-9df16e4ca65b) para mais informações.\r\n\r\nPara adicionar alguém da sua organização às Equipas, basta abrir a app e adicioná-lo a uma equipa. Receberão automaticamente um e-mail com o convite.\r\n\r\n[Para uso privado, as equipas são](https://www.microsoft.com/en-us/microsoft-365/microsoft-teams/teams-for-home) gratuitas."
        }
      },
      "id": "dcdd7bb9-d1ce-4336-9c78-2493beebaf0d",
      "createdTime": "2021-03-24T18:08:52.7653755Z",
      "updatedTime": "2021-03-24T18:08:52.7653755Z",
      "createdUserId": "478b1ca5-fac4-4940-bda1-873c551431ee",
      "updatedUserId": "478b1ca5-fac4-4940-bda1-873c551431ee",
      "versionNumber": 0,
      "componentId": "00000000-0000-0000-0000-000000000000"
    }
  ],
  "createdUtc": "0001-01-01T00:00:00Z"
}